case_id	period	raw_quadgram_score	parameter_penalised_score	effective_key_representative	plaintext
SYNTHETIC_P01	1	-1703.75092077	-1706.31587013	A	ENJOYINGTHETRANSITORYLIGHTANDTHENRETIREDTOTHEINNANDCONTEMPLATEDTHELOVELYSCENEOFWATERSWOODSANDMOUNTAINSOBSCUREDINDARKNESSYETSTILLDISPLAYINGTHEIRBLACKOUTLINESTHEWINDWHICHHADFALLENINT
SYNTHETIC_P01	2	-2934.02079678	-2939.15069549	YM	EDLEVNISRRHBYHACLORJOVLUENQFCBQARLRPNRRHVAOLWHJFBKLOUANSBYMYRKFLEYDCTYEGQLCHGMNCFLQPXIWGEHQZMILYPHSOTITNXBDHECAFKLYYYMEMYTESPFJLLMGZJYZSVTGMTLJFDPZSWAURFLLJSRHASQKICPHDCQYDCFIOYHIN
SYNTHETIC_P01	3	-2875.04761171	-2882.74245979	AGS	JFCMZGTBRHHHABVBXTYLVRNKARHTFFARRFDRRXKRGURWNHBJDGFMJVZKCFEGQLLFEKITYOSERAIDBEABIXALOBQWBODIFMJENINSIBSHUANDIKHDYENYSKXETVTETSDHJKVBLVNASIRTIHBICYOATDVRILBERQMGAPHLGWTBDPEBDXAYNESJ
SYNTHETIC_P01	3	-2885.652668	-2893.34751607	QKA	BDLCDOTMRHLHFMVBBTYJVRRKFRDJFNFRRVDRRXGRGCRWNHBJIEOCNCZILFIOQJHFISATYESERLEDFMFMENETOMQWFOIGBCNMNGASMISFUARDAIDTCMNGSKAETVTETSIFFAVJDVNQSIRTEHBIHYBQTKVRELBMRQIGAXMJCMXJIPARDFFYNUSJ
SYNTHETIC_P01	3	-2886.49441576	-2894.18926383	AMG	JCIMFUTLRHNHALVBDTYIVRTKARATFTARRFDRRXDRGIRWNHBJDDLMPJZHIFKUQIEFKYITYOSERQBDGSALBXGZOLQWHODFLMPSNFKSOOSEUATDIHADESNFSKCETVTETSDECKVPLVNASIRTBHBICYLATQVRBLBSRQFGADHIMWZPDPKBDLAYNESJ
SYNTHETIC_P01	3	-2889.79520559	-2897.49005367	AQA	JALMJOTJRHRHAJVBHTYGVRXKARDTFNARRFDRRXGRGCRWNHBJDWOMSCZFLFOOQGHFOSITYOSERIEDLMAJEXKTOJQWLODDBMTMNDASSISCUAXDIFDDIMNDSKGETVTETSDCFKVJLVNASIRTEHBICYBATKVRELBMRQIGAXHOCWCJDPABDFAYNESJ
SYNTHETIC_P01	3	-2900.97692108	-2908.67176915	SMC	ACKEFQTLRHNHELVBDTYIVRTKERCLFPERRXDRRXFRGERWNHBJHDAEPFZHKFKQQIGFKUMTYGSERQDDGOELDPGVOLQWHOHFAEPONFMSOKSEUATDMHCVEONFSKCETVTETSHESCVKCVNSSIRTDHBIGYASTMVRDLBORQHGAZUIBPZLHPMTDHEYNWSJ
SYNTHETIC_P01	3	-2907.31266928	-2915.00751735	SSQ	AMDELETIRHTHERVBITYFVRZKERILFDERRXDRRXLRGSRWNHBJHAGEVTZEDFQEQFMFQIMTYGSERHJDNCEIRPMIOIQWNOHCOEVDNCFSUYSBUAZDMEIVKCNCSKIETVTETSHBKCVZCVNSSIRTJHBIGYGSTAVRJLBCRQAGANUFHPFZHPFTDVEYNWSJ
SYNTHETIC_P01	3	-2920.99405956	-2928.68890764	GQC	WAKTJQTJRHRHKJVBHTYGVRXKKRCZFPKRRLDRRXFRGERWNHBJAWASSFZFKFOQQGGFOUFTYUSERIDDLOKJDDKVOJQWLOADASTONDMSSKSCUAXDFFCJIONDSKGETVTETSACSQVKIVNGSIRTDHBIMYAGTMVRDLBORQHGAZEOBCCLQPMGDHKYNKSJ
SYNTHETIC_P01	3	-2950.5172224	-2958.21207048	GYQ	WVDTQETFRHZHKFVBPTYCVRFKKRIZFDKRRLDRRXLRGSRWNHBJAKGSBTZBDFWEQCMFWIFTYUSEREJDTCKFRDSIOFQWTOAMOSBDNMFSAYSLUAFDFBIJQCNMSKOETVTETSALKQVZIVNGSIRTJHBIMYGGTAVRJLBCRQAGANECHCLZQPFGDVKYNKSJ
SYNTHETIC_P01	4	-2868.96196079	-2879.22175822	ACIM	IKENNUWKTRHHHAAEWYOCTJRSEQKUTFUPXHNLREAFVDWHPBHAJADANFLYUTRQOYITHVCYFCWSQDBMDWVEMEGISEYEDCHISOVOYMCISERNNDQVDXQFHMYMBOKCVTPFFSTLAKVFIOPIVDTRHDHBLOWABSTVITBLMJBCCUKJMIFZCNKFBDMAYMID
SYNTHETIC_P01	4	-2894.67507839	-2904.93487582	QAII	ALENDSWKTRHNHAABBYOEIJRORQKDIFUKXINARCABVEWJPZHABODCDCLUMTRQFYITMVCYVCWSQEBBDUVAEFGKICYAIDHKIMVKYACKSCRJNEQVDVQFMAYBRMKYVTPHFSTHFLVHYMPEVETRHBHBDOWCRSTRATBACJBYHUKLCIFVHNKYRDMXYNIA
SYNTHETIC_P01	4	-2894.79338837	-2905.0531858	QAOW	ALBNDSCKTRECHAGOBYOKIJRCRQHJIFAYXIGGRCHPVEWCPZHABOAIDCRIMTKQFYPTMVMYVCCSQELHDUBOEFDDICEOIDEDIMBYYAMDSCXXNEQVDVQFMAYHRMKMVTPAFSTVFLVAYMPSVETRHBHBDOCIRSYFATLGCJHMHUHECILJHNHARDSKYNIA
SYNTHETIC_P01	4	-2895.74139881	-2906.00119624	AQOW	IDBNNICKTRECHAGOWYOKTJRCEQHJTFAYXAGGRSHPVJWCPPHAJGAINTRIUTKQOYPTHVMYFCCSQJLHDKBOMKDDSSEODIEDSCBYYFMDSSXXNJQVDLQFHFYHBCKMVTPAFSTVADVAICPSVJTRHRHBLOCIBSYFITLGMJHMCUHEMILJCNHABDSKYFIR
SYNTHETIC_P01	4	-2910.16629124	-2920.42608867	QAUE	ALLNDSIKTRBLHAMWBYOGIJRKRQEFIFGGXIDCRCNXVEWLPZHABOKEDCXQMTHQFYVTMVJYVCISQEIDDUHWEFAMICKWIDBMIMHGYAJMSCDFNEQVDVQFMAYDRMKUVTPJFSTDFLVJYMPAVETRHBHBDOMTRSEMATICCJNUHUEACIRRHNEJRDYSYNIA
SYNTHETIC_P01	4	-2911.14923286	-2921.40903029	QCOS	AKBNDUCKTREEHAGKBYOMIJRYRQHLIFAUXHGIREHLVDWEPBHABAAKDFREMTKQFYPTMVMYVCCSQDLSDWBLEEDFIEEKICEFIOBUYMMFSEXTNDQVDXQFMMYJROKIVTPCFSTRFKVCYOPOVDTRHDHBDOCKRSYBATLRCJHJHUHPCILEHNHCRDSGYMID
SYNTHETIC_P01	4	-2911.69329834	-2921.95309577	MGGW	CIFNZYUKTRICHAYODYOKEJRCLQLJFFSYXFKGRIZPVBWCPFHADLEIZJJIBTBQBYHTBVDYRCUSQBCHDATOGCHDEIWOKAIDESTYYKDDSIPXNBQVDBQFBKYHNSKMVTPAFSTVHIVAUSPSVBTRHHHBFOGINSQFCTCGYJZMJUOEYICJJNLANDKKYKIH
SYNTHETIC_P01	4	-2913.15038395	-2923.41018138	ASEC	ICGNNKSKTRYMHAXUWYOHTJRIEQMGTFQEXMLDRUXVVIWMPRHAJFFFNVHOUTCQOYFTHVEYFCSSQIDEDMRUMJXASUVUDHJASEREYETOSUMCNIQVDNQFHEYEBEKSVTPKFSTBACVKIEPYVITRHTHBLOHFBSOLITDDMJXSCUMBMIBPCNMKBDIQYEIT
SYNTHETIC_P01	4	-2918.24703646	-2928.50683389	IAUS	ELLNVSIKTRBEHAMKFYOMAJRYAQELBFGUXIDIRCNLVEWEPZHAFOKKVCXEDTHQXYVTDVJYNCISQEISDUHLIFAFACKKMDBFAMHUYAJFSCDTNEQVDVQFDAYJJMKIVTPCFSTRJLVCQMPOVETRHBHBHOMKJSEBETIRUJNJLUEPUIRELNECJDYGYNIA
SYNTHETIC_P01	4	-2923.8630147	-2934.12281213	OAEM	BLGNBSSKTRYHHAXECYOCGJRSKQMUHFQPXILLRCXFVEWHPZHACOFABCHYATCQDYFTAVEYTCSSQEDMDUREFFXIGCVEQDJIHMROYATISCMNNEQVDVQFUAYMOMKCVTPFFSTLGLVFWMPIVETRHBHBEOHAPSOVBTDLAJXCIUMJAIBZINMFPDIAYNIA
SYNTHETIC_P01	5	-2873.48259163	-2886.30733842	CAEAE	KILVTOSSKJMEVKOUTBRTUQLRBLULHXDXGACHDRDXRJNQNPZHAJFDZAYENNGEUDYUGEZXOIDQRFDBTCVQEKMEQUCUTWALLCNOCRMUSKUARSBBHDDULLDOJEMLTPYCQETTYIYILVTOWESJYCPLMITATERVESCKARJWUOAAFPJBMMKILLLGPOCJ
SYNTHETIC_P01	5	-2875.20701599	-2888.03176278	WMAAM	ACAVTIEOKJCLVKOOFBRTUQARKLUHHFGXIALBDRDFRDNQNPLHAJIKZAYYZNGEUKLUVELSORGQRFMVTCVYHEBEQOOQTWDFACNIONMUSEUARSNBHDRUNLMJJBMLTPYCQETTYIYCNVTOIBSJYPPLIIEATMRVTSLKAMJEJOCABIJXMUACALHABKCR
SYNTHETIC_P01	5	-2880.99150848	-2893.81625527	OAEOU	EILVTASSKJGEVDOGTBFTUQLRGLULHNKXGGHTDRRNRJNQNPZHAJMDZGYQNNUEUDYALEZXDYKQRLINTCJGLKMKQGCUHWHLLINACRAUSKUGRSBBVDKULEIAJEALTPYIQETTMIYILVTOWESJYCPEEITAHURVESHKARJMAOANKAJBBCEILEDSPOQZ
SYNTHETIC_P01	5	-2891.28029919	-2904.10504597	AUAAS	LLAVTMMOKJAHVKOSNBRTUQARHLUHHLEXIAIFDRDLRWNQNPSHAJGQZAYCGNGEUGLUMETSOWEQRFJZTCVEFABEQSWQTWBYACNMXNMUSXUARSUBHDEUNLJMJBMLTPYCQETTYIYVNVTORBSJYFPLFINATSRVTSIKAMJKHOCALMJXMALLALEEJKCX
SYNTHETIC_P01	5	-2892.58427525	-2905.40902203	CUKAE	KLIVTOMYKJMHVKOUNBRTUQIRBLURHXDXDACHDRDXRWNQNPSHAJFQZAYEGNGEUGGUGETCOIDQRFDBTCVQEAJEQUWATWAYICNOXXMUSXUARSUBHDDUILDOJKMLTPYCQETTYIYVIVTORKSJYFPLMINATERVBSCKAXJWUOKAFPJHMMKLILLGJUCJ
SYNTHETIC_P01	5	-2903.63307095	-2916.45781773	QAUAA	DIDVTCSIKJFEVKOITBRTUQNRDLUAHTJXLAEVDRDTRJNQNPZHAJLDZAYSNNGEUDBUIEZMOEJQRFFPTCVMKKEEQICKTWOLDCNDCHMUSKUARSBBHDJUDLFCJUMLTPYCQETTYIYIDVTOWUSJYCPLBITATARVJSEKAHJSMOFAHCJRMIDIDLAUPECF
SYNTHETIC_P01	5	-2908.90596056	-2921.73070735	CUASA	KLAVTOMOKJMHVBOUNBJTUQARDLUHHTDXIEEHDRVTRWNQNPSHAJFQZEYEGNYEUGLLIETSHEDQRJFBTCNMEABIQUWQLWAYAPNOXNFUSXUERSUBZDDUNCFOJBELTPYGQETTQIYVNVTORBSJYFPCBINALARVTSEKAMJSUOCEHPJXEIKLACAGJKUF
SYNTHETIC_P01	5	-2909.38290977	-2922.20765656	CSSYK	KMEVTOKGKJMIVLOULBPTUQERLLUZHDDXMNMHDRADRANQNPRHAJFHZBYEFNEEUHCIDERKNODQRGABTCTWEXFFQUVIRWACEDNOUFKUSBUBRSTBFDDUEMAOJSKLTPYDQETTWIYMEVTOOSSJYGPMJILARKRVKSMKAFJCUOGBCPJPKSKMEMIGHCAP
SYNTHETIC_P01	5	-2913.10250759	-2925.92725438	USAUC	BMAVTGKOKJDIVAOMLBLTUQARCLUHHVHXIDDZDRXVRANQNPRHAJJHZNYWFNBEUHLKHERSJGHQRIETTCPOIXBHQMVQNWECAFNGUNGUSBUNRSTBADHUNBEGJBGLTPYFQETTSIYMNVTOOBSJYGPBOILANDRVTSDKAMJUKOCDGGJXGKBMAYMYHKXH
SYNTHETIC_P01	5	-2913.96301842	-2926.7877652	OGEYS	EFLVTAYSKJGBVLOGZBPTUQLRHLULHLKXGNITDRALRGNQNPFHAJMAZBYQTNEEUAYIMEFXNWKQRGJNTCTELHMFQGIURWHILDNAIRKUSHUBRSHBFDKULMJAJEKLTPYDQETTWIYFLVTOCESJYMPMFIZARSRVESIKARJKAOABLAJBKAEFLMESVOAX
SYNTHETIC_P01	6	-2750.47146273	-2765.86115887	CKGACS	HIFTDROCULITXJGLAVBBTBVIAUHADIUETDVHHTFEWERHJTPRUTAMNCONJNMYQGEIFYFIZOGCSABADRDETTQIQIQDKFWFOEVETJUFXLTNPATTIMENKJECTICEBYPDXJETSYIRHTVRTICTJTHTITAIRICTQJVWSQMHAPHACQPJOYFAKEDCLOMV
SYNTHETIC_P01	6	-2753.00410604	-2768.39380219	CMIQAS	HHETEROEWLITXOFDBVBCTRTIAUXFEIUEUTTHHTERWERHLIPRUAMENCOOLDMYQFDAGYFKBEECSMAFERDGVJOIQHQILFWHOUTETIDKXLTPQQTTILDNLJEEVIAEBYPIXJETSOIRHTVRTICTJTHTITMARICTSZVWSQPMBPHAFGNJOYEFLEDCNEKV
SYNTHETIC_P01	6	-2762.46055555	-2777.8502517	AMQEAU	IHATERMEELITXOBJBVBCTFTIBUCLERSEDHTIITACWDRHTXPTHAIKNBNOTRMAQFMGGYFKJSECSMJLEHDGDXOLQHQBLEWHOITGTIMDXKTPYETVJLMNLICEDIAGCYPBXIETSCITITVRTHATJTHVJTIGRHATANVYSQHFBPHAMUNJBYALLDACVSKX
SYNTHETIC_P01	6	-2764.33746672	-2779.72716286	AMIQAU	IHETERMEWLITXOFDBVBCTRTIBUXFERSEUTTIITERWDRHLIPTHAMENBNOLDMAQFDAGYFKBEECSMAFEHDGVJOLQHQILEWHOUTGTIDKXKTPQQTVJLDNLICEVIAGCYPIXIETSOITITVRTHATJTHVJTMARHATSZVYSQPMBPHAFGNJBYEFLDACNEKX
SYNTHETIC_P01	6	-2765.56522703	-2780.95492318	AWAQIC	ICITARMOOLITXDJDKVBNTRBIBUKFADSENTBRITIRWNRHDIPAHIDENKNYDDMIQAHATYFUTENCSHEFADDQNJWTQCQIHAWROUBOTDHKXGTZIQTDJGHNHECONIIOCYPIXEETSOIBITVRTDATJTHDJTDARDATKZVGSQCMKPHAWGVJBYIFHMACFESF
SYNTHETIC_P01	6	-2767.74073076	-2783.13042691	CKGEAS	HIFTEROCULITXJGJBVBBTFTIAUHLEIUETHTHHTFCWERHJXPRUTAKNCONJRMYQGEGGYFIZSECSABLERDETXOIQIQBLFWFOITETJUDXLTNPETTIMENLJECTIAEBYPBXJETSCIRHTVRTICTJTHTITAGRICTQNVWSQMFBPHACUNJOYFLLEDCLSKV
SYNTHETIC_P01	6	-2768.82476044	-2784.21445658	AMAQAS	IHITERMEOLITXOJDBVBCTRTIBUKFEISENTTHITIRWERHDIPRHADENCNODDMYQFHAGYFKTEECSMEFERDGNJOIQHQILFWHOUTETIHKXLTPIQTTJLHNLJCENIAECYPIXJETSOIRITVRTIATJTHTJTDARIATKZVWSQCMBPHAWGNJBYIFLEACFEKV
SYNTHETIC_P01	6	-2775.0251503	-2790.41484644	CMQEAS	HHATEROEELITXOBJBVBCTFTIAUCLEIUEDHTHHTACWERHTXPRUAIKNCOOTRMYQFMGGYFKJSECSMJLERDGDXOIQHQBLFWHOITETIMDXLTPYETTILMNLJEEDIAEBYPBXJETSCIRHTVRTICTJTHTITIGRICTANVWSQHFBPHAMUNJOYALLEDCVSKV
SYNTHETIC_P01	6	-2787.09813547	-2802.48783162	SQYEAA	MFJTEREIMLITXGKJBVBHTFTIFULLEEKELHTPMTJCWARHBXPZLLEKNLFSBRMGQDIGGYFORSECSSFLEEDLLXORQFQBLBWLOITMTGIDXHTTGETBARINLFUJLIAMGYPBXFETSCIZMTVRTESTJTHBWTEGRETTINVESQDFBPHAUUNJFYJLLASCDSKD
SYNTHETIC_P01	6	-2787.48539829	-2802.87509444	IMIQSO	EHETIRUEWLITXOFDFVBCTRLIKUXFIKAEUTLDETERWGRHLIPNDAMENEVOLDMUQFDAKYFKBEWCSMAFIKDGVJGFQHQICHWHOULATIDKXUTPQQTOFLDNCLKEVISALYPIXLETSOINETVRTKITJTHPFTMARKITSZVSSQPMFPHAFGFJKYEFCGICNECR
SYNTHETIC_P01	7	-2746.54505968	-2764.49970518	CKIASMI	MDCRITROCXLITGYJEEUKNTLAIRSLDFENRECVZMDROANIQWOUCHAISNOUCODQYBERYITELADSSEELAATCVFEXNLQLFFJXEOFKYVSFUNRKVLLTABSDECYLTCTCXKQENSKVHINCCMVQMOIJPGOWKQEIDATTSTHAMPUOLVBHAPCVOYEACHDCNOCP
SYNTHETIC_P01	7	-2747.45053482	-2765.40518032	OCAMSMI	NHGRITRBUPLITGYOILUKNTCSIRSLKJINRECHREDROANMQDOUCHAIFNOUJOHQYBEDYATELAKSSLELAMTCHFEXNCQFFFJXWORKYVLJUHRKVWDTNBSDLUYFTCTOOKCENSEVLCNCCYVIYOIJPKODKQEIVAETSTBEDPUOLHTHAPCVHYINCHOCFBCP
SYNTHETIC_P01	7	-2751.32500744	-2769.27965294	ASWASYS	AMIRITRMKLLITGYFKEUENTTOIRELEBKNRLKTHADRAKNEQWOIKHAISNBEDOJQYIMPYWTEXKESSEEFIYTCVFQHNHQLFMEXMOFKKFFBUNREVITTABEDFLYLTJTAFKQEZSLVAINJKKVEMOUTPCOWKQMILATTSDIJFPUCPTJHAPPEBYKACNACBOCA
SYNTHETIC_P01	7	-2753.25725365	-2771.21189915	ASIAAMI	AMCRETRMKXLITGYFEEUKNTTAIRSLEBENRECTHMDROANEQWOUCHAISNOUDODQYBEPYITELAESSEALAYTCVNEXNHQLBFJXMOFSYVFBUNRKVITTABSDFLYLTCTAFKQENSLVHINCCKVQMOIJPCOWGQEILATBSTIJMPHOLTJHAWCVBYEALHACNOKP
SYNTHETIC_P01	7	-2757.74746561	-2775.70211111	WMAASYS	CCGRITRIEPLITGYIIEUENTNSIRELGEINRLKPBEDRAKNHQWOIKHAISNBEFOHQYIMLYATEXKGSSEEFIUTCVFQHNQQLFMEXHOFKKFHEUNREVENTABEDHBYLTJTWZKQEZSAVLINJKGVIMOUTPFOWKQMIFATTSDKMDPUCPPDHAPPEDYIACNWCFOCA
SYNTHETIC_P01	7	-2758.65736961	-2776.61201512	SMWASYQ	ECIRITREELLITGYIKEUENTNOIRELIEKNRLLLBADRAINHQWOILHAISNBCQOJQYIAGYWTEXIISSEEFJQTCVFQFNQQLFMFXHOFKKDJEUNREVANTABEDJBYLTJTSZKQEZSCVAINJLCVEMOURPFOWKQAIFATTSBMMFPUCHLDHAPPDFYKACNSCBOCA
SYNTHETIC_P01	7	-2762.83725929	-2780.79190479	ACAMSYE	AHGRITRMUPLITGYOILUENTCSIRELEJINRLETREDRAWNMQDOIEHAIFNBQDOHQYIGPYATEXWESSLEFCYTCHFQTNCQFFMLXWORKKRFJUHREVIDTNBEDFUYFTJTAOKCEZSLVLCNJEKVIYOUFPKODKQGIVAETSPIEDPUCATTHAPPRBYINCNACFBCA
SYNTHETIC_P01	7	-2764.03762579	-2781.99227129	WOWASYS	CBIRITRIGLLITGYHKEUENTPOIRELGDKNRLKPDADRAKNGQWOIKHAISNBEFOJQYIMLYWTEXKGSSEEFIUTCVFQHNJQLFMEXIOFKKFHDUNREVEPTABEDHAYLTJTWBKQEZSAVAINJKGVEMOUTPEOWKQMIHATTSDKLFPUCPPFHAPPEDYKACNWCBOCA
SYNTHETIC_P01	7	-2765.70545006	-2783.66009556	UCAMSME	DHGRITRGUPLITGYOILUKNTCSIRSLHJINREENREDROWNMQDOUEHAIFNOQGOHQYBGJYATELWHSSLELCSTCHFETNCQFFFLXWORKYRIJUHRKVCDTNBSDIUYFTCTUOKCENSBVLCNCEEVIYOIFPKODKQGIVAETSPLEDPUOANTHAPCREYINCHUCFBCP
SYNTHETIC_P01	7	-2767.0737009	-2785.02834641	AMAASMI	ACGRITRMEPLITGYIIEUKNTNSIRSLEEINRECTBEDROANHQWOUCHAISNOUDOHQYBEPYATELAESSEELAYTCVFEXNQQLFFJXHOFKYVFEUNRKVINTABSDFBYLTCTAZKQENSLVLINCCKVIMOIJPFOWKQEIFATTSTIMDPUOLTDHAPCVBYIACHACFOCP
SYNTHETIC_P01	8	-2816.1449604	-2836.66455526	AQASIEEM	ILERTRYHMJPLJSGMEUQERQMUTJQZLVKGXLIKERHHQSSLQHHFDEACUERKNTCENKFLHSDRQRDSECOTFGDSEIDEQBYITSQLWYPQUKKLNCQCSSJTTFATHDYKVEPFBCKIFETHIFVKERTRICOPJTJTDVEIVEDRATLAUJKAAUBHLNMYMIWFRDKXYFIR
SYNTHETIC_P01	8	-2822.61368847	-2843.13328333	AOAMAEEM	IMERTRYHMHPLJSGMEUQHRQMUTJQTLVKGXMIAIRHHQQSFQHHFDFAFUERKNRCYNKFLHSDRQRDSECOTFGDSEJDHQBYITQQFWYPQULKBNCQCSQJNTFATHEYAVEPFBAKCFETHINVAIRTRIBOJBTJTDVELVEDRATLUUJKAAUBKCNMYMIWZJDKXYGIP
SYNTHETIC_P01	8	-2823.01284361	-2843.53243847	AQASIICU	ILERTRYDMJPLJSGUEUQERQAUTJQZLVIGXLIKERIDQSSLQHFNDEACUCRGNTCENOFTHSDRQRESECOTFGBSEIDEQMYETSQLWCPYUKKLNRQLSSJTTIABHDYKVCPBBCKIFITPIFVKERTRICOPJTJTDVEIVTERATLAUMKAAUBHLNABMIWFRDIEYFIR
SYNTHETIC_P01	8	-2823.54664564	-2844.0662405	AQYSOICU	ILFRTRYDMJNLJSGUEUQERQAUTJQZLVIGXLVKBRIDQSRLQHFNDENCUCRGNTBENOFTHSERQRESECMTFGBSEIEEQMYETSOLWCPYUKLLNRQLSSHTTIABHDYKVCPBBCKIFITPIFVKBRTRICOPPTJTDVRIVTERATIAUMKAAUCHINABMIUFXDIEYFIR
SYNTHETIC_P01	8	-2827.08488607	-2847.60448093	SCKOIICU	MFMRTRYDEVZLJSGUIUQGRQAULJQVLVIGXFDMERIDQECHQHFNHLIEUCRGFFMANOFTLSLRQRESWCYTFGBSICLGQMYELEAHWCPYUEFUNRQLSETOTIABLKYMVCPBTOKEFITPMMVMERTRAOOLJTJTHVMKVTERSTVWUMKAEUJJLNABEIGBRDIEYMID
SYNTHETIC_P01	8	-2832.20242643	-2852.72202129	SKYYEICM	MBFRTRYHEDNLJSGMIUQBRQAULJQFLVIGXTVHGRIHQNRRQHFFHHNMUCRKFNBKNOFLLSERQRESWCMTFGBSILEBQMYILMORWCPQUALINRQCSMHZTIATLYYHVCPFTXKOFITHMIVHGRTRAWOVFTJTHVRFVTERSTIGUMKAEUCEANAYEIULNDIXYIIL
SYNTHETIC_P01	8	-2833.08334446	-2853.60293932	AOYOIECM	IMFRTRYHMHNLJSGMEUQGRQAUTJQVLVIGXMVMERIHQQRHQHFFDFNEUERKNRBANKFLHSERQRESECMTFGBSEJEGQBYITQOHWYPQULLUNCQCSQHOTFATHEYMVEPFBAKEFETHINVMERTRIBOLJTJTDVRKVEERATIWUJKAAUCJLNAYMIUBRDIXYGIP
SYNTHETIC_P01	8	-2834.31136227	-2854.83095713	QOSWEGCW	AMIRTRYCCHHLJSGWRUQCRQAUIJQDLVIGXMMIGRICQQKPQHFPIFEAUTRFDRUINNFVMSQRQRESUCHTFGBSRJHCQAYDIQIPWAPAULBJNBQKSQBXTHADMEYTVDPARAKNFGTRANVIGRTRYBOTFTJTIVIGVDERQTDEULKAFUFFANAACIOJNDIGYGIP
SYNTHETIC_P01	8	-2836.06932783	-2856.58892269	SUYYEICC	MTFRTRYMEMNLJSGCIUQBRQAULJQFLVIGXJVHGRIMQWRRQHFVHCNMUCRCFXBKNOFBLSERQRESWCMTFGBSIGEBQMYALWORWCPGUILINRQHSWHZTIAJLBYHVCPYTGKOFITWMDVHGRTRAGOVFTJTHVRFVTERSTIGUMKAEUCEANAKEIULNDIMYDIV
SYNTHETIC_P01	8	-2836.60766363	-2857.12725849	AQWWIACQ	ILGRTRYFMJLLJSGQEUQCRQAUTJQDLVIGXLKIERIFQSOPQHFJDECAUGRINTYINGFPHSFRQRESECKTFGBSEIFCQDYGTSMPWUPUUKMJNEQASSFXTBAXHDYTVGPDBCKNFATLIFVIERTRICOTJTJTDVGGVGERATHEUFKAAUDFLNADMISJRDIAYFIR
SYNTHETIC_P01	9	-2771.55229235	-2794.63683656	GGAQAQIQG	DBETEYNJVTZPLJSGRHNBQOHXNRBRNLUGHAFTRWAINFMWORHDIPPHBJQLUQLUVLIFEPZATEOYNBEEFCKJADANIOGELYKIALOMSCUSIMDVUSTOKIFULDTATIYMJACKHEIVAATARTBQUICPNITIFREATKRQFHTKYVVKATAMAGLAJYKDTJDGBICL
SYNTHETIC_P01	9	-2774.91095018	-2797.9954944	GGAQAAAQY	DBETEYNJVTZPLJSGRHNBQOHXARFRNLUGHTFLRWAINADWORHDIPZHBJQLUQLUVLMFEPZATEOQNBEEFKBJEDANIOQWLQKIALOHSCISIMDVESTHKIFULLTATIYMJAMKHEIVAATIETFQUICPXBTIFREATFRQJHTKYVFKALAMAGLINYBDTJDGLBCD
SYNTHETIC_P01	9	-2775.09400797	-2798.17855219	GGAQAOAQG	DBETEYNJVTZPLJSGRHNBQOHXARBRNLUGHTFTRWAINGDWORHDIPNHBJQLUQLUVLIFEPZATEOYNBEEFDBJADANIOEWLYKIALOASCUSIMDVSSTOKIFULETATIYMJAAKHEIVAATBETBQUICPLBTIFREATLRQFHTKYVTKATAMAGLBNYKDTJDGZBCL
SYNTHETIC_P01	9	-2780.21821547	-2803.30275968	GGAQAQYQA	DBETEYNJVTZPLJSGRHNBQOHXBRERNLUGHRFNRWAINFEWORHDIPPHBJQLUQLUVLLFEPZATEOSNBEEFCCJDDANIOGULSKIALOMSCHSIMDVUSTJKIFULDTATIYMJACKHEIVAATAFTEQUICPNZTIFREATKRQIHTKYVVKANAMAGLABYADTJDGBYCF
SYNTHETIC_P01	9	-2782.33125162	-2805.41579584	GMAQAAAEI	DLETEYNCVTFPLJSGFHNLQOHXARARTLUGHTFVRWAINADWORHDIPZHBJQIUQLUVEHFKPZATECANLEEFKBCMDGNIOQWZAKFALOHSIDSOMDVESHRKFFULLTGTIEMJAMKVEIVAATIETAQUICPXBTIFREATFRQEHTKYVFKAVAJAGLINYJDZJDGLBCN
SYNTHETIC_P01	9	-2782.91832209	-2806.0028663	GUAQOOSQA	DHETKYNJVTNPLJSGRHNHQOAXERERBLUUHLFNRWAINGHWORHDIPNHBJQEUQEUVLLFSPZOTEOSNHEELDFJDDONICEOLSKYALOASCHSXMDVSSTJKBFUEETATIMMJOAKHEIVAATBITEQUICPLTTIFREATLRQIHTKYVTKANAFAGEBEYADHJDUZSCF
SYNTHETIC_P01	9	-2786.14581156	-2809.23035577	AUAQAQYOA	THETEYNKVMNPLJSGPHNHQOHXBRERBLUGHRFNRWAINFEWORHDIPPHBJQEUQLUVTLFSPZATENSNHEEFCCRDDONIOGUISAYALOMSDHMXMDVUSRJABFULDTBTCMMJACKFELVAATAFTEKUICPNZTIIREATKRQIBTKYVVKANDFAGLABYAXHJDGBYCF
SYNTHETIC_P01	9	-2789.78083944	-2812.86538366	GUAQMMYWA	DHETLYNGVTNPLJSGXHNHQOBXBRERBLUSHRFNRWAINHEWORHDIPLHBJQEUQFUVILFSPZMTEUSNHEEMECGDDONIACURSKYALOBSMHSXMDVQSZJKBFUFFTKTIMMJMYKNEIVAATCFTEQUICPJZTIFREATMRQIHTKYVRKANAFAGFCBYADHJDSXYCF
SYNTHETIC_P01	9	-2790.46084929	-2813.5453935	WGAQAAAEI	IBETEYNCVJZPLJSGFHNBQOHXARARNLUGHTFVRWAINADWORHDIPZHBJQLUQLUVEHFEPZATECANBEEFKBCMDANIOQWZACIALOHSIDIIMDVESHRCIFULLTGTYYMJAMKVEAVAATIETAGUICPXBTIKREATFRQEXTKYVFKAVFMAGLINYJTTJDGLBCN
SYNTHETIC_P01	9	-2790.50973034	-2813.59427456	GIAAAAAQA	DAETEYNJVTBPLJSGRHNAQOHXARERPLUGHTFNRWADNADWORHDSPZHBJQKUQLUVLLFGPZATEOSNAEMFKBJDDCNSOQWLSKHATOHSCHSKMMVESTJKHFULLTATIAMJAMKHEIVAITIETEQUIMPXBTIFREITFRQIHTKIVFKANALABLINYADVJDGLBCF
SYNTHETIC_P01	10	-2703.46281528	-2729.11230886	CGEYAUEMAC	DBERYNRCXOPZTKISHNHBOUINERICADKULHTFROTRNAWOUTQGAKPEHBJNNPMETIFGDRBRSSEEWMEDTSFGCKBELEYHCMUJUQWOORSOQFLEWHUNLESHBECORECUXSNYVBGNIFETSXJSOUIPWDQVERGASDIZAQBSOVVGAQABBYGHLNOJBLICLWAD
SYNTHETIC_P01	10	-2709.20532608	-2734.85481965	WUEYAUESYU	RHERYNRMXOINTKISHTHBOUINERIMBRKULHTFRURINGWOUTQDBYPSHBJNNVKXTBFGDRBRSSESWMEDTSFGFDBELEYEDDOXUQWOOXQGQLLEWHUNMISVBECOREAMXSNYVBGNJJETSXJSOUGHWTQVERGKSHIMAQBSOBVYDQABBYGEMNIJBLICLCYD
SYNTHETIC_P01	10	-2712.85144329	-2738.50093687	YUEYAUEMKU	FHERYNRCXOLNTKISHNHBOUINERICIRKULHTFRODINGWOUTQGIYPSHBJNNPWXTBFGDRBRSSESWMEDTSFGEDBELEYHKDQXUQWOORCGQLLEWHUNGISVBECOREMMXSNYVBGNDJETSXJSOUSHWTQVERGASHIMAQBSOVVYCQABBYGHGNKJBLICLWKD
SYNTHETIC_P01	10	-2713.40230513	-2739.0517987	CGEYAUESYU	DBERYNRMXOPZTKISHTHBOUINERIMBRKULHTFRURINAWOUTQDBYPEHBJNNVKXTIFGDRBRSSEEWMEDTSFGCKBELEYEDDUJUQWOOXQGQFLEWHUNMISHBECOREAMXSNYVBGNJJETSXJSOUGHWDQVERGKSHIZAQBSOBVYAQABBYGEMNOJBLICLCYD
SYNTHETIC_P01	10	-2717.40795803	-2743.05745161	AGEYAUEMGS	EBERYNRCXONZTKISHNHBOUINERICKIKULHTFROZHNAWOUTQGKCPEHBJNNPSUTIFGDRBRSSEEWMEDTSFGDKBELEYHMESJUQWOORYEQFLEWHUNISSHBECOREILXSNYVBGNFKETSXJSOUOFWDQVERGASIIZAQBSOVVWBQABBYGHINMJBLICLWGD
SYNTHETIC_P01	10	-2717.83558846	-2743.48508203	CGEYAUIAQS	DBERYNRIXOPZTKISHBHBOUINERXIFIKULHTFUCJHNAWOUTQMFCPEHBJNNDCUTIFGDRMRSSEEWMEDXSFGCKBELEYAHEUJUQWOOFIEQFLEWHUNDSSHBECORESLXSNYVBENAKETSXJSSUYFWDQVEREGSIIZAQBSSJVWAQABBYEADNOJBLICPKQD
SYNTHETIC_P01	10	-2718.64523411	-2744.29472768	CGEYAUQQQS	DBERYNRVXOPZTKISHQHBOUINERCAFIKULHTFDSJHNAWOUTQEFCPEHBJNNTCUTIFGDRIRSSEEWMEDFSFGCKBELEYFHEUJUQWOOVIEQFLEWHUNDSSHBECORESLXSNYVBANAKETSXJSAUYFWDQVERALSIIZAQBSAZVWAQABBYANDNOJBLICXBQD
SYNTHETIC_P01	10	-2721.06454277	-2746.71403635	WUEAIUQSYU	RHERYNRMXOINTKISHTHBOUINARCMBRKULHBFDURINGWOUTQDBYPSHBJNNVKXTBFFMRIRSSESWOMDFSFGFDBDHEYEDDOXUSWOOXQGQLLQWHUNMISVBHCOREAMXSNLVBANJJETSYJSAUGHWTQIRRAKSHIMATISABVYDQAAKYAEMNIJBNQCXCYD
SYNTHETIC_P01	10	-2721.12938595	-2746.77887952	CGEYAUESQS	DBERYNRMXOPZTKISHTHBOUINERIMFIKULHTFRUJHNAWOUTQDFCPEHBJNNVCUTIFGDRBRSSEEWMEDTSFGCKBELEYEHEUJUQWOOXIEQFLEWHUNDSSHBECORESLXSNYVBGNAKETSXJSOUYFWDQVERGKSIIZAQBSOBVWAQABBYGEDNOJBLICLCQD
SYNTHETIC_P01	10	-2722.42212582	-2748.07161939	GGEYAUEMGA	BBERYNRCXOTZTKISHNHBOUINERICKEKULHTFROZPNAWOUTQGKLPEHBJNNPSCTIFGDRBRSSEEWMEDTSFGAKBELEYHMAYJUQWOORYMQFLEWHUNIFSHBECOREISXSNYVBGNFTETSXJSOUOMWDQVERGASEIZAQBSOVVELQABBYGHINSJBLICLWGD
SYNTHETIC_P01	11	-2702.23532009	-2730.44976302	AOQQCOQGAYW	EMJYNRVHOWANHEKITHHHAPARRXHGRXGVTHHIFORIVECRTQZFKALBQCUIGNSORSTNEEESSRNRRJFLDOTEHASDAMQKAEFLAASHUNGSACTPAULTAFLYLATPYMQLSMIQDKEFGSSFENYPPEOWTEVBSITGPGAJQBHHPFGHIPACASFHBYEDJXKEYGIP
SYNTHETIC_P01	11	-2705.61969709	-2733.83414003	ACAACQQGAYW	EFEYNRVHOWANVOKITHHHAPAREXHFRXGVTHHTFOTIVECRTCZAKMLBQCUIVNCOTSTNEEESSRNRRJFLDOTEHASDAMQKAKAGAMSHUNGSOMDPCULTAFLYGITHYMQLSMIANKHFGSSFENYPPDOWTEVBSITGRGAJQBHAPAGGIPACASTHBYGDJXKEYMID
SYNTHETIC_P01	11	-2706.44014311	-2734.65458604	AUMQSOQGAYW	ETLYNRVHOWANMAKITHHHAPARLXMGRXGVTHHFFERIVECRTGZFCALBQCUINNSERSTNEEESSRERRJFLDOTEHRSDAMQKABHLFASHUNGSGYTFAULTAFLYTATPYMQLSMINDKEFGSSFENYPPEOWTEVBSITGPGAJQBHEPFUHIPACASLHBPEDJXKEYDIV
SYNTHETIC_P01	11	-2707.15992451	-2735.37436744	AOQQCISGAYW	EMJYNRVHOWANHEKITHHHAPARRXHJIXGVTHHIFOLLVECRTQZFKDKBQCUIGNSOLUTNEEESSRNRRJFLDOTEHASDAMQKAEFLADSHUNGSACTPUULTAFLYLATLYMQLSMIQDKZFGSSFENYPPHOWTEVBSITGJGAJQBHHPFGKHPACASFHBYYFJXKEYGIP
SYNTHETIC_P01	11	-2708.46506548	-2736.67950841	AOQQCISSWUW	EMJYNRVBOWANHEKITHTHAPARRXHJIBIVTHHIFOLLGACRTQZFKDKIQEUIGNSOLUFNAEESSRNRRDHADOTEHASDMIMKAEFLADSBUDGSACTPUUXTXFLYLATLYGQASMIQDKZFSSOFENYPPHOWTGVBSITGJGAJMBHHPFGKHPCEASFHBYYFJTGEYGIP
SYNTHETIC_P01	11	-2710.27739859	-2738.49184152	SOAQCOQGAYE	IMEYNRVHOWYFHOKITHHHAWEREXHGRXGVTZHTFORIVECRTQZFKALBQCUIGNSORSTNEEISSRNRRJFLMGTEHASDAMQSEEALAASHUNCKAMTPAULTANCYGATPYMQLSEIADKEFGSSFINYPPEOWTEVTSITGPGAJQBLHPFGHIPACJKFHBYEDJXKMYGIP
SYNTHETIC_P01	11	-2713.20847559	-2741.42291852	AOQQCIGSMUW	EMJYNRVBOWANHEKITHTHAPARRXHJBBAVTHHIFOLZGQCRTQZFKDDIQEUIGNSOLIFNAEESSRNRRDMADOTEHASDMYMKAEFLADSBUDGSACTPUUXTXFLYLATLYGQASMIQDKZFSSOFENYPPHOWTGVBSITGJGAJMBHHPFGKAPHEASFHBYYTJJGEYGIP
SYNTHETIC_P01	11	-2714.75006104	-2742.96450397	AOQQCICQOYW	EMJYNRVCOWANHEKITHRHAPARRXHJDCMVTHHIFOLVESCRTQZFKDFJQCUIGNSOLEDNEEESSRNRRELLDOTEHASDKAQKAEFLADSXUNGSACTPUUUTAFLYLATLYHQLSMIQDKZFQSSFENYPPHOWTEVBSITGJGAJQBHHPFGKCPGCASFHBYYPJLKEYGIP
SYNTHETIC_P01	11	-2716.56527138	-2744.77971431	AOQQCOQIKYW	EMJYNRVGOWANHEKITHJHAPARRXHGRGBVTHHIFORIWOCRTQZFKALAQCUIGNSORSVNEEESSRNRRIALDOTEHASDCWQKAEFLAASGUNGSACTPAUNTAFLYLATPYLQLSMIQDKEFISSFENYPPEOWTEVBSITGPGAJQBHHPFGHIPICASFHBYEDJHKEYGIP
SYNTHETIC_P01	11	-2719.07209682	-2747.28653976	ACAACOAIKYW	EFEYNRVGOWANVOKITHJHAPAREXHGEGBVTHHTFORTWOCRTCZAKAGAQCUIVNCORCVNEEESSRNRRIALDOTEHASDCWQKAKAGAASGUNGSOMDPAUNTAFLYGITPYLQLSMIANKEFISSFENYPPEOWTEVBSITGPGAJQBHAPAGHDPICASTHBYENJHKEYMID
SYNTHETIC_P01	12	-2639.93759155	-2670.71698384	IOGAWYAQCASU	CKINGVXGWYFLVGUKITHRGBLMGVKEMTITHEADBETDONEDQDLNDMRDOIQDGVKYVQINMEFORYSSZLHBGEDFCDCECISSLOWLUCJMNKAINEWJUAYSTROBSYAWDUQENYVLVBITHETHESTYIWKVLNPRETCRQJFQBUFFITRJUDKAOILLKYFAANICLOGA
SYNTHETIC_P01	12	-2644.71980476	-2675.49919705	AKGAWYAQCASU	TMINGVXGWYFLMCUKITHRGBLMKVKEMTITHEADTETDONEDQDLNHTRDOIQDGVKYNNINMEFORYSSZAHBGEDFCDCECESSLOWLUCJMNMAINEWJUAYSTNOBSYAWDUQENYVLVBITHETHESTYIWKVLNPRITCRQJFQBUFFATRJUDKAOILLBYFAANACLOGA
SYNTHETIC_P01	12	-2647.35618877	-2678.13558106	IKGAMYAQCASU	CMINLVXGWYFLVCUKITHRGBLMGVKEETITHEADBETDENEDQDLNDTRDOIQDGVKYVNINMEFORYSSZAHBLEDFCDCECESSBOWLUCJMNMAINEWJUAYSTNOBSYAWDUQENYVLVBITHETHESTYIWKVLNPRETCRQJFQBUFFITRJUDKAOILLKYFAYNICLOXA
SYNTHETIC_P01	12	-2648.38549089	-2679.16488318	IOGAWYAGAYSU	CKINGVXLWYFLVGUKITHHGBLMGVKEMTITIFADBETDONEDQBLNDMRDOIQIUVKYVQINMEFEOYSSZLHBGEDNDECECISSLOWASAJMNKAINEWBUBYSTROBSYAMDSQENYVLVBITIFTHESTYIWKVJLPRETCRQJFQCUFFITRJUDKAMILLKYFAANICLOGA
SYNTHETIC_P01	12	-2649.25001669	-2680.02940898	IKGAMYAGAYSU	CMINLVXLWYFLVCUKITHHGBLMGVKEETITIFADBETDENEDQBLNDTRDOIQIUVKYVNINMEFEOYSSZAHBLEDNDECECESSBOWASAJMNMAINEWBUBYSTNOBSYAMDSQENYVLVBITIFTHESTYIWKVJLPRETCRQJFQCUFFITRJUDKAMILLKYFAYNICLOXA
SYNTHETIC_P01	12	-2649.44621134	-2680.22560363	IOGAEYQGAYSU	CKINCVXLWYFLVGUKITHHGBLMGVKEITATIFADBETDWNUDQBLNDMRDOIQIUVKYVQINMEFEOYSSZLHBCEINDECECISSTOMASAJMNKAINEWBUBYSTROBSYAMDSQENYVLVBATIFTHESTYIWAVJLPRETCRQJKQCUFFITRJUDKAMILLKYFAJNICLOOA
SYNTHETIC_P01	12	-2651.49785757	-2682.27724986	AMGAWYAKCSUK	TLINGVXJWYEDMEUKITHLGBNCKVKEMTITHIMITETDONEDQVNDHARDOIQGGVJYNOINMEFIRYUSZMHBGEDICHBOCGSSLOWFUULDNLAINEWMUEYSTPOBSYAQDMQENYVLVBITHITMESTYIWKVLFPHITCRQJFQBUEKATRJUDKAOINBBYFAANACLOGA
SYNTHETIC_P01	12	-2655.15168619	-2685.93107848	AKGAWYAGAYSU	TMINGVXLWYFLMCUKITHHGBLMKVKEMTITIFADTETDONEDQBLNHTRDOIQIUVKYNNINMEFEOYSSZAHBGEDNDECECESSLOWASAJMNMAINEWBUBYSTNOBSYAMDSQENYVLVBITIFTHESTYIWKVJLPRITCRQJFQCUFFATRJUDKAMILLBYFAANACLOGA
SYNTHETIC_P01	12	-2661.45658875	-2692.23598103	AMGAEYQGCSUK	TLINCVXLWYEDMEUKITHHGBNCKVKEITATHIMITETDWNUDQVNDHARDOIQIGVJYNOINMEFERYUSZMHBCEINCHBOCGSSTOMAUULDNLAINEWBUEYSTPOBSYAMDMQENYVLVBATHITMESTYIWAVLFPHITCRQJKQBUEKATRJUDKAOINBBYFAJNACLOOA
SYNTHETIC_P01	12	-2661.59516382	-2692.37455611	GKGASYAQCAUM	DMINIVXGWYECTCUKITHRGBNEHVKEBTITHEMHZETDKNEDQDNFETRDOIQDGVJYTNINMEFORYUSZAHBIEDFCDBICESSHOWLUCLENMAINEWJUAYSTNOBSYAWDUQENYVLVBITHETRESTYIWKVLNPIFTCRQJFQBUEJGTRJUDKAOINDLYFACNGCLOCA
SYNTHETIC_P01	13	-2705.21920538	-2738.56354703	WKIOOWISEGQYC	RGJRVXOWYOAFUJCWLJTHTHBIRBRFCBMVRALANNCIMACTDRVXYRHEULYABTHUSAREDMRENCYISEEINGCLMEHANGNIFHATEAREOXMOKILPNGSUEACVEMYDQCEQFQOUJETLOERIHPPYOWTQVFRPGITITGTHAJRANUKJINKCGNYBGAEFBJEENCXJ
SYNTHETIC_P01	13	-2708.09841728	-2741.44275893	GKIOOGAOMQAKC	BGJRVXOCYOIMUSCWLJTHOHBSDBBFCBMVRCHINNCTMACTDRRFIRHEULYABTLUSIELDMRENCYASEOTZGKLMEHININDABADEAREYXIOUSXPNGSUEITVTHYKQCEQFQYNJNDLAERIHPPYOCTQVMRPGITITGOHAJDANUKJINBECNLIGAEFBJWAVCGV
SYNTHETIC_P01	13	-2710.15869141	-2743.50303305	QKIOCQAEAQGQM	JGJRVXOHYOFRUCCWLJTHEHBYIBJFCBFVRHAINNKDMACHDRHTIRHOULYAVTLUSIBILMRENRYASEOZFQFLMEADNANDKLINEARSIXYOUYDZNGSUKDTVGHYHQCEQFEINJADLGERIHPPYOHTQVRRPGITITGEHAJIANUKJBNBJININGAEFPJWQJCMA
SYNTHETIC_P01	13	-2714.94371557	-2748.28805722	WKIOOGAOMQMEY	RGJRVXOCYOCCUJCWLJTHOHBEXBRFCBMVRCHINNEIMACTDRRFIRHAULYABTLUSILBFMRENCYASEOFTCCLMEHININDHECTEAREYXIOUERLNGSUEITVTHYAQCEQFQYNJNDLUERIHPPYOCTQVCRPGITITGOHAJXANUKJINBECNFLGAEFBJWAVCSP
SYNTHETIC_P01	13	-2720.91951847	-2754.26386012	GKIOOGAOEGCAQ	BGJRVXOCYOHEUSCWLJTHOHBUTBBFCBMVRCLANNITMACTDRRXYRHSULYABTLUSADDJMRENCYASEEVPUKLMEHININIMTODEAREYXIOKUMCNGSUEITVEMYCQCEQFQYNJETLQERIHPPYOCTQVERPGITITGOHAJTANUKJINBEGNKAGAEFBJWANCIL
SYNTHETIC_P01	13	-2725.59979916	-2758.9441408	SKAOOGAOMQGQM	IGARVXOCYOFRUECOLJTHOHBYIBIFGBMVRCHINNKFMSCTDRRFIRHOULYABTLUSIBILMRENCYASEOZFQELDEHININDKLIPESREYXIOUYDZNGSUEITVTHYHQCEQFQYNJNDLGERILPPYOCTQVRRPGATITGOHAJIANUBJINBECNINGAWFBJWAVCMA
SYNTHETIC_P01	13	-2725.75748062	-2759.10182227	SKAUOWAOEQYQM	IGARVXOCYOVRUECOLJTHOHBRIBIFGLMVRCLINNKFMSITDRRXIRHOULYKBTLUSIFILMRETCYASEORFQELDYHANINDBLIPESWEOXIOUQDZNGSUEATVEHYHQCEQFQONJEDLGERILPPYOCTQVRRPGATITGOHAJIANUBGINBEGNMNGAWLBJWANCEA
SYNTHETIC_P01	13	-2726.04118872	-2759.38553036	AMEEAWISEGQYY	EFLRVXOWYOAFUMESLJTHTHBIRBEEEGGVRALANNENOWSFDRVXYRHAUKYFITHUSAREFMTEDOYISEEINCAQBJBANGNIFHCXHWHQOXMOKILLNFSULACVEMYDQCGQFCOUJETLOERHJPPYOWTQVFRPIETITGTHAJRANUMBCNKCGNYBGAAVNJEENCXJ
SYNTHETIC_P01	13	-2726.21702051	-2759.56136216	WMMOOGAOEGCAQ	RFNRVXOCYOHEUJEBLJTHOHBUTBREABMVRCLANNIIOECTDRRXYRHSUKYABTLUSADDJMTENCYASEEVPUCQKEHININIMTOTHEREYXIOKUMCNFSUEITVEMYCQCGQFQYNJETLQERHFPPYOCTQVERPIMTITGOHAJTANUIJINBEGNKAGAIFBJWANCIL
SYNTHETIC_P01	13	-2727.35600519	-2760.70034684	AKQSOGAOEGCAQ	EGFRVXOCYOHEUMCELJTHOHBUTBEFLMMVRCLANNINMIGTDRRXYRHSULYLBTLUSADDJMRERCYASEEVPUALICHININIMTOXEIVEYXIOKUMCNGSUEITVEMYCQCEQFQYNJETLQERIDPPYOCTQVERPGQTITGOHAJTANUGHINBEGNKAGAMJBJWANCIL
SYNTHETIC_P01	14	-2682.14060259	-2718.04989359	AACAQMIAUYSSGW	LADVXOWLOVILQCMSRLJTGBHALLANIGHRWHMANEAFEISPHDRPATRHVLOUGYGSQLMEISINRROYCSELBOZCHTEHPAYALIDFAINIQKWUOEJZUCHLVXSZCLPDXMNLVYVEVIBNKQENSUFSSQIVEEVGKRMISEPULPISATRSSJVCKATJBYHADHACHOAP
SYNTHETIC_P01	14	-2688.87362051	-2724.78291151	AACSQSCAKYAOGW	LADVXOWLOVEAQCMSRLJTGBHATHANIGHRWECANEJHEISPHDRVUTRHDHOUGYGSQICEASENRROYCSERVOPCPTEHPAYELFUFFINKQKWUOWJFPCXLVTSZCLPHXJNLVYVGVIBNKIETSUFSSMIVEEVKKRCISEPULPISALRSMJVCKATJBYHEDEACHGAV
SYNTHETIC_P01	14	-2690.4010787	-2726.31036971	AAIWOMIAUYSSGW	LAAVXOWLOVILQCMSXLJTGBHALLANIGERWHMANEAFEISPNDRPATRHVLOUGYDSQLMEISINRROYISELBOZCHTEHPAYNMIDFAINIQKWUOBHZUCHLVXSZCLPFXMNLVYVEVIBNKMENSUFSSQIVEEVILRMISEPULPISAPPSSJVCKATJBYECEHACNKYP
SYNTHETIC_P01	14	-2690.61910486	-2726.52839587	AAIWOMYAKYSSGW	LAAVXOWLOVILQCMSXLJTGBHALLANIGERWHEANEAFEISPNDRPQTRHVLOUGYDSQLEEASINRROYISELROPCHTEHPAYNMIIFFINIQKWUOBHZKCXLVXSZCLPFXMNLVYVEVIBNKMENSUFSSQIVEEVILREISEPULPISAPPSIJVCKATJBYECEHACNKYP
SYNTHETIC_P01	14	-2691.67680502	-2727.58609602	AACSQSYAMYSSGW	LADVXOWLOVILQCMSRLJTGBHALLANIGHRWEEANEAFEISPHDRVQTRHVLOUGYGSQIEEMSINRROYCSERRORCHTEHPAYELFIFEINIQKWUOWJFKCZLVXSZCLPHXJNLVYVEVIBNKIETSUFSSQIVEEVKKREISEPULPISALRSIJVCKATJBYHEDEACHGAV
SYNTHETIC_P01	14	-2691.73645592	-2727.64574692	AACSQSAAOYSSGW	LADVXOWLOVILQCMSRLJTGBHALLANIGHRWEDANEAFEISPHDRVSTRHVLOUGYGSQIDELSINRROYCSERTOTCHTEHPAYELFHFDINIQKWUOWJFMCBLVXSZCLPHXJNLVYVEVIBNKIETSUFSSQIVEEVKKRDISEPULPISALRSKJVCKATJBYHEDEACHGAV
SYNTHETIC_P01	14	-2692.27705336	-2728.18634436	AACAQMYAKYSSGW	LADVXOWLOVILQCMSRLJTGBHALLANIGHRWHEANEAFEISPHDRPQTRHVLOUGYGSQLEEASINRROYCSELROPCHTEHPAYALIIFFINIQKWUOEJZKCXLVXSZCLPDXMNLVYVEVIBNKQENSUFSSQIVEEVGKREISEPULPISATRSIJVCKATJBYHADHACHOAP
SYNTHETIC_P01	14	-2692.89793825	-2728.80722926	AAIWOMYAKYAOGW	LAAVXOWLOVEAQCMSXLJTGBHATHANIGERWHEANEJHEISPNDRPQTRHDHOUGYDSQLEEASENRROYISELROPCPTEHPAYNMIIFFINKQKWUOBHZKCXLVTSZCLPFXMNLVYVGVIBNKMENSUFSSMIVEEVILREISEPULPISAPPSIJVCKATJBYECEHACNKYP
SYNTHETIC_P01	14	-2693.49094868	-2729.40023968	AACKUSAAOYSSGW	LADVXOWLOVILQCMSRLJTGBHALLANIGHRWEDANEAFEISPHDRVSTRHVLOUGYGSQIDELSINRROYCSERTOTCHTEHPAYITFHFDINIQKWUOOMFMCBLVXSZCLPLXJNLVYVEVIBNKAETSUFSSQIVEEVBIRDISEPULPISADVSKJVCKATJBYHIBEACHYEV
SYNTHETIC_P01	14	-2694.55212498	-2730.46141598	AYIEUSIAUYSSGW	LBAVXOWLOVILQCMQXLJTGBHALLANITERWEMANEAFEISMNDRVATRHVLOUGYDSQIMEISINRROYISERBOZCHTEHPBYLTFDFAINIQKWSOIMFUCHLVXSZCMPBXJNLVYVEVIBLKUETSUFSSQIVEFVEIRMISEPULPIQAXVSSJVCKATJBYELBEACNSEV
SYNTHETIC_P01	15	-2683.32681894	-2721.8010593	IYGCACAUASGUSWW	JFFXOIYEVREGEGQURVLJTHVGBZMANTAWNCAMQWOLTGZCYNDRETVQHCLOTHBIREBEFRARRZCXFGFFXYREDPSFGESDRIBLEMRQVDDWRKEASUBTPVHTWITSVBCCYVNHTHETREYFGYOESSAJBLVIEORSTIUOMNHADPAFIVEACKBTISSGBXISJOIF
SYNTHETIC_P01	15	-2686.8528409	-2725.32708126	IYGCAEACUSGESWW	JFFXOHYOVREBEGQURVLJTHCGBZWANTAWNCALQWELTBZCYNDRETXQHXLODHBIREBEFRARRZCXFGFFXYREDPSFGESDRIBLEMRBVMGWRFEASUBTPVITECTSFBCCYVNHTGETHEYAGYOESSAJDLVDEOBSTIUOMNHMDPDFIVEACKBTISUGBRISJOIF
SYNTHETIC_P01	15	-2696.40661669	-2734.88085705	IAQCACAUASGUSWW	JEAXOIYEVREGEGQUTFLJTHVGBZMANTAWNCAMQWOLTGZCYNDRETVQHCLOTHBIRDREFRARRZCXFGFFZJREDPSFGESDRIBKMMRQVDDWRKEASUDDPVHTWITSVBCCYVNHTHETREYFGYOESSAJBLVIEORSTIUOHNHADPAFIVEACKBDISSGBXISJOIF
SYNTHETIC_P01	15	-2708.05534554	-2746.5295859	IQECKUASASGUSWE	JRGXOMYFVREGEGQUITLJTHTGBZMANTAWNCIDQWOLTGZCYNDREDNQHCLOTHBIRICEARARRZCXFGBFPWRODPSFGESDRQBCFMRGVEDWRKEASUTRPVYTUITSVBCCYVNHTLETREYFGYOESSAJTLVIEORSTIUOANCEDPAFIVEALKBRICKGBXISJOIN
SYNTHETIC_P01	15	-2708.21538544	-2746.6896258	IYGCACAGKAOUSWW	JFFXOIYLVRAGEGQURVLJTHHGBHMANTAWNCAMQWJHTGZCYNDRETVQHNTOTHBIREBEFRARRZLXFGFFXYREDPSFGMSDRIBLEMRQVKLJRKEASUBTPVHTISASVBCCYVNHTHETMAYFGYOESSAJBLVTMORSTIUOMNHADPIBEVEACKBTISSGBHQAJOIF
SYNTHETIC_P01	15	-2709.67520666	-2748.14944702	IMGCACAUASCOUOG	JLFXOIYEVRGQDKQUFVLJTHVGBVHAFTAWNCAMQWOLTJZGYNDRETVQHCLONHBIRKBEFRARRZEXERAFLYREDPSFGASDISBEEMRQVDDWRUDESUPTPVHTWITSOBUCYVNHTHETREYIFYOESSAJBLVIEOLUTIUOMNHADPAFKVDEKKBTISSGBXIOJQAP
SYNTHETIC_P01	15	-2709.98547316	-2748.45971352	IYGCACAMSOWUSWW	JFFXOIYIVRUGEGQURVLJTHNGBOMANTAWNCAMQWFATGZCYNDRETVQHVHOTHBIREBEFRARRZHXFGFFXYREDPSFGUSDRIBLEMRQVHHCRKEASUBTPVHTOAOSVBCCYVNHTHETINYFGYOESSAJBLVBBORSTIUOMNHADPEHAVEACKBTISSGBPEIJOIF
SYNTHETIC_P01	15	-2710.49114466	-2748.96538502	IUMCACAUASGUSWC	JHCXOIYEVREGEGQUNBLJTHVGBZMANTAWNCAMQWOLTGZCYNDRETVQHCLOTHBIRGLEFRARRZCXFGCFTEREDPSFGESDROBABMRQVDDWRKEASUXZPVHTWITSVBCCYVNHTHETREYFGYOESSAJBLVIEORSTIUOJNHADPAFIVEAMKBZISSGBXISJOIL
SYNTHETIC_P01	15	-2710.85437346	-2749.32861382	IYGCACASUKGUSWW	JFFXOIYFVREGEGQURVLJTHTGBZMANTAWNCAMQWECTGZCYNDRETVQHXDOTHBIREBEFRARRZCXFGFFXYREDPSFGESDRIBLEMRQVEGERKEASUBTPVHTUCKSVBCCYVNHTHETHIYFGYOESSAJBLVDWORSTIUOMNHADPDJIVEACKBTISSGBRASJOIF
SYNTHETIC_P01	15	-2712.20615578	-2750.68039614	IQECKICCUSGESWE	JRGXOFYOVREBEGQUITLJTHCGBZWANTAWNCINQWELTBZCYNDREDAQHXLODHBIRICEARMRRZCXFGBFPWRODRSFGESDRQBCFMRMVMGWRFEASUTRPVMTECTSFBCCYVNHTEDTHEYAGYOESSAJHNVDEOBSTIUOANCKCPDFIVEALKBRICYGBRISJOIN
SYNTHETIC_P01	16	-2630.68470049	-2671.72389021	AASSWEMEGUCAIYWA	EIBOWYOGRUCAREOHNTHLITHEHBUTBPSAQAEHWOUEQCNYUHRDQDLKRHOWPTGAJQNDENIRZSEORGCAMEABFDGTEGKSDOOTWOTUNDAIULYSUBYTEHEYSCASTEALDOQELQJJALPGYOWTALRRVHSEIMPOWSITHVHAIRBSBQGEDYCLINMJPFECTOGD
SYNTHETIC_P01	16	-2632.43668318	-2673.4758729	AASSEMKSGUCAIYWA	EIBOWYOMRUCAREOHNTHLITHSHBUTBPSAQAEHWOCKQCNYUHRDQDLKRHNKPTGAJQNDENIRZSFORGCAMEABFDGTEGISDOOTWOTUNDAIUHYJUBYTEHEYSCASTMAYDOQELQJJALPGJOWTALRRVHSEIMPOFSITHVHAIRBSBQGEMYVEINMJPFMCQCGD
SYNTHETIC_P01	16	-2633.74440145	-2674.78359117	AGKSWEMEGUCAIYWA	EFFOWYOGRUCAREOHNZZLITHEHBUTBPSAQKIHWOUEQCNYUHRDQJDKRHOWPTGAJQNDENMRZSEORGCAMEABFDYTEGKSDOOTWOTUNAWIULYSUBYTEHEYSITSTEALDOQELQJJAIPGYOWTALRRVHSEISPOWSITHVHAIRBSBQKEDYCLINMJHFECTOGD
SYNTHETIC_P01	16	-2639.06971025	-2680.10889997	ECWSWEMEGSYAAYWO	CHMOWYOGRUEAREOURVLLITHEHBQTBPSPQMCHWOUEQDNYUHRJQFPKRHOWPRGAJQNRRNGRZSEORHEADEAHIDKTEGKSDMKTOOTINCLIULYSUCYTIHEYSEESTEALDMQEDQJJLKPGYOWTAMRRVHSKMOPOWSITHTHAIRBGMQEEDYCLINQJTFECTOGD
SYNTHETIC_P01	16	-2642.90731335	-2683.94650307	AASWQSQEGGISQSWG	EIBOWYOGRUMERHOENTHLITHEHBALBJSGQAEFWOMEQJNYUKRAQDLORHTWPFGAJKNJENIRZSCORAMEIHALFDGTEGOSDAULEITANDAGUEYSUIYTAKEYSCAWTSALDAQETKJJALPEDOWTAFRRVKSBIMPSRSITHHHAILBYBQGCGYALINMJPJYCXOGD
SYNTHETIC_P01	16	-2644.38443232	-2685.42362204	SSWSWEMEGUCAIYWE	IMMOWYOGRUCAREOFFLLLITHEHBUTBPSEQECHWOUEQCNYUHRQQVPKRHOWPTGAJQNGINGRZSEORGCAMEAMXDKTEGKSDOOTWOTYNHLIULYSUBYTEHEYSUESTEALDOQELQJJNCPGYOWTALRRVHSCBEPOWSITHVHAIRBWFQEEDYCLINEJTFECTOGD
SYNTHETIC_P01	16	-2644.60582638	-2685.6450161	ECWSWEMEGSCAUYQO	CHMOWYOGRUCAREOURVLLITHEHBUTBPSPQMCHWOUEQDNYUHRJQFPKRHOWPRGAJQNRRNGRZSEORHCAGEDHIDKTEGKSDMOTIONINCLIULYSUCYTLHHYSEESTEALDMQEXQDJLKPGYOWTAMRRVHSKMOPOWSITHTHAIRBGMQEEDYCLINQJTFECTOGD
SYNTHETIC_P01	16	-2644.96569777	-2686.00488748	AGKSWEMEGSYAAYWA	EFFOWYOGRUEAREOHNZZLITHEHBQTBPSAQKIHWOUEQDNYUHRDQJDKRHOWPRGAJQNDENMRZSEORHEADEABFDYTEGKSDMKTOOTUNAWIULYSUCYTIHEYSITSTEALDMQEDQJJAIPGYOWTAMRRVHSEISPOWSITHTHAIRBSBQKEDYCLINMJHFECTOGD
SYNTHETIC_P01	16	-2646.98221254	-2688.02140226	AASSQEQEGSYAAYWA	EIBOWYOGRUEAREOHNTHLITHEHBQTBPSAQAEHWOMEQDNYUHRDQDLKRHTWPRGAJQNDENIRZSCORHEADEABFDGTEGOSDMKTOOTUNDAIULYSUCYTIHEYSCASTEALDMQEDQJJALPGDOWTAMRRVHSEIMPORSITHTHAIRBSBQGEGYALINMJPFYCXOGD
SYNTHETIC_P01	16	-2647.71271944	-2688.75190916	EUEYQEQEGSCAUYQO	CLIOWYOGRUCAREOURNTLITHEHBUTBPSPQDLEWOMEQDNYUHRJQXXQRHTWPRGAJQNRRNCRZSCORHCAGEDHIDSTEGOSDMOTIONINGHFULYSUCYTLHHYSWMYTEALDMQEXQDJLBPDDOWTAMRRVHSKMGPURSITHTHAIRBGMQABGYALINQJBLYCXOGD
SYNTHETIC_P01	17	-2686.2890377	-2729.89317678	QACOQKEMAWWOUEOOS	AKAWYOVLUQCKQMUDEDTRKJTGNHAPHBUSPLIWOULLZHYUTKQMAJCISRHSDPKGBIHNGARUSXARQLLKDADEDAGENEGATCEREONSINGEGWSHYETVEPLPFDILYBYAHCIQFGENIWAKUEPSVERVTARKISQIUMPGLHBGAJDAEBTHWUJLBEDIMEFUPMQV
SYNTHETIC_P01	17	-2688.83048201	-2732.43462108	QAUGYKEMAOAOUEOOS	AKEWYOVLUQAKQMUDEDTJKJTGNHATHBUSPLIWOUHLZHYUTKQMAJCISRHADPKGBIHNGARUSXERQLLKDEBEDAGENEGSTCEREOFWINGEGWSHYITVEPLPDDILYBYAHCAQFGENIAAKUEPSVERVTARKISDIUMPGLHBGAJDAEBTKWUJLBEDIDIBUPEID
SYNTHETIC_P01	17	-2692.52284575	-2736.12698482	QACYSUAAAOAOUEOOS	AKAWYOVEUQAKQMUDEDTRKJTGBHATHBUSPLIWOUKGZAYUTKQMAJCISRHUNPYGBIHNGARUSXARQGADDEBEDAGENEGATCONSOFWINGEGWSHYMTVGCLPDDILYBYAHCSQFCTNIAAKUEPSVERVTIRDISDIUMPGLHBGAJNASBTKWUJLBEDIMMEUPMAX
SYNTHETIC_P01	17	-2694.76117229	-2738.36531137	QACWWKEAGAWOUEOOS	AKAWYOVEUQCKQMUDEDTRKJTGBHAPHBUSPLIWOUILZAYUTKQMAJCISRHYDPYGBIHNGARUSXARQLLDALDEDAGENEGATCERSURSINGEGWSHYATVECIPFDILYBYAHCQQFGTTIWAKUEPSVERVTARDFSQIUMPGLHBGAJDASHTHWUJLBEDIMANUPMYA
SYNTHETIC_P01	17	-2697.28244066	-2740.88657974	QACWWGEMAOWGAGCOS	AKAWYOVLUQCBQLUDEDTRKJTGNHAPZBWSPLIWOUIAZHYUTBQLUJCISRHYZPKGBIZNIPRUSXARQALKDEDIAMMENEGATCAREOFSATISGWSHYATVEPLPFHFKYBYAHCQQFGENIWSKWEPSVERVTCRKISQMULPGLHBGAJZAEBTHOULLBEDIMANUPMYA
SYNTHETIC_P01	17	-2701.18794489	-2744.79208397	QACOQKEMAOWGAGCOS	AKAWYOVLUQCBQLUDEDTRKJTGNHAPZBWSPLIWOULLZHYUTBQLUJCISRHSDPKGBIZNIPRUSXARQLLKDEDIAMMENEGATCEREOFSATISGWSHYETVEPLPFHFKYBYAHCIQFGENIWSKWEPSVERVTARKISQMULPGLHBGAJDAEBTHOULLBEDIMEFUPMQV
SYNTHETIC_P01	17	-2701.55725765	-2745.16139673	QACWWAEQMWWOUEOOS	AKAWYOVJUQCKQMUDEDTRKJTGRHAPHBUSPLIWOUIDZFYUTKQMAJCISRHYTPOGBIHNGARUSXARQDLIKADEDAGENEGATCURIANSINGEGWSHYATVEHFPFDILYBYAHCQQFGJZIWAKUEPSVERVTFRICSQIUMPGLHBGAJTAINTHWUJLBEDIMANUPMYA
SYNTHETIC_P01	17	-2703.30350208	-2746.90764116	QACWWGEMAWSMEEOOS	AKAWYOVLUQELQMUDEDTRKJTGNHALFBUSPLIWOUIAZHYUTLQMAJCISRHYZPKGBIFNGARUSXARQALKDAFFLAGENEGATCAREONOGXGEGWSHYATVEPLPHEDLYBYAHCQQFGENISYKUEPSVERVTCRKISHJUMPGLHBGAJZAEBTCUUJLBEDIMANUPMYA
SYNTHETIC_P01	17	-2703.99162197	-2747.59576105	QAUGYKEMAOAOUEKGA	AKEWYOVLUQAKQMUHADTJKJTGNHATHBUSHTIWOUHLZHYUTKQMCALISRHADPKGBIHNGWJCSXERQLLKDEBEDANINEGSTCEREOFWINGBYWSHYITVEPLPDDILYFYAHCAQFGENIAAKUEHSVERVTARKISDIUMPKHHBGAJDAEBTKWUJLBMDIDIBUPEID
SYNTHETIC_P01	17	-2705.99051142	-2749.59465049	QACYSOGAAOAOUEOOS	AKAWYOVEUQAKQMUDEDTRKJTGBHATHBUSPLIWOUKQZAYUTKQMAJCISRHUGPYGBIHNGARUSXARQJKDDEBEDAGENEGATCITSOFWINGEGWSHYMTVDCLPDDILYBYAHCSQFITNIAAKUEPSVERVTLRDISDIUMPGLHBGAJHASBTKWUJLBEDIMMEUPMAX
SYNTHETIC_P01	18	-2608.97001648	-2655.13910491	CSSQYUISWYKSACSSOU	JFAYOVRLFBMHOGXEKHPLGLJSHTHADLASTTHIUTHENBUTGEOLDKLMMBRGVJOSHAIRMUNEVENAQEHIMEHEENGETALJDKCNEINKENOBAKXXPWHHPCPQLINCVMVEVTVITHELFIYHKIFYSMETTRJTEQGMOFNUDQKEOYMEENDSCYVZKAIJDJGAPIAJ
SYNTHETIC_P01	18	-2614.05634356	-2660.22543199	CWSIOCSSGYAKCCOSOA	JDAYOVRLABELOGXEKEPPGLJSHTHATDASTTHIUTHINKUTBEOCCKAMMLRGVBOAHAIRMMPERENGQCHMEACEMNLITAAJDHCREADSONYBQCXXPWHNPAPQDENCVMVIVTVITEEPFIOPKIFYSEETTRJZEQGDOBNULQCNOYBEENDSCQVHKASJTAGALIAJ
SYNTHETIC_P01	18	-2616.43789387	-2662.6069823	CMSICUISWYAKSMOSOO	JIAYOVRLFBELOBXEKKPFGLJSHTHATDACTTHIUTHINBUTGEOCHFAMMERGVBOSHAIRMMFORENUQHHMKEHEENLITIAJDACHEARKENOBQCXHPWHBPFPQJINCVMVIVTVITKEFFICHKIFYSEETTRJNEQGDOFNUDQCNOYBEENDSCQVZKAIJTAGALIAJ
SYNTHETIC_P01	18	-2617.07678413	-2663.24587257	CAKQCUISAAYYGYOSOA	JBEYOVRLDAFEOUXEKEPTYLJSHTHARRAPTTHIUTLENBUTEDOIAMAMMLRGNJOSHAITMATARENGQALIKEHECAMBTCAJDHCVWIRKENSCOQXTPWHNPLKQJINCVLVBVTVITEETWICHKIFASSETTRJZEQKMOFNUBQDBOYBEENDSUYVZKAMJRPGALIAJ
SYNTHETIC_P01	18	-2620.92302227	-2667.0921107	CSSICUISIUYKSMOSOU	JFAYOVRLMDFLOBXEKHPLGLJSHTHARDACTTHIUTHINBUTAGOCHFAMMBRGVBOSHAINMMFORENAQEHMKEHELDMITIAJDKCNEARKENAWOCXHPWHHPCPQJINCVBVIVTVITHELFICHKIFUSEETTRJTEQGDOFNUKQDNOYBEENDSCQVZKAUJRAGALIAJ
SYNTHETIC_P01	18	-2623.33848143	-2669.50756986	CWSICUISAAYKCCQCOG	JDAYOVRLDAFLOGXMKBPPGLJSHTHARDASTDHIUTHINBUTEDOCCKMHMIRGVBOSHAITMMPETONMQCHMKEHECAMITAMEDECREARKENSCOCXXPGHTPAPQJINCVLVIVTVDTBEPFICHKIFASEETTBJFEQGDOFNUBQDNOYAMENDSCQVZKAMJRAGANSAJ
SYNTHETIC_P01	18	-2623.97249079	-2670.14157922	CMSICUISIUYKCCOSOO	JIAYOVRLMDFLOGXEKKPFGLJSHTHARDASTTHIUTHINBUTAGOCCKAMMERGVBOSHAINMMPERENUQHHMKEHELDMITAAJDACHEARKENAWOCXXPWHBPFPQJINCVBVIVTVITKEFFICHKIFUSEETTRJNEQGDOFNUKQDNOYBEENDSCQVZKAUJRAGALIAJ
SYNTHETIC_P01	18	-2626.24111509	-2672.41020353	CYQIYUISWYKSACSSOU	JCBYOVRLFBMHOGXEKHPRELJSHTHADLASTTHIUTIINBUTGEOLDKLMMBRGTBOSHAIRMUNEVENAQBIMMEHEENGETALJDKCTCANKENOBAKXXPWHHPMHQLINCVMVEVTVITHERCIYHKIFYSMETTRJTEQHDOFNUDQKEOYMEENDSAQVZKAIJDJGAPIAJ
SYNTHETIC_P01	18	-2626.57597876	-2672.74506719	CSSQYUWOIAQYGYOSOU	JFAYOVRUMAREOUXEKHPLGLJSHOHAIRAPTTHIUTHENBUTADOIAMAMMBRGVJOSHAITMATARENAQEHIMEAGLADBTCAJDKCNEINKSJACGQXTPWHHPCPQLINEVLVBVTVITHELFIYHKEFASSETTRJTEQGMOFNUKQHBOYBEENDSCYVZKAUJJPGALIAJ
SYNTHETIC_P01	18	-2628.48642302	-2674.65551145	CMSQYUMSOYKKCCQCWY	JIAYOVRLJBMLOGXMGFPFGLJSHTHADDASTDPIUTHENBUTKEOCCKMHIMRGVJOSHAIRMMPETONEQHHIMEFEINGITAMEMICHEINKINGBACXXPGPLPFPQLINCVMVIVTVDTFEFFIYHKIFYSEETTBJXEQGMOFNUHQKNOYAMANDSCYVZKAAJDAGANSIJ
SYNTHETIC_P01	19	-2648.55447102	-2697.28850881	UWEEEGCOGIAMOOEYACM	ELJOVRUJNRDIUDNFEXCHOTLITHOHBTEAFTZTJRCCYFTRQHUMLUVMYISCLXOODGBJGMLMORAMEEABEANALIMMODSEANCEIMQIMAYWISHXCORHARANOUYKYGNFTVRCEHEPAMOITKNEESAFTTHIKYVMLOYMEPLFOQBGLYIHYNHJWUGBZFSIXYXD
SYNTHETIC_P01	19	-2651.93313217	-2700.66716996	QWEEIUEEGIAMOOEYACI	OLJOVRUBNRDIUDNFEXECOTLITHEHBTEAFTZTJRECYFTRQMUMLUVMYISCATOODGBJWMLMORAMEEAXGANANYLEODSEANCEIMQEMAYBXUXXCORHARANOUYKYGNLTVRCEHEPAMOICKNEESOFTTHIKYVMLOYJOPLFOQALLYIHYNCJWUGBBVSIXYXD
SYNTHETIC_P01	19	-2658.74325705	-2707.47729484	CQAAAKIAGIAMOOIGYYS	ABLOVRUDNRDIUDNBFXMPIPLITHAHBTEAFTHRJRLFYHTRQBUMLUVMYESEIFIOZGBJSMLMORAMMEWHADACAGJGODSEANAAJBQQGXUSMYTXCORHAVILKUYAYINDTVRCEHEPLIOKKKHEASEFTTHIKYVQTOUTAPAHOQPALYIHYNPJSQGBERSIXYXD
SYNTHETIC_P01	19	-2661.33746529	-2710.07150308	QWEEIOUKGIAMOOCGGQC	OLJOVRULNRDIUDNBBXHCOTLITHKHBTEAFTHZJRECYFTRQOUMLUVMYESIDTOODGBJDMLMORAMMEORGANANEDBODSEANDAFFQEMAYBQKDXCORHAPITCUYKYGNBTVRCEHEPBIOBFKNEESIFTTHIKYVKTOMDOPLFOQFNLYIHYNCJWUGBRASIXYXD
SYNTHETIC_P01	19	-2663.70288801	-2712.4369258	OKSAAQSAOIAEAAQGAYS	HECOVRUDNRDMUKNBEXMBCHLITHAHBTWARTHTJRFIYHTRQBUMLFITYESEIRCOZGBJSMLMHCNMMEWHOGECADEGODSIHAJAIBQDAPUSSITXCOJTNDINKUYDYINATVRCELLPHIOKKKBEASKFTTHICKVYTOUTHPEHOQGAHYILLNBJKQGBPRAIXQID
SYNTHETIC_P01	19	-2665.02365828	-2713.75769607	QUSAMGWYCIQOWOEYSSI	OMCOVRUENRIHUDNFIXECMHLITHYHBJGAFTZLJREDYHTRQCUMDAKMYISHATMOZGBJQMLCRYAMEEQXGBECHICHODSDUNCEMEQEKPUEIMRXCOTOARAFEUYLYINFTVRCJGAPAMOACKLEASAFTTHIMGVMLOOJOPEHOQEBAYANANCJKQGBTPOINBED
SYNTHETIC_P01	19	-2665.60475826	-2714.33879605	CQAAMOUKGIQOGAYGAYS	ABLOVRULNRIHUKNBEXMPIPLITHKHBJGARTHTJRLFYHTRQOUMDAFTYESEIFIOZGBJDMLCRINMMEWHADACHEDBODSDEAFAIBQQGXUEQKDXCOTZNLINKUYAYINBTVRCJGIPDIOKKKHEASIFTTHIMQVGTOUTAPAHOQFNLYANINPJSQGBRASINBOD
SYNTHETIC_P01	19	-2665.88218069	-2714.61621848	AWESMGUECMOSGAESAUE	BLJOVRUBNRQFUKNIEXGNOTLITHEHBGKARTTTJRMCYLTRQMUKELFTYLSGCDOORGBJWMPAVINMYESTBANGHIDEOBSBEACHIDQOMAMEIKXXGOXZNRUNGUYKYMNFTVRAKEIPACOMEKNESSAFTTLIQQVMFOQFBPLLOQFLAYBEINNJWIGBRVOILEOD
SYNTHETIC_P01	19	-2666.04750252	-2714.78154031	QWEYAKSAOIQOGAWGAEU	OLJOVRUDNRIHUKNBEXLCOTLITHAHBJGARTHTJRECYITRQBUMDAFTYESBRTOOXGBJSMLCRINMMECIGANDAGEGODSDEARAILQEMASSMITXCOTZNIINQUYKYJNDTVRCJGIPPIOHJKNEYSEFTTHIMQVFTOAVOPLUOQGAHYANINCJWPGBPRAINBOD
SYNTHETIC_P01	19	-2666.58233833	-2715.31637612	GWEEIUIAGIQOGAESAUE	LLJOVRUDNRIHUKNIEXGTOTLITHAHBJGARTTTJRJCYFTRQBUMDAFTYLSGCJOODGBJSMLCRINMYESTLANANYJGODSDEACHIDQUMAYBXYTXCOTZNRUNGUYKYGNLTVRCJGIPACOMEKNEESOFTTHIMQVMFOQFLPLFOQPALYANINTJWUGBERSINBOD
SYNTHETIC_P01	20	-2649.82948303	-2701.12847018	WUOSAQCSGGKISAAOYWCW	LBOVEUCERQODXARKLVNGINCKITHTHBDABRTPRIRDJJRQOMQCEFTHUFQKERESOSHBIINUTINUMGENNYDSADMFUSXLKBLEEDWKUCKHOWFLWLPXZTWLEMUSTYKWVRTINDBPILWCHVERVISRFTTRIONUPSOFSTISGXHADQIEBYHEINIJLFICJCGD
SYNTHETIC_P01	20	-2659.50408602	-2710.80307317	WUOSAQCSGGQWOYASOEQW	LBOVEUCERQGUXBRIDVNGINCKITHTHBIPBPTTHIRDJJRQOMQCEFLAUGQIJRKSOSHBIINUTISIMEERDYRSADMFUSXLKBIKNEWIULDHOWFLWLPXZTCZBKUWTGYWVRTINDBPILWIJVERVESRFTTRIONUPSOTOTISGFHADQIEBYHEINIJLFICJCGD
SYNTHETIC_P01	20	-2664.52973223	-2715.82871938	OKOSAOUAGGKISAAOYGKA	CGOVEUGNRQODXARKLVNEADCKITHAHBDABRTPRIRHABRQOAQLEFTHUFQKERSSOIHBIGNCTINUMGENNYKSEIMFULXHKBLEEDWKUKGFGMFLWIPFZTWLEMUSTISAVRTINEPPILWCHVERVDSRFTTRIMEUPSOFSTISGHHAHQIEBYLAINAJLFICBKGD
SYNTHETIC_P01	20	-2665.12037659	-2716.41936374	GOCSAOUAGGKISAAOYWCO	WEAVEUGNRQODXARKLVNKTHRKITHAHBDABRTPRIRVETRQOAQLEFTHUFQKERESONHBIGNCTINUMGENNYDSIGFFULXHKBLEEDWKUCKLYQTLWIPFZTWLEMUSTYKOVRTINEPPILWCHVERVISRFTTRIMEUPSOFSTISGXHALQBEBYLAINSJZFICBKGD
SYNTHETIC_P01	20	-2665.41663456	-2716.71562171	OAWSGOEAGGKISAAOYWCW	CLDVBUBNRQODXARKLVNGATLKITHAHBDABRTPRIRDAGRQOAQLEFTHUFQKERESOYHBIGNCTINUMGENNYDSEATFULXHKBLEEDWKUCKHGCMLWIPFZTWLEMUSTYKWVRTINEAPILWCHVERVISRFTTRIMPUPSOFSTISGXHAHQEELYGAINAJTFOCLKGD
SYNTHETIC_P01	20	-2666.06552172	-2717.36450887	GEESGOEAGGKISAAOYGKA	WYMVBUBNRQODXARKLVNETWTKITHAHBDABRTPRIRHEERQOAQLEFTHUFQKERSSOCHBIGNCTINUMGENNYKSILEFULXHKBLEEDWKUKGFYGVLWIPFZTWLEMUSTISAVRTINEAPILWCHVERVDSRFTTRIMPUPSOFSTISGHHALQAELYGAINSJBFOCLKGD
SYNTHETIC_P01	20	-2666.24593973	-2717.54492688	GOCSAOUSGGQWOYAOYGUA	WEAVEUGERQGUXBRKLVNETHRKITHTHBIPBPTPRIRHETRQOAQCEFLAUGQKERISONHBIGNUTISIMEENNYVSIGFFULXLKBIKNEWKUKBFYQTLWIPXZTCZBKUSTICAVRTINEPPILWIJVERVDSRFTTRIMEUPSOTOTISGHHALQBEBYLEINSJZFICBCGD
SYNTHETIC_P01	20	-2666.30822706	-2717.60721421	OAOSAGSSGGKISAAOYWCW	CLOVEUHERQODXARKLVNGATCKITHTHBDABRTPRIRDAGRQOEQCEFTHUFQKERESOYHBIYNUTINUMGENNYDSEAMFUCXLKBLEEDWKUCKHGCFLWAPXZTWLEMUSTYKWVRTINIGPILWCHVERVISRFTTRIEDUPSOFSTISGXHAHQIEBYMEINAJLFICZCGD
SYNTHETIC_P01	20	-2667.2234273	-2718.52241444	WUESGOEAGGKISAAOYGKW	LBMVBUBNRQODXARKLVNGINTKITHAHBDABRTPRIRDJJRQOAQLEFTHUFQKERSSOSHBIGNCTINUMGENNYKSADEFULXHKBLEEDWKUKGHOWVLWIPFZTWLEMUSTISWVRTINEAPILWCHVERVDSRFTTRIMPUPSOFSTISGHHADQAELYGAINIJBFOCLKGD
SYNTHETIC_P01	20	-2667.74423075	-2719.0432179	WYWSGOEAGGKISAAOYGKW	LMDVBUBNRQODXARKLVNGIRLKITHAHBDABRTPRIRDJHRQOAQLEFTHUFQKERSSOWHBIGNCTINUMGENNYKSANTFULXHKBLEEDWKUKGHOBMLWIPFZTWLEMUSTISWVRTINEAPILWCHVERVDSRFTTRIMPUPSOFSTISGHHADQEELYGAINIJTFOCLKGD
SYNTHETIC_P02	1	-2951.15438652	-2953.71933588	C	GGDTUNAWRPTNILEVNFNARLHGYEOBAEXFLUESEEACDCNHRLFANRKEKRKXQBDTYADHTZDGOIKBVIFXDPIEDGDAACXBCPXDXMTETHFNQXAATAFZGQFTNJHVATXFEEXDUADEORXAHYNHAJVJBBXCLGDSOTAVQJMUMCLTYSABYYWCBPXCGITJSLRG
SYNTHETIC_P02	2	-1671.4235096	-1676.55340831	AM	EREDSOMEPAPERSINTHEPOCKETOFTHEDRESSWHICHIHADTAKENFROMYOURLABORATORYATFIRSTIHADNEGLECTEDTHEMBUTNOWTHATIWASABLETODECIPHERTHECHARACTERSINWHICHTHEYWEREWRITTENIBEGANTOSTUDYTHEMWITHDILIG
SYNTHETIC_P02	3	-2923.83847523	-2931.5333233	OOC	KWGTDTRITITOLUMXNVKHVNQKONOFTAZREEQUHGRRICRMTHQKYJKQRFQRRXSBRZFBTHHMYSEJTJDJHXKTDQKGXJQDUBXUFCRNTZQGANTLTNTBMVMDDTHUJHJTDMURJCHMXRFQGOOLHHPUJJIAKEASXTQKNGVIFEKPOSEAWMUYDHUAZCSVDIAK
SYNTHETIC_P02	3	-2947.11291599	-2954.80776407	AAA	EWHFDREPTVEOFUAJNTEOVZDKONOFTAZRFEQSOARCUCRGTHCKYDLQDDQRRXSBRZGBTFBGYEQJTDEJHVETECKEXQQDHBXUGCRNTZQGANGFTYFBGVAPDRBUKTJRKGUDVCOGXCRQAOOXHHPUKJIYELBEXRDENTHIMLLBAQLHWYGYKBUMLCSVRIAJ
SYNTHETIC_P02	3	-2955.72267103	-2963.4175191	MAW	LWJRDNLPTHEOMUCVNPLOVLDKONOFTAZRHEQOIARPUCRGTHCKYDAQDZQRRXSBRZIBTBIGYQQJTDGJHRLTGOKAXQQDHBXUICRNTZQGANAFTKFBAVCBDNIUMFJNEGUPVCIGXPRQHOOJHHPUXJIVLLDQXNKENFHIGLANAMFHWKGYEBUYLCSVGIAE
SYNTHETIC_P02	3	-2964.32079506	-2972.01564313	WMS	GWLBDJGJTRROHUEFNLGIVVOKONOFTAZRSEQLDHRZGCRATHOKYKCQPVQRRXSBRZKBTXDAYACJTKIJHNGTIYKWXKQDSBXUKCRNTZQGANIMTURBIVELDJDUBPJJMAUZHCDAXZDQCOOTHHPUBJIQGFFAXJFLNPTIBFCXMIABWUSYMIUIXCSVIIAA
SYNTHETIC_P02	3	-2964.39247131	-2972.08731939	GGK	BWCLDBBMTBLOCUIPNDBLVFIKONOFTAZRAEQCLNRJBCRDTHIKYAGQJNQRRXSBRZBBTPLDYKWJTAMJHFRTMJKOXAQDMBXUBCRNTZQGANDSTEKBDVNVDALUFZJBHDUJBCLDXJXQKOODHHPUFJIIBIJKXBABNZNIJIGHGAIEWEMYHLUSRCSVMIAS
SYNTHETIC_P02	3	-2969.26646233	-2976.9613104	YCK	FWCDDBFBTTHOGUIHNDFAVXEKONOFTAZRAEQCCMRBWCRFTHEKYCGQFNQRRXSBRZBBTPOFYDSJTCMJHFFTMAKOXCQDIBXUBCRNTZQGANHETWHBTVNMDACUFRJBLFUBXCCFXBTQBOOVHHPUFJIIFKJCXBERNRIIZKGYCAYGWXIYLAUKNCSVMIAS
SYNTHETIC_P02	3	-2978.84762478	-2986.54247285	COM	DWBHDDDITXTOSUHKNFDHVBQKONOFTAZRMEQEAGRFICRMTHQKYJFQRPQRRXSBRZABTRAMYGEJTJLJHHDTLEKQXJQDUBXUACRNTZQGANFLTATBFVHRDDAUEVJDJMUFJCAMXFFQMOOZHHPUEJIKDEOGXCCKNVVILEFDOCKAWAUYJHUOZCSVLIAU
SYNTHETIC_P02	3	-2988.05401134	-2995.74885942	CKG	DWEHDXDKTXPOSUKKNZDJVBMKONOFTAZRCEQYAIRFECRTTHNKYLIQNJQRRXSBRZDBTLABYGAJTLBJHBDTBEKKXLQDQBXUDCRNTZQGANFATAPBFVKRDXAUHVJXJBUFFCABXFBQMOOZHHPUHJIEDGLGXXCMNVRILGYDKXKCWAQYJJUOVCSVBIAO
SYNTHETIC_P02	4	-2889.72558451	-2899.98538194	KSCM	EUEIPDSEPADSOLNKWIACEVAONOUEFSBTISGIDWSHERTAKIGOQCLYRVESTCALBGSFVOFFZAGDQRMWIHXAUFFEPJBDEBUTXGDQZQFIGBNKQLDTBQYBMFGXJVVJTLNRMMDQSMVNRYAPBGUXQZIIGODOOXTCNEDGIGUNZYGWTSATJLVTXCDPDISM
SYNTHETIC_P02	4	-2894.33286095	-2904.59265838	MACM	DUEIRDSEPWDSOSNKWEACEDAONOUEFSBTHSGIFWSHDETAMRGOQLLYRDESTLALBOSFVOFFZAGDQRMWIHXABBFEQRBDDKUTZODQZQFIGBNKQHDTBYYBLOGXJCVJAHNRPUDQSIVNRGAPACUXSHIIFODOQXTCNADGIOUNZYGWTSATIHVTZKDPCEUU
SYNTHETIC_P02	4	-2896.9001112	-2907.15990863	IAUC	FUSANDLUPWHEOSFBWEEHEDSENOUJFSBJNSKAAWKXFETFIRGEQLCYRDWSTLEDBOKVVOJKZAYTQRDWIHPADBJJMRTTFKUTVODQZQJAGBNAQHHTBYQBAOKXJCNJCHNRLUDQSIVNRGAPCCUXOHIIHOHAMXLTNAHLIOMDZYKITSSIKHVTVKDPVERU
SYNTHETIC_P02	4	-2896.91463327	-2907.1744307	YOGC	KUCADDWUPCBEOHRBWKLHEREENOUJFSBJBSEARWWXKKTFYFGEQEJYRRISTELDBCWVVODKZAKTQRNWIHAAIHDJCFFTKDUTLCDQZQDAGBNAQABTBMCBFHEXJRZJHANRBIDQSBVNRUAPHIUXEVIIMOBACXXTNGBLICYDZYEITSEICAVTLYDPJRGJ
SYNTHETIC_P02	4	-2898.22813702	-2908.48793445	EMGC	HUCAJDWUPDBEOFRBWLLHEPEENOUJFSBJLSEAXWWXHLTFEDGEQFJYRPISTFLDBAWVVODKZAKTQRNWIHAAFODJICFTHEUTRADQZQDAGBNAQBBTBKCBCIEXJPZJEBNRHGDQSCVNRSAPEJUXKTIIJOBAIXXTNNBLIBYDZYEITSEIMBVTRWDPGLMG
SYNTHETIC_P02	4	-2899.03176594	-2909.29156337	AQSU	JUJEFDIMPBIIOJDTWJFLETQWNOUAFSBBASLETWIPJJTJAHGWQDDYRTUSTDFHBEINVOKBZAWLQREWIHNAHGKAEHRLJCUTNEDQZQKEGBNSQUITBPOBEGLXJTLJGMNRDKDQSAVNRWAPGHUXGXIILOREEXILNFICIEKVZYLMTSQABMVTNADPIJIK
SYNTHETIC_P02	4	-2902.11013794	-2912.36993537	EAYU	HUGEJDOMPWRIOSITWECLEDWWNOUAFSBBLSUEXWPPHETJERGWQLAYRDASTLCHBOONVOHBZACLQRBWIHTAFBHAIRXLHKUTRODQZQHEGBNSQHFTBYUBCOIXJCRJEHNRHUDQSIVNRGAPECUXKHIIJOFEIXPLNAFCIOQVZYIMTSWAMHVTRKDPGEMU
SYNTHETIC_P02	4	-2905.95753288	-2916.21733031	EACQ	HUEGJDSIPWDKOSNPWEAAEDASNOUCFSBXLSGGXWSLHETLERGSQLLYRDESTLARBOSIVOFDZAGHQRMWIHXAFBFCIRBHHKUTRODQZQFGGBNOQHDTBYYBCOGXJCVJEHNRHUDQSIVNRGAPECUXKHIIJODGIXTHNADEIOURZYGBTSAWMHVTRKDPGEMU
SYNTHETIC_P02	4	-2906.72465134	-2916.98444877	AMCM	JUEIFDSEPDDSOFNKWLACEPAONOUEFSBTASGITWSHJLTAADGOQFLYRPESTFALBASFVOFFZAGDQRMWIHXAHOFEECBDJEUTNADQZQFIGBNKQBDTBKYBEIGXJPVJGBNRDGDQSCVNRSAPGJUXGTIILODOEXTCNNDGIBUNZYGWTSATBBVTNWDPILIG
SYNTHETIC_P02	4	-2913.64523602	-2923.90503345	AUCK	JUEOFDSDPMDAONNJWHADEXAMNOUFFSBRASGJTWSFJHTTALGNQYLYRWESTBAMBISDVOFGZAGBQRMWIHXAHEFFELBBJAUTNIDQZQFJGBNIQKDTBSYBEEGXJXVJGUNRDPDQSLVNRAAPGFUXGBIILODJEXTBNDDHIIULZYGETSAQBKVTNEDPIHIO
SYNTHETIC_P02	5	-2822.63640308	-2835.46114987	QCMKA	MSOFRVCDCNKGHBABBVNTYFINOKVRHESNMUBEREWRJFTFNRSGNLDTKRRSTBUXTOLDOBSQDYLQLNJPUIHUGFELQVTLADTHAWTCRMPETEALUWRLPAAROCKHAJNTMMRXOSXCRBFOIVVAPJHHEDRYBOMCOFFMNMMIIIYTYUDLPSSKQZTPMVEDOSCJ
SYNTHETIC_P02	5	-2831.10470343	-2843.92945021	GUMIA	ESOGRLCDANCKHCARTVNTYTINOKMRHESNMUBEREWRBJTGNHKGLLITKRRITBUXTOLEOBSQBYDQLNJFUIHULJEMQLLLYDTLAWTCRMPETIAMUWJLNAFRODKXAJLTEDRXOIPCRBKOIVVAPJHHJHRYBEECOFKNNAMYBIWTYUDMPSSKOZTPMVEDOSCJ
SYNTHETIC_P02	5	-2834.11057186	-2846.93531865	CICEK	GSAIRHCSWNEDMEINHLNDYCANOKBHHESNEUJERUWBDCTINDYGHLKTCRRETRUXTODGOBSGXYFQDNEBUIHEACJBQHZBUDTEFWTCRMPETBFBUWXBJAHROFFTAJHDGJRXOEDCRBMOAVVAPZHHLARYJASCOPMJNCHUOISDYUIBPSSAKZTPEVMDOICJ
SYNTHETIC_P02	5	-2836.84748983	-2849.67223662	CIMMU	GSOERHCDENEDHADNHVNNYCINOKBRHESNMUEEREWLDCTENDYGPLKTKRRETBUXTOLCOBSQFYFQLNMBUIHOACEKQHZLCDTEAWTCRMPETBAKUWXLRAHROUATAJONGJRXOEDCRBMOIVVAPJHHLARYEASCOZMJNLCUOIANYUDKPSSKSZTPMVHDOSCJ
SYNTHETIC_P02	5	-2837.98808384	-2850.81283063	GUCEA	ESAIRLCSWNCKMEARTLNTYTANOKMHHESNEUBERUWRBJTINHKGHLITCRRITRUXTODGOBSGXYDQDNJFUIHULJJBQLLBUDTLFWTCRMPETIFBUWJBJAFROFKXAJHTEDRXOIPCRBKOAVVAPZHHJHRYBEECOFKNNCMYBISTYUIBPSSAKZTPEVEDOICJ
SYNTHETIC_P02	5	-2839.13559914	-2851.96034592	QACEA	MSAIRVCSWNKHMEABZLNTYGANOKTHHESNEUBERUWRJGTINRQGHLDTCRRSTRUXTODGOBSGXYLQDNJPUIHUGGJBQVRBUDTIFWTCRMPETFFBUWPBJAAROFKHAJHTMARXOSVCRBFOAVVAPZHHEERYBOKCOFFANCMIGISTYUIBPSSAKZTPEVEDOICJ
SYNTHETIC_P02	5	-2839.86662579	-2852.69137257	GYCMY	ESAERLCSENCIMABRXLNRYHANOKRHHESNEUCERUWPBHTENHOGPLITCRRITRUXTODCOBSGFYDQDNWFUIHTLHJKQLPBCDTJFWTCRMPETGFKUWNBRAFROULXAJOREBRXOITCRBKOAVVAPZHHJRRYOEJCOCKBNLAYEIARYUIKPSSASZTPEVFDOICJ
SYNTHETIC_P02	5	-2844.59583092	-2857.4205777	GSCEY	ESAIRLCSWNCLMEBRRLNRYKANOKLHHESNEUCERUWPBKTINHIGHLITCRRITRUXTODGOBSGXYDQDNWFUIHTLKJBQLJBUDTMFWTCRMPETJFBUWHBJAFROFLXAJHREERXOINCRBKOAVVAPZHHJIRYOECCOCKENCAYYISRYUIBPSSAKZTPEVFDOICJ
SYNTHETIC_P02	5	-2845.54319191	-2858.3679387	CSEMY	GSMERHCUENELLABNRNNRYKMNOKLJHESNDUCERWWPDKTENDIGPLKTBRRETTUXTORCOBSJFYFQCNWBUIHTAKIKQHJDCDTMEWTCRMPETJEKUWHDRAHROULTAJORGERXOENCRBMOMVVAPBHHLIRYOACCOCMENLAUYIARYUHKPSSCSZTPSVFDOLCJ
SYNTHETIC_P02	5	-2847.7973671	-2860.62211388	GSAMY	ESBERLCQENCLAABRRJNRYKBNOKLFHESNFUCERSWPBKTENHIGPLITDRRITPUXTOECOBSEFYDQENWFUIHTLKKKQLJZCDTMGWTCRMPETJGKUWHZRAFROULXAJOREERXOINCRBKOBVVAPXHHJIRYOECCOCKENLAYYIARYUJKPSSYSZTPFVFDOGCJ
SYNTHETIC_P02	6	-2814.07483482	-2829.46453097	WMKUGM	HIFHPTADANNEINEHOCENCREOUXRCRMFTBAJQKHWHDAYHCBGCZFTQBRQOMTUVORDETYASPMYBNWJRDLJGEASEUEWXEACTBQTATOBJSAGAMSXBGVMOUELDABJPCLXOTXZGDRBCKVTFEETHGXMSGODGRHBXBLTSIIHYUDWNBYSTKAPSFRJXCOMC
SYNTHETIC_P02	6	-2818.71629906	-2834.1059952	WGKKAM	HLFMPTADADNEINEMOCENCHEOUXRHEMFTBQCQKNWMGAYACRACZITQERQIMTOVORDOTYASPDYBNWJRTLJGEANEUHWXHACNBQNATOBBSAGAMIXBGVMOUELDABJPCBXOTXZADRBCKVTKHETHGNGSGODLRHBXBBTSILHYUDWHBYSTKDPSIRJRCOGC
SYNTHETIC_P02	6	-2819.34563732	-2834.73533347	WGCUGU	HLJHPTADSNNEINIHOLENUREWUXRCRIFTBAJYKNWHDJYACBGKZIFQBRQIFTUVORHETYASHMYBNWARDHJGWASMUHWXEJCNBQTITOFJSJGAMSXJGVDOUALDSBJXCBXOTXZADRBCKVTFEATHGXMAGOHGRNBXTLTBILLYUMWHTYSTKDPSFRJRCOMC
SYNTHETIC_P02	6	-2824.88314342	-2840.27283957	AMCQGM	FIJRPTEDSINEGNIJOCINUNEOUXRERMFTBWJQIHWJDACHCXGCZFFQBRQOFTUVORHGTYASHIYBNWARDLJGWASEUEWXEACTBQTATOFLSAGAMOXBEVDOUEPDSBJPALXOTXDGDRBCIVTHEEXHGTMSEOHQRHFXTGTSGILYUDANTYSTIAPSFRNXCOMC
SYNTHETIC_P02	6	-2833.24108982	-2848.63078597	GMCYGM	SIJFPTLDSRNEDNIFOCONUVEOUXRARMFTBEJQFHWFDAIHCFGCZFFQBRQOFTUVORHCTYASHQYBNWARDLJGWASEUEWXEACTBQTATOFHSAGAMWXBBVDOUEVDSBJPKLXOTXJGDRBCFVTDEEDHGBMSBOHERHLXTPTSDILYUDGNTYSTFAPSFRTXCOMC
SYNTHETIC_P02	6	-2834.69925499	-2850.08895113	AMMKAO	FIEMPTEDCDNEGNDMOVINEHERUXRHELFTBQCSIHWMGMCHCRAEZFAQERQOPTOVORVOTYASQDYBNWIRTKJGGANGUEWXHMCTBQNCTOABSMGAMIXDEVLOUDPDCBJRALXOTXDGDRBCIVTKHXXHGNGVEOCLRGFXDBTUGIGYUCANDYSTIAPSIRNXCOGC
SYNTHETIC_P02	6	-2835.86288643	-2851.25258257	MSAUEC	MFKHPTQDQNNEANWHOHUNTREEUXRCCEFTBAGGCEWHEFONCBESZCGQCRQUDTSVORIETYASFMYBNWBREDJGUAQUUBWXFFCZBQRQTOGJSFGAMSXRLVEOUJBDQBJFHIXOTXPMDRBCCVTFFJJHGXKILOVGRMRXQLTITFMYUINTRYSTCKPSGRZDCOKC
SYNTHETIC_P02	6	-2837.85650063	-2853.24619677	MMOUGU	MIDHPTQDENNEANCHOLUNGREWUXRCRIFTBAJYCHWHDJOHCBGKZFMQBRQORTUVORBETYASTMYBNWHRDHJGIASMUEWXEJCTBQTITOMJSJGAMSXJLVKOUABDEBJXHLXOTXPGDRBCCVTFEAJHGXMALOBGRNRXFLTBTIFYUMNNFYSTCAPSFRZXCOMC
SYNTHETIC_P02	6	-2838.5031004	-2853.89279654	SSAUAK	JFKHPTWDQNNEKNWHODANTREMUXRCEAFTBACOMEWHGBUNCBAAZCGQERQUDTOVORIETYASFMYBNWBRTMJGUANCUBWXHBCZBQNYTOGJSBGAMSXZIVEOUFHDQBJNEIXOTXVMDRBCMVTFHFPHGXGQIOVGRIXXQLTQKFMYUESTRYSTMKPSIRFDCOGC
SYNTHETIC_P02	6	-2839.12041903	-2854.51011517	CMCCGU	EIJDPTGDSVNEFNIDOLKNUZEWUXRLRIFTBIJYHHWRDJEHCIGKZFFQBRQOFTUVORHATYASHUYBNWARDHJGWASMUEWXEJCTBQTITOFFSJGAMAXJDVDOUARDSBJXMLXOTXFGDRBCHVTPEAZHGEMADOHCRNHXTTTBFILYUMCNTYSTHAPSFRPXCOMC
SYNTHETIC_P02	7	-2822.83428478	-2840.78893028	CMCKOYA	AXDKMDJGCTDNFVDIVCEHOVIENMBLEHSUHNEEREQHWQNHYLEAYHPKDNWQRGFORVBBBTDATEDNWORTEBVIGJAMXWXUMJTDSARAMDFSTLAFTNKXZMCBXHEUDHUJPUIFFEHCNJOVIECRRBPXDYARHVDAXCPTXRKTOHEUJUNCLEYTHAPSBRPXCOUC
SYNTHETIC_P02	7	-2825.30032682	-2843.25497233	KKUMMAW	JXHPACLOCLENFRMJVUFGODGEOKDLAISUINGMPEQFWMNIYKFZYHNKFLZQRZJIRVDBYLEATARNWOLTRIVIGGAJXEXUAITDRARYODBATKBETNJXBKEBXIIUEGUJNMIDHEDDNIOVKMARTBPTRGERIVFJUCPRXNGBEGFULCKVNCYTDBPSCRXVCOSC
SYNTHETIC_P02	7	-2830.68162632	-2848.63627182	SICKOKA	FXDKMKJWCTDNFVIKVCETOLEENMMLJJSUHNEUNEQHWQNJYLEHYHLKDNIQRIFORVBBXTDATEINWORTERVIGJAMXFXUMDTDPARAYDKBTLAMTNHXZMOBXJEUDBUJLUIFREMENJOVIUYRRBPXIHARHVDQSCPTXRCCOHEUJKICLEYTMCPSBRFTCOUC
SYNTHETIC_P02	7	-2830.94430256	-2848.89894806	MMCKOEW	IXDKMALQCTDNFRLIVCEEOFIENMHLMHSUHNGOREQHWMNHYLEKYHPKDNCQRGFORVDBBTDATALNWORTRLVIGJAJXWXUMGTDSARASDASTLARTNKXZMJBXHEUDEUJPUIFLECCNJOVKOCRRBPTLYARHVFKXCPTXNFTOHEULENCLEYTCAPSBRZXCOUC
SYNTHETIC_P02	7	-2832.05513906	-2850.00978457	AEQMOYK	BXJPMDEECHENFFEMVUEHOTAEOMBLFLSUHNMCJEQHWANLYKEAYHHKFNWQRKLIRVJBTHEATOENWORTMZVIGJAWXHXUMJTDLARAMDGDTKAFTNDXBMCBXLKUDHUJHIIFFEIGNIOVDCURTBPHEJGRHVLYOCPTXBLEGGEUESERNEYTIEPSBRNPCOUC
SYNTHETIC_P02	7	-2832.30045033	-2850.25509583	SIMQOKA	FXLHMKJWCDJNFVIKVMETOLEETMMLJJSUHNEUNEQHWQNJYIEHYHLKJNIQRIAGRVBBXDIATEINWORTERVIGJAMXFXUMDTDPARAYDKBTIAMTNHXFMOBXJMUDBUJLEIFREMENGOVIUYRXBPXIHIRHVDQSCPTXRCCIEEUJKINREYTMCPSBRFTCOUC
SYNTHETIC_P02	7	-2833.846241	-2851.8008865	MMSAOEW	IXRCMALQCITNFRLIVHEEOFIEDMHLMHSUHNGOREQHWMNHYDEKYHPKTNCQRGKBRVDBBJSATALNWORTRLVIGJAJXWXUMGTDSARASDASTDARTNKXPMJBXHSUDEUJPLIFLECCNBOVKOCRHBPTLYFRHVFKXCPTXNFTFMEULENTBEYTCAPSBRZXCOUC
SYNTHETIC_P02	7	-2834.7083025	-2852.662948	AACKOYI	BXDKMDFECTDNFDEBVCEHOTWENMBLFASUHNACFEQHWYNAYLEAYHDKDNWQRMFORVKBPTDATMENWORTAZVIGJAUXJXUMJTDHARAMDGFTLAFTNZXZMCBXAEUDHUJDUIFFEIVNJOVECRRRBPFELARHVMYKCPTXZLGOHEUFSACLEYTIGPSBRNLCOUC
SYNTHETIC_P02	7	-2837.29196072	-2855.24660622	AKUMWIK	BXHPILEECLENFFEJVUACOTGEOULLFISUDNMCPEQPWANIYKAIYHNKFVGQRZJIRVJBYLEATOENWOGTMZVIGQAWXEXUIETDRARIWDGATKJATNJXBUMBXIIUMCUJNMINPEIDNIOVDCARTBPHEGERDVLYUCPBXBLBEGAUESKVNMYTIBPSKRNVCOCC
SYNTHETIC_P02	7	-2838.16465187	-2856.11929737	AWQIYQK	BXJLHHEECHBNFFEDVDYLOTSELXTLFNSUCNMCAEQRWANCYMYEYHZKBWOQRBLKRVJBLHAATOENWOFTMZVIGSAWXLXUHATDDARKEDGHTMIJTNVXXWUBXCKULLUJZIIPXEIKNKOVDCMRPBPHEAGROVLYGCPCXBLIGIMUESWRJOYTIIPSJRNHCOEC
SYNTHETIC_P02	8	-2797.45959473	-2817.97918959	AKAMEICM	KRCAPWDMEDREMFXRUGGINKGXFMZPLAHHARVHHATASWRHGDCSTLEREYORRNCTTUWTVVFAQANWZAEDINAUDLHEWGUTEBYDDOBQTTSAQDDAHANLXWARNAHXEUNRJMSJVPFQOJVVEPUERRBPAHGOIQEHNJDGFXRCSOUTQPHEOUVTSTYSZSDLIMIE
SYNTHETIC_P02	8	-2805.69169283	-2826.21128769	AYSMYIOE	KRGAPWRDEDJEMFIJUMKINKAXFARPLATHARMHKATESWIHADCKTEIRTYORRBUTMUWTVVJAQAGWZAWDINNUDELEWGUTEPQDDOBQTTSAQDKEHANLXWMJNGLXHUNRJAKJPPFQOCVVHPUIRFBPUHGGIQRHNJKKFXICSOGLQPLEOUVTSTQSZSDLIFIS
SYNTHETIC_P02	8	-2805.80303049	-2826.32262535	AASMYICM	KRGAPWDMEDJEMFXRULKINKGXFCRPLAHHARMHKATASWIHADCSTDIRTYORRDUTMUWTVVJAQANWZAWDINAUDDLEWGUTERQDDOBQTTSAQDDAHANLXWARNFLXHUNRJCKJPPFQOBVVHPUERHBPUHGOIQRHNJDGFXICSOUTQPLEOUVTSTQSZSDLIEIU
SYNTHETIC_P02	8	-2806.73174047	-2827.25133533	AASMYIIY	KRGAPWAGEDJEMFDDULKINKDXFCRPLANHARMHKATHSWIHADCETDIRTYORRDUTMUWTVVJAQAJWZAWDINHUDDLEWGUTERQDDOBQTTSAQDAHHANLXWGDNFLXHUNRJCKJPPFQOBVVHPULRHBPUHGAIQRHNJAAFXICSOAFQPLEOUVTSTQSZSDLIEIU
SYNTHETIC_P02	8	-2808.85204268	-2829.37163753	AAGMEIIY	KRMAPWAGEDXEMFDDULDINKDXFCFPLANHARFHHATHSWWHGDCETDRREYORRDJTTUWTVVSAQAJWZALDINHUDDEEWGUTEREDDOBQTTSAQDAHHANLXWGDNFEXEUNRJCYJVPFQOBVVEPULRHBPAHGAIQBHNJAAFXXCSOAFQPEEOUVTSTESZSDLIEIU
SYNTHETIC_P02	8	-2808.8686161	-2829.38821096	AYKMKIOE	KRKAPWRDEDBEMFIJUMBINKAXFAJPLATHARDHEATESWAHMDCKTEMRBYORRBMTZUWTVVAAQAGWZAODINNUDECEWGUTEPIDDOBQTTSAQDKEHANLXWMJNGCXBUNRJACJBPFQOCVVBPUIRFBPGHGGIQMHNJKKFXBCSOGLQPCEOUVTSTISZSDLIFIS
SYNTHETIC_P02	8	-2811.60542297	-2832.12501783	AAGMMIIG	KRMAPWASEDXEMFDKULDINKDXFCFPLANHARFHDATTSWWHODCNTDRRAYORRDJTBUWTVVSAQAJWZALDINHUDDEEWGUTEREDDOBQTTSAQDADHANLXWGLNFEXAUNRJCYJDPFQOBVVAPUHRHBPIHGIIQBHNJAJFXXCSOANQPEEOUVTSTESZSDLIEIU
SYNTHETIC_P02	8	-2813.25514698	-2833.77474184	AYKMKIIY	KRKAPWAGEDBEMFDDUMBINKDXFAJPLANHARDHEATHSWAHMDCETEMRBYORRBMTZUWTVVAAQAJWZAODINHUDECEWGUTEPIDDOBQTTSAQDAHHANLXWGDNGCXBUNRJACJBPFQOCVVBPULRFBPGHGAIQMHNJAAFXBCSOAFQPCEOUVTSTISZSDLIFIS
SYNTHETIC_P02	8	-2814.7403717	-2835.25996656	AYCMMSOY	KRBAPWRGEDTEMFIDUMFINFAXFABPLKTHARHHDITHSWSHONCETEDRAYORRBETBUWTVVEAQIGWZAGDIXNUDEGEWBUTEPADDYBQTTSAQLKHHANLXGMDNGGXALNRJAUJDYFQOCVVAPULRFBPIHGAIQDHNEKAFXTCSYGFQPGEOUVTSTASZSDLIFIS
SYNTHETIC_P02	8	-2816.97655678	-2837.49615164	AYKMKSOY	KRKAPWRGEDBEMFIDUMBINFAXFAJPLKTHARDHEITHSWAHMNCETEMRBYORRBMTZUWTVVAAQIGWZAODIXNUDECEWBUTEPIDDYBQTTSAQLKHHANLXGMDNGCXBLNRJACJBYFQOCVVBPULRFBPGHGAIQMHNEKAFXBCSYGFQPCEOUVTSTISZSDLIFIS
SYNTHETIC_P02	9	-2739.20856094	-2762.29310516	YSYEAOQYO	FPHAWRSINDDOWNFKDPCEOFKRZRSXVKXFHESAFTTINGYEYBNCLAFGBLRZTMEBOTEXTBSQHASTFTFUBMCQJJGSANHTKTTZQTOTTSMCQNOEMGBMCULLSACTANDPAIQJJENFOGVTHUXAJRLBONGGERBLNKEMYDXOUSUJEILFUVTPKJRWZYTDKCIC
SYNTHETIC_P02	9	-2740.95918226	-2764.04372648	YGYAGOQYO	FPHCWRSINDDOSNFKDPCKOHHRZRSXJKTLHESAFDTKKGYEYBACHHFGBLRZTBBBOTEXTBOWHASTFTFULMCQJJGSATHTKTTZQTOTTSMCQNOEMGBMCULASACTANDPAIQJJENLOIVTHUXAXRHBONGGERBANKEMYDXOQSUJEILLUVTPKJRWNYTDKCIC
SYNTHETIC_P02	9	-2741.29823875	-2764.38278297	YGYEAEUGO	FPHAWRIENDDOWNFPLPCKOFKRZRSXJKXFHESAFDTINLYAYBACLAVGJLRZTMEGOTEXTBSQXASTFTFUBEAQJJGSANXXKTTZQTOETSMCQNOEDGBMCULLSFATANDPAIGNJENLOGVTFUXAXRLBORGGERBLNCCIYDXOUSKNMILLUVTPIVRWNYTDKGRC
SYNTHETIC_P02	9	-2742.65433788	-2765.7388821	YSYEAMQOO	FPHAWRSANDDOWNFKTPCEOFKRZRSXVKXFHESAFTTINHYJYBNCLADGRLRZTMECOTEXTBSQFASTFTFUBACQJJGSANFTKTTZQTOATSMCQNOELGBMCULLSUCTANDPAIPJJENFOGVTHUXAJRLBONGGERBLNLEEYDXOUSSJUILFUVTPKBRWZYTDKCYC
SYNTHETIC_P02	9	-2755.28399658	-2778.3685408	YGYEGOYGO	FPHAWRGENDDOWNFTLPCKOFHRZRSXJKXLHESAFDTIKGYAYBACLHFGJLRZTMBBOTEXTBSWHASTFTFULMLQJJGSATHBKTTZQTOTTSMCQNOEMGBMCULLSALTANDPAIQRJENLOGVTDUXAXRLBOVGGERBLNKAIYDXOUSURMILLUVTPSVRWNYTDKLRC
SYNTHETIC_P02	9	-2757.43389606	-2780.51844028	YGYEOIUGO	FPHAWRIENDDOWNFPLPCKOFDRZRSXJKXTHESAFDTIGJYAYBACLPZGJLRZTMKEOTEXTBSEBASTFTFUHCAQJJGSABBXKTTZQTOCTSMCQNOEHGBMCULLSDATANDPAIKNJENLOGVTFUXAXRLBORGGERBLNACIYDXOUSONMILLUVTPIVRWNYTDKGRC
SYNTHETIC_P02	9	-2758.16064644	-2781.24519066	YGYEAMWIO	FPHAWRHDNDDOWNFRNPCKOFKRZRSXJKXFHESAFDTINHYMYBACLADGLLRZTMECOTEXTBSQFASTFTFUBAMQJJGSANFZKTTZQTOATSMCQNOELGBMCULLSUMTANDPAIPPJENLOGVTEUXAXRLBOTGGERBLNLBHYDXOUSSPOILLUVTPHERWNYTDKISC
SYNTHETIC_P02	9	-2763.06716824	-2786.15171245	YGYEOSMYO	FPHAWRMINDDOWNFHDPCKOFDRZRSXJKXTHESAFDTIGEYEYBACLPJGBLRZTMKMOTEXTBSELASTFTFUHKEQJJGSABLPKTTZQTOKTSMCQNOERGBMCULLSLETANDPAIUFJENLOGVTJUXAXRLBOJGGERBLNIGMYDXOUSYFEILLUVTPMJRWNYTDKYIC
SYNTHETIC_P02	9	-2765.81417131	-2788.89871553	EYYEAEUIO	RPHAWRIDNIDOWNFPNPONOFKRZRSCAKXFHESACHTINLYMYHSCLAVGLLRZTMEGOTEXTBSQXASTCTFUBEAQJJGSANXXKTTZQTOETSMCQNOEDGBMMULLSFATATDPAIGNJELCOGVTFUXHPRLBORGGBRBLNCCHYJXOUSKNOIICUVTPIERCFYTDKGSC
SYNTHETIC_P02	9	-2774.85552263	-2797.94006685	YWOSYMYYO	FPMGWRGINDDEKNFTDPCCOLLRZRSXZKLDHESAFITBBHYEYBQCZZDGBLRZTFFCOTEXTBGOFASTFTRUCALQJJGJALFBKTTZQTOATSMCQNOELGBMCUDESULTANDFAIPRJENDOMVTDUXANRZBOVGGERGENLAMYDXEISSREILOUVTPSJRWCYTDKLIC
SYNTHETIC_P02	10	-2718.85895157	-2744.50844514	ACIKESSCSA	PTLERSLMTAECYDNFNHOTUXAZRSEELBLUNGESAIUFNKMGZCKCREASGNKKRBQDTYEDSTHDNJATNCYBWTJEHJFFUKVTAGETHADYARFORFEIRVIOLXWRHPBQOBHDGJSDVNFAMIDWDRADVTQHEAVQRNEMRMZNDPIWISSHUXKCVTPEMESSHQZTCLEK
SYNTHETIC_P02	10	-2740.43875599	-2766.08824956	KCIKEQSACA	KTLERSLATAPCYDNFNFOTUXAZRSEFGBLUNGESAGEFIKMGZDKDRELSGNKIRZQDTYEDSTHENJATNCYBWRJEUJFFULVTIGPTHADWARPORFEIRAIOGXWRHPBPOBRDTJSDVNFBHIMWDRADVRQHRAVQRNEARMINDPIWIQSHUXKCVTPFHESSHQZTCLOK
SYNTHETIC_P02	10	-2742.61937618	-2768.26886976	ACIKMQGUSA	PTLERSEDTAECYDNFBZOTUXAZRSKILBLUNGESAAUFNKMGZDDGREASGNKIFTQDTYEDSTAHNJATNCYBKLJEHJFFULVTAGETHADWARFORFEIRABOLXWRHPBPCBHDGJSDVNLEMIDWDRADJLQHEAVQLNKDRMZNDPRWWKSHUXKCVTPIMESSHQZTCLEK
SYNTHETIC_P02	10	-2743.55895519	-2769.20844877	AOIKEQSACI	PTLERSLATNECYDNFNFOAUDAZRSEFGKLHNGESAGENNEMGZDKDRAAEGNKIRZQLTYEDSTHENFATNCYBWRJMHDFFULVTICEFHADWARPWRMEIRAIOGXWDHPBPOBRDGDSDVNFBHEDIDRADVRQPEHVQRNEARIZZDPIWIQSPUXKCVTPFHASSHQZTCLOS
SYNTHETIC_P02	10	-2743.86013126	-2769.50962484	AOIKESSASI	PTLERSLATNECYDNFNFOAUDAZRSEFLKLHNGESAGUNNEMGZCKDRAAEGNKKRZQLTYEDSTHENFATNCYBWRJMHDFFUKVTACEFHADYARFWRMEIRVIOLXWDHPBQOBHDGDSDVNFBMEDIDRADVRQPEHVQRNEARIZZDPIWIQSPUXKCVTPFMASSHQZTCLES
SYNTHETIC_P02	10	-2749.22597265	-2774.87546623	QYIKESSCSA	HTLERSLMTAVCYDNFNHOTULAZRSEELBLRNGESAIUFFMMGZCKCREROGNKKRBQDTYEDSTHDNJATNCYBWTJEMLFFUKVTAGUPHADYARFORTEIRVIOLXWMHPBQOBHDLLSDVNFAMITSDRADVTQHJCVQRNEMRMPJDPIWISSHUXKCVTPEMESSHQZTCLEK
SYNTHETIC_P02	10	-2749.71390581	-2775.36339939	ECIKEQSACQ	ATLERSLATFJCYDNFNFOJUXAZRSEFGGLUNGESAGEVLKMGZDKDRJFSGNKIRZQTTYEDSTHENBATNCYBWRJUFJFFULVTILITHADWARPERFEIRAIOGXWRHPBPOBRDEJSDVNFBHAHWDRADVRQXCAVQRNEAREDNDPIWIQSXUXKCVTPFHJSSHQZTCLOA
SYNTHETIC_P02	10	-2751.89603901	-2777.54553258	OKCIEYSACI	ITBFRSLATNTCSBNFNFOAUFDZRSEFGKLDHGESAGENGGCHZMKDRAPAGLKQRZQLTYHESTHENFATHAYBWRJMAFIGUHVTICSBBYDEARPWRBHJRJIOGXWZBNBXOBRDMFSEVNFBHEREDRADVRQPKJVQRNEARINVDPIWIQSPUXAUVTPFHASSBPZTCLOS
SYNTHETIC_P02	10	-2752.00321817	-2777.65271175	OYCAEMSACI	ITBWRSLATNTCSSNFNFOAULDZRSEFGKLRHGESAGENGMCLZFKDRAPOGDKERZQLTYHISTHENFATHSYBWRJMALIKUAVTICSPBQDSARPWRTHARCIOGXWMBFBLOBRDMLSIVNFBHERSDRADVRQPKCVQRNEARINJDPIWIQSPUXAHVTPFHASSBGZTCLOS
SYNTHETIC_P02	10	-2752.06417179	-2777.71366537	EYIKIQGSQM	ATLERSEETHJCYDNFBXOFULAZRSKJMILRNGESAYSRLMMGZDDHRLFOGNKIFRQPTYEDSTARNDATNCYBKIJQFLFFULVTBAIPHADWARDARTEIRABOMXWMHPBPCBFDELSDVNLFACHSDRADJJQTCCVQANKERGDJDPNWWISTUXKCVTPJALSSHQZTCLCW
SYNTHETIC_P02	11	-2716.58392668	-2744.79836961	WAKIWACECIM	IPEASUMENFLACBBNFXIPAXBRSNSHALREHAGETAGFIERFYGLARGKODZTKTJGRDESRVXGAWKGTDUATEBRIMUUJGXBZIMQTOTTDTQUIODQMPEDHBMHUXCUNDIOTEMAJLPJSLFROMOZAGLOCAEQSGGKCGJIBTDAHEMEUXOGETOAKINYSTAPZKEEU
SYNTHETIC_P02	11	-2720.03743792	-2748.25188085	WACAWACECIM	IPWESUMENFLACSTNFXIPAXBRSNSHALREHAGETAGFIERFYGCERGKODZTKTBYRDESRVXGAWBGTDUATEBRIEUUJGXBZIMQTOTTDTQUIODQMPEDHBMHUXGUNDIOTEMAJDPJSLFROMOZEGLOCAEQSGGCCGJIBTDAHIDEUXOGETOACANYSTAPZKEEU
SYNTHETIC_P02	11	-2721.11861134	-2749.33305427	WUSAWACECIM	IPAESUMENFLACJTNFXIPAXBRSNSHALREHAGETAGFIERFYTHERGKODZTKMRYRDESRVXGDWBGTDUATEBLIEUUJGXBZICQTOTTDTQUIIDQMPEDHBMHUXGUNDIOTEMAJDPJSLFROMOZEGLOCAEQSGGCCGJIBTDAKWDEUXOGETOUTANYSTAPZKHEO
SYNTHETIC_P02	11	-2722.72412443	-2750.93856736	WKEAWACECIM	IPHESUMENFLACVTNFXIPAXBRSNSHALREHAGETAGFIERFYBBERGKODZTKDDYRDESRVXGNWBGTDUATEBAIEUUJGXBZIZQTOTTDTQUIZDQMPEDHBMHUXGUNDIOTEMAJDPJSLFROMOZEGLOCAEQSGGCCGJIBTDACHDEUXOGETOKEANYSTAPZKMEE
SYNTHETIC_P02	11	-2724.25783253	-2752.47227546	WUSGOMCEUIM	IPABSUMENFLACJZNFXIPAXBRSNSBALREHAGETASFIERFYTHBRAKORZTKMRERPESIVXGDWLKTDUETEBLIKMUJGPBZICQTOTTDTQUIIDQMPEDHBMHUXDANDIOTEMAJJGJSLFROMOZRKFOCEEQSGGJUSJITTDAKWQPUXOKETOUTHEYSTSPZKHEO
SYNTHETIC_P02	11	-2731.12264681	-2759.33708974	OAKIWACEUIA	MPEASUMENFESCBBNFXIPALFRSNSHALREASGETAGFIERTYGLARGKORZTKTJGRDESIVXKAWKGTDUETKTRIMUUJGPBNMMQTOTTDTQUAODQMPEDHBMLUXCUNDIOTKEAJLPJSLFRCDOZAGLOCEEQKGGKCGJITTDEHEMEUXOKETGAKINYSTSPZBEWU
SYNTHETIC_P02	11	-2731.81338358	-2760.02782651	WUSAAAUWGQM	IPAESUDINBLACJTNFPAPIXBRSNSHENRAHAGETAGXBERFYTHERGYOBZTKMRYRDXSVVXGDWBETHULTEBLIEYUJGBBZICQTOTTHTQUIIDQMPEVHBMHUXGHNHMOTEMAJDSJKDFROMOZEELOGLAQSGGCGGJIFBDAKWDCUXOEATOUTARYSTEXZKHEO
SYNTHETIC_P02	11	-2732.08602428	-2760.30046722	WKEAAMYAGIM	IPHESUBGNFLACVTNFTEPAXBRSNSBCAREHAGETASBEERFYBBERAMOBZTKDDYRPASVVXGNWBETFULTEBAIEYUJGBBZIZQTOTTFTQUIZDQMPEZHBMHUXGHNFKOTEMAJDSJOHFROMOZEEFOELEQSGGCGSJIFTDACHDCUXOEETOKEARYSTEPZKMEE
SYNTHETIC_P02	11	-2732.59407043	-2760.80851337	WACICKGSGIM	IPWASUNKNFLACSBNFAWPAXBRSNSCLEREHAGETAQJWERFYGCARTIOBZTKTBGRMISVVXGAWKDTBULTEBRIMAUJGBBZIMQTOTTJTQUIODQMPERHBMHUXCGNBBOTEMAJLUJWZFROMOZARGOILEQSGGKJQJIFTDAHIMBUXOEETOACITYSTEPZKEEU
SYNTHETIC_P02	11	-2733.75351667	-2761.96795961	WUSAAKGSGIM	IPAESUNKNFLACJTNFAWPAXBRSNSCLEREHAGETAQJWERFYTHERTIOBZTKMRYRMISVVXGDWBETBULTEBLIEYUJGBBZICQTOTTJTQUIIDQMPERHBMHUXGHNBBOTEMAJDSJWZFROMOZEEGOILEQSGGCGQJIFTDAKWDCUXOEETOUTARYSTEPZKHEO
SYNTHETIC_P02	12	-2692.92390394	-2723.70329623	EMAESSGQMUMK	AWEDUNDFWHIDIDRXNFAVONWINSUMEIVNDRABFSALUWEREXCETFORDTORVEAGRODTHVWSBICDUOGXHHEXDABBIHVBELILRKLABUREVEBAREBXGAMDXHFVATJBDCVNOFFATFUXHGCRBCJHQBAOLNEKYCDGZBBEIWQVSYYXJIEKVAPSMRQXCOYC
SYNTHETIC_P02	12	-2705.00733137	-2735.78672366	EGYESSGQMUMK	AWFDUNDFWHIDIDPXNFAVONWINSUMEIVNDRABFSALUWEREXCETICRDTORVEAGRIATHVWSBICDUOHXHHEXDABBIHTBELILRKLABUREVEBAREBXGAMDXHFVATJBDFVNOFFATFUXHACRBCJHQBAOLNFKYCDGZBBEIWOVSYYXJIEKVDPSMRQRCOYC
SYNTHETIC_P02	12	-2706.09658003	-2736.87597232	CMAESSGIMUSK	BWEDUNDJWHODGDRXNFANONDINSUMEIVNDRKBFSALUWEREXIETFORDTORVEKGRODTHVWSBIIDUOGXHHEXDALBIHVBELILRKRACUREVEBEREUXGAMDXHFNATOBECVNOFFETFUXFGCRBCJZQBAOMNEKYCDKZBLEGWQVSYYPJIKKHAPSMRPXCOYC
SYNTHETIC_P02	12	-2708.99037981	-2739.7697721	UMAESSGIMAEQ	FWEDUNDJWEMAYDRXNFANOTOONSUMEIVNDRELFSALUWEREXUKTFORDTORVBEDRODTHVWSBOUJUOGXHHEXDKFLIHVBELILRQDGGUREVEBERBFXGAMDXHFNAZBBICVNOFFETCUXXGCRBCJZQHAODNEKYCDKZLFBYWQVSYYPJOWQLAPSMRHXCOYC
SYNTHETIC_P02	12	-2711.34364223	-2742.12303452	EMMEQSKQMUMK	AWLDUNBFWHIDIDDXNFEVONWINSUMFIVNDRABFSALSWEREXCETFIRETORVEAGROOTFVWSBICDUOAXIHCXDABBIHHBCLMLRKLABUREVERAREBXGAMDXHIVATJBDCVNOFDATFUXHGCRBCNHQBAOLNLKYCBGZBBEIWCVSYCXJIEKVAPSARQXCOWC
SYNTHETIC_P02	12	-2711.66450787	-2742.44390016	CMAESSGIGMSK	BWEDUNDJWLODGDRXNFANOFDINSUMEIVNGRKBFSALUWERYXIETFORDTORVIKGRODTHVWSBAIDUOGXHHEXGELBIHVBELILLCRACUREVEBERIUXGAMDXHFNALOBECVNOFFETJUXFGCRBCJZQTAOMNEKYCDKZFLEGWQVSYYPJAKKHAPSMRPXCOYC
SYNTHETIC_P02	12	-2716.07947016	-2746.85886245	EMAESSIMMUMK	AWEDUNCHWHIDIDRXNFCRONWINSUMEIVNDRABFSALUWEREXCETFORDTORVEAGRODTHVWSBICDUOGXHHDXDABBIHVBELKLRKLABUREVEAVREBXGAMDXHHQATJBDCVNOFECTFUXHGCRBCLDQBAOLNEKYCCIZBBEIWQVSYATJIEKVAPSMRQXCOYC
SYNTHETIC_P02	12	-2716.82010221	-2747.5994945	AICWSSGQMQMK	PWDHUNDFWRIDFDTPNFAVOIWINSUOEIVNDRABFSACUWEREXCETHARDTORVGAGRKETHVWSBECDUOFXHHEXDCBBIHXBELILRGLADURIVEBARGBXGAMVXHFVAPJBFEVNOFFATHUXDCCRBCJHQXAOANDBYCDGZDBEEWSNSYYXJEEKICPSMRNTCOYC
SYNTHETIC_P02	12	-2720.5206604	-2751.30005269	EGYASYECMUMK	AWFFUNEMWHIDIDPTNFYHONWINSUBEFVNDRABFSAHUCEREXCETICRDTORVEAGRIATHVWSBICDUOHXHEFXDABBIHTBERGLRKLABURGVBCHREBXGAMZXNDHATJBDFVNOCGHTFUXHACRBCHTQBAOLNFMYMEAZBBEIWORSEWJJIEKVDPSMRQRCOYC
SYNTHETIC_P02	12	-2721.30690575	-2752.08629804	EGYASYWQMUMK	AWFFUNIFWHIDIDPTNFQVONWINSUBEFVNDRABFSAHUCEREXCETICRDTORVEAGRIATHVWSBICDUOHXHEJXDABBIHTBERYLRKLABURGVBGAREBXGAMZXNVVATJBDFVNOCKATFUXHACRBCZHQBAOLNFMYMIGZBBEIWORSEOXJIEKVDPSMRQRCOYC
SYNTHETIC_P02	13	-2699.26426077	-2732.60860242	YYAWEOUKOMYYC	KRFUNTDERIJIKDDRONEPOPEIXKOBEKNWHTMENBYBECAFQNWEHATCTORVOMBDVSHERMUWTACLDASDQZLWKJEBTETZETABLENCEDRAQLNDOIKCDUATUHFXABXXASCLBIPQJTXOMRREEMOVERNAOWGGQBRJJXICEDHXOULBPSVRYZQYTSTRYSCK
SYNTHETIC_P02	13	-2700.6231432	-2733.96748484	YYAWEOUKYMGGW	KRFUNTDERIVEADDRONEPOPERFEOBEKNWHTHEKNYBECAFQNWOHJACTORVOMBDVSDARMUWTACLDASLYZLWKJEBTETZADDBLENCEDRAQTUDOIKCDUATUHBXDBXXASCLBIPYJNXOMRREEMOVABNAOWGGQBRJJFRCEDHXOULBPSVRYZQYTSTRYSCK
SYNTHETIC_P02	13	-2702.91517687	-2736.25951852	YOKAEOUKOMYYC	KRAHNTDERIJIKDDBTNEPOPEIXKOGMINWHTMENBYBUMEFQNWEHATCTORVOMBDVSHERMUWTACLDASDQZLWFHEBTETZETABLORCEDRAQLNDOAFADUATUHFXABNHASCLBIPQJTXOHRREEMOVERNAOGGGQBRJJXICEICXOULBPSVRYPAYTSTRYSCK
SYNTHETIC_P02	13	-2705.16349936	-2738.507841	MEWWEOUKOMYYU	DRHUNTDERIJIBRDNONEPOPEIXCOLGKNWHTMENBYBKYAFQNWEHATCAORVOMBDVSHERBUWTACLDASDQZEWMJEBTETZETEPLANCEDRAQLNDOFMCDUATUHFXEBDTASCLBIPQJLXOBRREEMOVERNAOSGGQBRJJXICKPJXOULBPSVRMEMYTSTRYSCK
SYNTHETIC_P02	13	-2708.61047411	-2741.95481576	OQKAEOUKOMYYU	WRAHNTDERIJIBSDBTNEPOPEIXCOFMINWHTMENBYBWMEFQNWEHATCMORVOMBDVSHERDUWTACLDASDQZDWFHEBTETZETERLORCEDRAQLNDOUFADUATUHFXEBOHASCLBIPQJLXOHRREEMOVERNAOGGGQBRJJXICJHCXOULBPSVRORAYTSTRYSCK
SYNTHETIC_P02	13	-2710.16676998	-2743.51111163	YYAWEOUKOQIGW	KRFUNTDERGEEADDRONEPOPISFEOBEKNWHTMCJNYBECAFQNWELLACTORVOMBDVSTARMUWTACLDASMYZLWKJEBTETZMDDBLENCEDRAQVUDOIKCDUATUFAXDBXXASCLBITAJNXOMRREEMOVQBNAOWGGQBRJJGRCEDHXOULBPSVRYZQYTSTRYSCK
SYNTHETIC_P02	13	-2710.55001974	-2743.89436139	YYAWEOUKYUOGW	KRFUNTDEREBEADDRONEPOPMYFEOBEKNWHTHAGNYBECAFQNWOPRACTORVOMBDVSMARMUWTACLDASTYZLWKJEBTETZJDDBLENCEDRAQBUDOIKCDUATUDKXDBXXASCLBIXGJNXOMRREEMOVJBNAOWGGQBRJJNRCEDHXOULBPSVRYZQYTSTRYSCK
SYNTHETIC_P02	13	-2711.18505812	-2744.52939976	YYAWOYMKOMYYC	KRFUNTHERIJIKDDRONEHOPEIXKOBEKNWLTMENBYBECAFQFWEHATCTORVOTFDVSHERMUWTANDDASDQZLWKJTJTETZETABLENNODRAQLNDOIKCLUETUHFXABXXACCDBIPQJTXOMRRMIMOVERNAOWGGATRJJXICEDHXOUCBPSVRYZQYTSLRYSCK
SYNTHETIC_P02	13	-2712.15415144	-2745.49849309	YYAWOYMKYMGGW	KRFUNTHERIVEADDRONEHOPERFEOBEKNWLTHEKNYBECAFQFWOHJACTORVOTFDVSDARMUWTANDDASLYZLWKJTJTETZADDBLENNODRAQTUDOIKCLUETUHBXDBXXACCDBIPYJNXOMRRMIMOVABNAOWGGATRJJFRCEDHXOUCBPSVRYZQYTSLRYSCK
SYNTHETIC_P02	13	-2716.53983259	-2749.88417424	YOKAEOUKYMGGW	KRAHNTDERIVEADDBTNEPOPERFEOGMINWHTHEKNYBUMEFQNWOHJACTORVOMBDVSDARMUWTACLDASLYZLWFHEBTETZADDBLORCEDRAQTUDOAFADUATUHBXDBNHASCLBIPYJNXOHRREEMOVABNAOGGGQBRJJFRCEICXOULBPSVRYPAYTSTRYSCK
SYNTHETIC_P02	14	-2650.96928501	-2686.87857602	IQOIWUGSQGQWIE	ASANINGIOFMACONDFANFAXOYBURNEFWRITHEFIQAIJKVEROWXNTADDIUTDBESTAINWGGTRAFFAATKLZAUMIJWLZQIETTSTQJRTDWARIIDQNPFUGBNJDOTASMANGOVVJSHJMAFRSACRBDANNNGZYCTLEAUWHBCOAXXISNJCITELPSKRVBCOCC
SYNTHETIC_P02	14	-2652.3234086	-2688.23269961	ICOIWUGSQGQWIW	ASANINGIOFMACONDFANFAXOYBURNEMWRITHEFIQAIAKHEROWXNTADDIMTKBESTAINWGGTGARFAATKLZAUMIAWFZQIETTSTQJRTDIARIIDQNPFUGBNDDOTASMANGOVVJEHJMAFRSACRBDAMNNGZYCTLEAULHMCOAXXISNJCIKETPSKRVMCOCC
SYNTHETIC_P02	14	-2653.25411367	-2689.16340468	MYCAWUWSQWOIQU	LSGAINLIOKAHLORDTTNFQXOOZGZNCBWRITMEFAQHEBODEROWNNTQDPQKTMHISTFINWHATHANTSATALZASYIYWHZQIETTSTQDRTDEARIIDQNPFGGBNFXOTASMACHOVVJAUJMAFRSRCRBDLBNNGZACTOFHUMLICOAXMISCHOIICHPSKRZJCOCC
SYNTHETIC_P02	14	-2655.26309156	-2691.17238257	IYCAWUKACGQWIE	ASGAINEEOFMACONDTTNFEFOYBURNEBWRITFAMIQAIJKDEROWBVFADDIUTMHISTLENWGGTRANTSATOTZAUMIJWHZQIETTSTQJRTDEARIIDQNPFUGBNFXOTASIHNGOVVJAUJMAFREACRBDABNNGZGLTLEAUWHICOAXAQSNJCITEHPSKRVJCOCC
SYNTHETIC_P02	14	-2656.98511314	-2692.89440415	GYCAWUKACGQWIC	BSGAINEEOFMACOLDTTNFEFOYBURNFBWRITFAMIQAIKIDEROWBVFADDISTMHISTLENWGGTDANTSATOTZAUMIGWHZQIETTSTQJRTDEARIIDQNPFUGBNFXOTASIHNGOVVJAUJMAFREACRBDBBNNGZGLTLEAUIFICOAXAQSNJCIQFHPSKRTJCOCC
SYNTHETIC_P02	14	-2657.18052101	-2693.08981202	IQOIWUKACGQWIE	ASANINEEOFMACONDFANFEFOYBURNEFWRITFAMIQAIJKVEROWBVFADDIUTDBESTLENWGGTRAFFAATOTZAUMIJWLZQIETTSTQJRTDWARIIDQNPFUGBNJDOTASIHNGOVVJSHJMAFREACRBDANNNGZGLTLEAUWHBCOAXAQSNJCITELPSKRVBCOCC
SYNTHETIC_P02	14	-2657.57196045	-2693.48125145	IQOIWUGWAGQWIE	ASANINGGOFMACONDFANFABOYBURNEFWRITHCAIQAIJKVEROWXRDADDIUTDBESTAGNWGGTRAFFAATKPZAUMIJWLZQIETTSTQJRTDWARIIDQNPFUGBNJDOTASKINGOVVJSHJMAFRCACRBDANNNGZYATLEAUWHBCOAXXMSNJCITELPSKRVBCOCC
SYNTHETIC_P02	14	-2658.5346446	-2694.44393561	ICOIWUKACGQWIW	ASANINEEOFMACONDFANFEFOYBURNEMWRITFAMIQAIAKHEROWBVFADDIMTKBESTLENWGGTGARFAATOTZAUMIAWFZQIETTSTQJRTDIARIIDQNPFUGBNDDOTASIHNGOVVJEHJMAFREACRBDAMNNGZGLTLEAULHMCOAXAQSNJCIKETPSKRVMCOCC
SYNTHETIC_P02	14	-2658.92608404	-2694.83537505	ICOIWUGWAGQWIW	ASANINGGOFMACONDFANFABOYBURNEMWRITHCAIQAIAKHEROWXRDADDIMTKBESTAGNWGGTGARFAATKPZAUMIAWFZQIETTSTQJRTDIARIIDQNPFUGBNDDOTASKINGOVVJEHJMAFRCACRBDAMNNGZYATLEAULHMCOAXXMSNJCIKETPSKRVMCOCC
SYNTHETIC_P02	14	-2659.67570543	-2695.58499644	MYCAWMWSMWOIQU	LSGAINLIOKAHLORDTTNFQXOOZGZNCBWRITMEHAQHEBODEROWNNPQDPQKTMHISTFINWHATHANTSATALZASYIYWHZQIITTSTQDRTDEARIADQNPFGGBNFXOTESMCCHOVVJAUJMSFRORCRBDLBNNGZACTOFHUMLICOAXMISCHOIICHPSKRZJCOCC
SYNTHETIC_P02	15	-2744.44947767	-2782.92371803	IGEMUSIYAIUACQC	BULANWAOVDBGANANDVENEDDOBEZLNURTEXDEHEYIBGCJRFQWXLNKTDOURGSLTQRHWOAHEDETXICBSIFYAMOJMTVJHXTSEQUITVNAVEAMXCRMPEQHBNHXOBVBJLMCVTLUXKZRDYOLBCQBCLPQOAOYGHHEWKFLGCHVTPEARAMIANSIZQZTSAWY
SYNTHETIC_P02	15	-2753.00080204	-2791.4750424	IGEMAISSOYAQCQC	BULANWIFVILLANANDVENENWORKPLNURTEXAJCHYALLCJRFQWXRDUNDEAHGSLTQRHWOIKKIBTXICBSIFYAWIJCZVJHXTSEQUATVNFVJAMXCRMPEGHBNXXEBVBJLMCVTGLXCZRDYOLBCQBCVIQEAOYGHHEWKCDBFAVTPEARAMIATISTEZTSAWY
SYNTHETIC_P02	15	-2753.6611557	-2792.13539606	IGEMWSYSOYAQCQC	BULANWFFVILLANANDVENETWORKPLNURTEXCEMHYALLCJRFQWXNNANDEAHGSLTQRHWOFKKIBTXICBSIFYACIJCZVJHXTSEQUITVNFVJAMXCRMPEQHBNXXEBVBJLMCVTDLXCZRDYOLBCQBCBIQEAOYGHHEWKELLFAVTPEARAMIAPSYTEZTSAWY
SYNTHETIC_P02	15	-2754.56096792	-2793.03520828	IGEMUSIYIYAQCQC	BULANWAOVILLANANDVENEDDORKPLNURTEXDEHEYALLCJRFQWXLNKTDEAHGSLTQRHWOAHAIBTXICBSIFYAMOJCZVJHXTSEQUITVNFVJAMXCRMPEQHBNXXEBVBJLMCVTLUXCZRDYOLBCQBCLPQEAOYGHHEWKFLGCDVTPEARAMIANSIZYZTSAWY
SYNTHETIC_P02	15	-2755.01665211	-2793.49089247	KYMMKSIYAIUACQW	AUHANWAOVDBGANDPDDENEDDOBEZLNORTAXNEHEYIBGCJRFQEXANKTDOURGSLTQLHWOAHEDETXIFBSRFYAMOJMTVJHRTSAQUITVNAVEAMXCRMPEQHBNHXOBVBICICVTLUXKZRDYONTCQBCLPQOAOYGHGIWKKLGCHVTPEARCEIADSIZQZTSAWY
SYNTHETIC_P02	15	-2755.34428549	-2793.81852585	IGEMUCIOAIUACQC	BULANWAHVDBGANANDVENEDSOBEZLNURTEXDMHJYIBGCJRFQWXLXKJDOURGSLTQRHWOAMEDETXICBSIFYAMEJMTVJHXTSEQUDTVNAVEAMXCRMPEAHBNHXOBVBJLMCVTLAXKZRDYOLBCQBCLEQOAOYGHHEWKFGGHHVTPEARAMIANCIPQZTSAWY
SYNTHETIC_P02	15	-2756.31958342	-2794.79382378	IGEMUCIOAOQECQC	BULANWAHVADEANANDVENEDSOHADLNURTEXDMHJYFDECJRFQWXLXKJDUQVGSLTQRHWOAMEAGTXICBSIFYAMEJSPVJHXTSEQUDTVNKVCAMXCRMPEAHBNNXSBVBJLMCVTLAXHZRDYOLBCQBCLEQUAOYGHHEWKFGGHHVTPEARAMIANCIPQZTSAWY
SYNTHETIC_P02	15	-2757.09703207	-2795.57127243	IGEMUSISSYAQCQC	BULANWAFVILLANANDVENEDWORKPLNURTEXDEHHYALLCJRFQWXLNKNDEAHGSLTQRHWOAKIIBTXICBSIFYAMIJCZVJHXTSEQUITVNFVJAMXCRMPEQHBNXXEBVBJLMCVTLLXCZRDYOLBCQBCLIQEAOYGHHEWKFLGFLVTPEARAMIANSITIZTSAWY
SYNTHETIC_P02	15	-2758.12341595	-2796.59765631	OYMEMSIYAIUACQW	LUHENWAOVDBGANDTDDWNEDDOBEZLNORTAXHEHEYIBGCJRFQEXDNKTDOURGSLTQLLWOAHEDETXIFBSRXYAMOJMTVJHRTSAQUITVNAVEAMXCRMPEQHBNHXOBVBGCIGVTLUXKZRDYORTCQBCLPQOAOYGHEIWBPLGCHVTPEARGEISESIZQZTSAWY
SYNTHETIC_P02	15	-2758.79179955	-2797.26603991	IGEQAASYIIUACQC	BULLNWIOVDBGANANDVINENDOBEZLNURTEXAACEYIBGCJRFQWXRVUTDOURGSLTQRFWOIHADETXICBSIJYAWOJMTVJHXTSEQUETVNAVEAMXCRMPEYHBNHXOBVBJLMAVTGUXKZRDYOLBCQBCVPQOAOYGHHEWICHBCDVTPEARAMIETASZYZTSAWY
SYNTHETIC_P02	16	-2677.80154371	-2718.84073343	MSOIYGGOIIIISWYU	BNMNWRLBDHCKNOIARDEAMFASOATHAMRRENGHEIZECMRATACHFXFCBBCUJZGLLOWTORMAULDDQMDXAMITYASYILFUIGCBFOBKVERERLEDJBDXKUBRHANHWVFTAGEBHCPAOZRRMORHEMANECRZQZAOUHHRPPIIQGCPUXHUVTPLEASSNPZTCLUS
SYNTHETIC_P02	16	-2689.32146406	-2730.36065378	MSOUYOOOIIIISWYU	BNMDWRHBDHCKNOIARDENMFISOATHAMRRENGBEEZECMRATACHFXFOBJCUJZGLLOWTORMHUHTDQMDXAMITYASKITMUIGCBFOBKVERLROADJBDXKUBRHANTWCNTAGEBHCPAOZRRMORHEMANECRZQZAOUHHRPPIIQGCPUXHKVTPLEASSNAZTCLUS
SYNTHETIC_P02	16	-2690.30385733	-2731.34304705	MSOIYGGOIIIISIAU	BNMNWRLBDHCKNOHARDEAMFASOATHAMTRENGHEIZECMRATHBHFXFCBBCUJZGLLAYTORMAULDDQMDXAGHTYASYILFUIGCBFADKVERERLEDJBDXKUARHANHWVFTAGEBHCRAOZRRMORHEMANEJRZQZAOUHHRPPIIQSCPUXHUVTPLEASSNPZTCLUS
SYNTHETIC_P02	16	-2690.5588336	-2731.59802332	MSOIYGGOIIIISAKU	BNMNWRLBDHCKNOCARDEAMFASOATHAMDRENGHEIZECMRATLJHFXFCBBCUJZGLLSITORMAULDDQMDXAKCTYASYILFUIGCBFSNKVERERLEDJBDXKUNRHANHWVFTAGEBHCAAOZRRMORHEMANEARZQZAOUHHRPPIIQKCPUXHUVTPLEASSNPZTCLUS
SYNTHETIC_P02	16	-2690.72149944	-2731.76068916	MSOIYMOYCIIISWYU	BNMNWRHJGHCKNOIARDEAMFICOATHAMRRENGHEFZMFMRATACHFXFCBHCEDZGLLOWTORMAUITLQMDXAMITYASYIRMUIGCBFOBKVERERIALMBDXKUBRHANHWBNDAGEBHCPAOZRRMORCHMANECRZQZAOUHHBJPIIQGCPUXHUVTPGHASSNPZTCLOS
SYNTHETIC_P02	16	-2691.03178692	-2732.07097664	MSOUOIUMCIIISWYU	BNMDWREVGHCKNOIARDENMFOROATHAMRRENGBJHZFFMRATACHFXFORDCSDZGLLOWTORMHUKJEQMDXAMITYASKINTUIGCBFOBKVERLRKKEMBDXKUBRHANTWXTRAGEBHCPAOZRREORIHMANECRZQZAOKHHPJPIIQGCPUXHKVTPMHASSNAZTCLOS
SYNTHETIC_P02	16	-2693.74245358	-2734.78164329	MYOUGSQYCIIISWYU	BNMDWRGJGHCKNOIARDENMFKCOATHAMRRENGBACZMFMRATACHFXFOJNCEDZGLLOWTORMHUFLLQMDXAMITYASKIXPUIGCBFOBKVBRLRFULMBDXKUBRHANTWHODAGEBHCPAOARRIORCHMANECRZQEAOCHHBJPIIQGCPUXHKVTPGHASSNAZTCLOS
SYNTHETIC_P02	16	-2694.26217318	-2735.3013629	MSMEMMOYCIIISWYU	BNALWRHJGHCKNOIARDCXMFICOATHAMRRENHJKFZMFMRATACHFXDYPHCEDZGLLOWTORACUITLQMDXAMITYAQUIRMUIGCBFOBKVERGRIALMBDXKUBRHANDWBNDAGEBHCPAOZRRFORCHMANECRZQZAOIHHBJPIIQGCPUXIFVTPGHASSLKZTCLOS
SYNTHETIC_P02	16	-2694.28170395	-2735.32089367	MSOIQWGMCIIISWYU	BNMNWRLVGHCKNOIARDEAMFAROATHAMRRENGHIAZFFMRATACHFXFCTRCSDZGLLOWTORMAUDDEQMDXAMITYASYIBFUIGCBFOBKVERERDEEMBDXKUBRHANHWLFRAGEBHCPAOZRRDORIHMANECRZQZAOMHHPJPIIQGCPUXHUVTPMHASSNPZTCLOS
SYNTHETIC_P02	16	-2694.65022278	-2735.6894125	MSOOQMOYCIIISWYU	BNMGWRHJGHCKNOIARDEHMFICOATHAMRRENGEIFZMFMRATACHFXFITHCEDZGLLOWTORMKUITLQMDXAMITYASEIRMUIGCBFOBKVERBRIALMBDXKUBRHANNWBNDAGEBHCPAOZRRDORCHMANECRZQZAOMHHBJPIIQGCPUXHAVTPGHASSNUZTCLOS
SYNTHETIC_P02	17	-2682.09877682	-2725.70291589	ECMKUMKIWAUCMCKIQ	LTHERODDYGENIUFAZJCDCNEENOTFAUNDFEJCFHYALARGYALLTKJUXPECTLYHDKULBRKSOFEQQUFWMHJVAWBZQJHLUJGFBITWKRSIZDIMSCATCNGXOFESDENDHAIRBYDMBJFEJAOFBRNNDLZYATELYGEMPLIIISWDOAWLTSICOJTPMVHDOSCJ
SYNTHETIC_P02	17	-2691.18235922	-2734.7864983	SSAQSYYIWAUCMCWOA	ETABROJDYGENIUMKZXCRINESNOTFAUNPLECHLEYHEARGYALLTHEINDKCFZYHDKULBRQCOKKQQULWMHJVAWIFQJXZUJGTBITWKRSUEDBESUBTINGXOFESKBNRXAPPBMDMBJFEJMUFHINNERZYATELYGLJPZZIIQJDOAWLTSIOUJTPFVIDOGCJ
SYNTHETIC_P02	17	-2692.07653809	-2735.68067716	WIUQSYYIWAUCMCWOS	NTDBROJDYGENIUMKZACLINESNOTFAUNPLEAMYEYHEARGYALLTHIMDWKCFZYHDKULBRQUOTAQQULWMHJVAWIFQJMTUJGTBITWKRSUEDXJSUBTINGXOFESKBNUNAPPBMDMBJFEJMUFFANNERZYATELYGLJPDPIIQJDOAWLTSIOUJTPIVIDOACJ
SYNTHETIC_P02	17	-2692.28374767	-2735.88788675	WAAQSYYIWAUCMCWOA	NTABROJDYGENIUMKZACRINESNOTFAUNPLEADLEYHEARGYALLTHEMVDKCFZYHDKULBRQCOGKQQULWMHJVAWIFQJFZUJGTBITWKRSUEDXASUBTINGXOFESKBNUFAPPBMDMBJFEJMUFFENNERZYATELYGLJPDHIIQJDOAWLTSIOUJTPFVIDOGCJ
SYNTHETIC_P02	17	-2699.68005514	-2743.28419422	YSQQSYYIWAUCMCWOA	BTFBROJDYGENIUMKZDCHINESNOTFAUNPLEMHDEYHEARGYALLTHEONTKCFZYHDKULBRQCOKCQQULWMHJVAWIFQJXPUJGTBITWKRSUEDLESUBTINGXOFESKBNXXAPPBMDMBJFEJMUFEINNERZYATELYGLJPFZIIQJDOAWLTSIOUJTPKVIDOWCJ
SYNTHETIC_P02	17	-2699.76305819	-2743.36719726	ECMKUMGOAYUCKSCIQ	LTHEROFAYHENJUXAZJCDCNEATORFASNUFEJCFHYAQKRHYARDTKJUXPECTGEHBKUIRRKSOFEQQUHWKIJVBAFZQJHLUJGBBMRWKPJAZDIMSCATENEXOFFSHENDHAIRBUDQBJFCJSOFBRNNDLZYLTELYLIMPLIIISWDOEWLTSYUOJTPMVHDOSCJ
SYNTHETIC_P02	17	-2704.83340263	-2748.43754171	YSEKUEGIWAUCUQIMK	BTLEROFDYGENOUGRZDCVCNEANOTFADNBIEMHJHYEQARGYAHETIMONHECLGYHDKUTPROMOKIQQUHWMHJVJBCGQJXDUJGBBITWKZHGCDLESCATENGXOFASECNXXAIRBUDMBJFMJYSFEINNDCZYATELYMFKPFZIISODOAWLTSWASJTPSVHDOLCJ
SYNTHETIC_P02	17	-2705.74093342	-2749.3450725	MAAQSYYIWAUCMQQGA	HTABROJDYGENIUCBZRCRINESNOTFAUNJDEFDLEYHEARGYALETLECVDKCFZYHDKULPRICOGKQQULWMHJVABLJQJFZUJGTBITWKRHOWDEASUBTINGXOFESAFNLFAPPBMDMBJFEJGMFKENNERZYATELYMBAPTHIIQJDOAWLTSWIMJTPFVIDOGCJ
SYNTHETIC_P02	17	-2708.7373023	-2752.34144138	UCAQSMKIWAUCMCKIQ	DTABRODDYGENIUFAZZCRINEENOTFAUNDFEBCLEYALARGYALLTKJKXDKCTLYHDKULBRKSOFKQQUFWMHJVAWBZQJHZUJGFBITWKRSIZDAMSUBTCNGXOFESDENTHAPPBYDMBJFEJAOFGRNNELZYATELYGEMPBIIIQWDOAWLTSICOJTPFVIDOGCJ
SYNTHETIC_P02	17	-2708.76011038	-2752.36424946	ECMKUUGIWAUCUYIQC	LTHEROFDYGENOUGJZJCDCNEANOTFADNBNEJCFHYJQARGYAHATGDUXPECBGYHDKUTXRSEOFEQQUHWMHJVJKCEQJHLUJGBBITWKZPGGDIMSCATENGXOFASEANDHAIRBUDMBJFMJYWFBRNNDHZYATELYIFIPLIIISEDOAWLTSEAWJTPMVHDOSCJ
SYNTHETIC_P02	18	-2592.68546152	-2638.85454996	SGOKACAWCOQYGMKWUC	KNCMOVHATHNCUXMBREWDEDMEVAPHAWONDSEEDITLEDTAOKEHOLDOJYUADRATHYKHPXQONSIVUXCXHFITIMEETITTIFIHJANUCLHEOPCSBQHRERDOTJFVHGOOFCTPUXHCFBJETISVFRJHCRACKOFGUIDEUDGIFTKSVRWXFASISDICJYHMAYSS
SYNTHETIC_P02	18	-2593.96746206	-2640.1365505	AGYYAMCIKOQYGMKYUQ	GNKFOVGHTHNCUXMARKEDORMEXMPHAWONDUESMITEELTHOKEHOLDOJYCADFADHKKHPXQONSIVUXWXHAHTEMEETITTILIHSANEELPEOPCSBQHFARLOTEEVDGOOFCTPUXPCPBJOVIAVFRJHCRACGOAMUWCLUDGIFTKSVREXPOSTUPICJYHMAYSS
SYNTHETIC_P02	18	-2597.14999247	-2643.3190809	EOOSAMCIOMCYGMKQCG	ENCIOVGHTIMCUXMERCIDELMEXMPFNWONDMEIKETHELTHOLLHOLDOFYGIDZADHKKFBXQONSQVUXCXHAHTWALETITTEDIHJANEELSCAPCSBQPVLRDOTEEVBHOOFCTPUXTCFBJOVIETFRJHCRACEOFCUWCLUEAIFTKSVRIXFISTUPIAVYHMAYSS
SYNTHETIC_P02	18	-2599.40184641	-2645.57093484	EOOUEMMGCOQYGMKQCG	ENCHOVBITHNCUXMERCIDENMEHKPHAWONDMEIKETGCLTIOKEHOLDOFYGIDBEDHIKHPXQONSQVUXCXFACTIMEETITTEDIHJAREOLHEOPCSBQPVLRDOTEMVHGOOFCTPUXTCFBJOFISVFRJHCRACEOFBUWKMUDGIFTKSVRIXFKSTENICJYHMAYSS
SYNTHETIC_P02	18	-2599.99225712	-2646.16134555	SGOKACAWKESYGMKQCG	KNCMOVHATMECUXMERCWDEDMEVAPXDWONDMEIDITLEDTAOCDHOLDOFYUADRATHYKXRXQONSQVUXCXHFITEEDETITTEDIHJANUCLPUQPCSBQPVERDOTJFVDLOOFCTPUXHCFBJETIALFRJHCRACKOFGUIDEUIFIFTKSVRWXFASISDISLYHMAYSS
SYNTHETIC_P02	18	-2600.04579306	-2646.21488149	SGOKACAWKESYGMKWUC	KNCMOVHATMECUXMBREWDEDMEVAPXDWONDSEEDITLEDTAOCDHOLDOJYUADRATHYKXRXQONSIVUXCXHFITEEDETITTIFIHJANUCLPUQPCSBQHRERDOTJFVDLOOFCTPUXHCFBJETIALFRJHCRACKOFGUIDEUIFIFTKSVRWXFASISDISLYHMAYSS
SYNTHETIC_P02	18	-2600.0974164	-2646.26650484	SGKKAEGAOYQYGMKWUC	KNEMOVELTCNCUXMBREWDADMEBEPRAWONDSEEDITLECTLOFEHOLDOJYUADRAVHCKRPXQONSIVUXEXHEFTWHEETITTIFIHFANWILSOOPCSBQHRERFOTICVBBOOFCTPUXHCBBJGZIEFFRJHCRACKOHGUHACULGIFTKSVRWXBASKYHIMJYHMAYSS
SYNTHETIC_P02	18	-2600.29972029	-2646.46880872	SGOKACAWEMSYGMKQCG	KNCMOVHATIECUXMERCWDEDMEVAPFDWONDMEIDITLEDTAOLDHOLDOFYUADRATHYKFRXQONSQVUXCXHFITHADETITTEDIHJANUCLJCQPCSBQPVERDOTJFVGHOOFCTPUXHCFBJETIUTFRJHCRACKOFGUIDEUEFIFTKSVRWXFASISDIALYHMAYSS
SYNTHETIC_P02	18	-2600.35325623	-2646.52234466	SGOKACAWEMSYGMKWUC	KNCMOVHATIECUXMBREWDEDMEVAPFDWONDSEEDITLEDTAOLDHOLDOJYUADRATHYKFRXQONSIVUXCXHFITHADETITTIFIHJANUCLJCQPCSBQHRERDOTJFVGHOOFCTPUXHCFBJETIUTFRJHCRACKOFGUIDEUEFIFTKSVRWXFASISDIALYHMAYSS
SYNTHETIC_P02	18	-2601.00155497	-2647.1706434	AGYYAMCIOMCYGMKYUQ	GNKFOVGHTIMCUXMARKEDORMEXMPFNWONDUESMITEELTHOLLHOLDOJYCADFADHKKFBXQONSIVUXWXHAHTWALETITTILIHSANEELSCAPCSBQHFARLOTEEVBHOOFCTPUXPCPBJOVIETFRJHCRACGOAMUWCLUEAIFTKSVREXPOSTUPIAVYHMAYSS
SYNTHETIC_P02	19	-2665.62377071	-2714.35780851	IMAQECAOMYUUMAIAEAU	JWEGVULMOBEKXRIESAINCRIMFUTPRETUNAWEDSQLELYARFACRLITYVVSTDSBHGELHLWQXOSWVWSBCCGWELDMIHTSADUREVNUEDLISZEDFARZPCQMPFEVAGOHIMPUXEGERLOREAIRXFQDIDQADOQQGBPRUDDHFJBUVTFIVRIASRECRYTTSAYS
SYNTHETIC_P02	19	-2666.33831263	-2715.07235042	YIMQESQIGEUICIWAEAU	BWLGVUDTOLEDJRBESAIDCDIMFKMPXEHLNOWEDSQALLYFRIDOREATAVVSTDONHGULBFDQLESLVWSBHEAWEDICLETSFMUREVNKAPLIIPYDLARPXCQMPFVVHGOMACPUXKLARLORERIDXFQTCDQADEYQGBPRUFKHFBGUVTFBVRIWERESHYTTSOYS
SYNTHETIC_P02	19	-2666.42273092	-2715.15676871	YIMQECQSUEUGMIKIEAU	BWLGVUDKOLEEXRHASAIDCDIMFKXPXEFUNCEEDSQALLYARDJORFITGVVSTDONHGELLTDQJOSZVWSBHEAWELIKEETSAMUREVNKAPLISPIDLARZXCQMPFVVHGOHATPUXLGARHORERIDXFQTNDQADOYQOBPRUFKHFJGUVTFCVRIWERECHYTTSMYS
SYNTHETIC_P02	19	-2667.41767693	-2716.15171472	YIMQECQSUEUICIWAEAU	BWLGVUDKOLEDJRBESAIDCDIMFKXPXEHLNOWEDSQALLYARDJOREATAVVSTDONHGELLTDQLESLVWSBHEAWELIKEETSFMUREVNKAPLISPIDLARPXCQMPFVVHGOHATPUXKLARLORERIDXFQTNDQADEYQGBPRUFKHFJGUVTFBVRIWERECHYTTSOYS
SYNTHETIC_P02	19	-2670.35455561	-2719.0885934	EIMQESQIOYUUMIKIEKC	LWLGVUDTOBEKXRHASIEJCDIMFKMPRETUNCEENAQALLYFRITCRLITGVVSTDONHGULBMWQXOSZVWSBEEAWEDICHHTSAMUREVNQAPLIIPYDFARZXCQMPFGVHGOMACPUXEGARHORAWIDXFQTCDQADOYQOBPZUFKHFBGUVTFIVRIWERESHYTTSAYS
SYNTHETIC_P02	19	-2671.24038839	-2719.97442619	YIMQECQSUEQGCAWAEAU	BWLGVUDKOLGEJRBESAIDCDIMFKXPXAFLNOWEDSQALLYARDJORFATAVVSTDONHGELLTDQJESLVWSBHEAWELIKEETSFDUREVNKAPLISPIDLARPPCQMPFVVHGOHATPUXLLERLORERIDXFQTNDQADEQQGBPRUFKHFJGUVTHCVRIWERECHYTTOMYS
SYNTHETIC_P02	19	-2672.6851325	-2721.4191703	YIMQEWQQGWSQYGWAEAU	BWLGVUDLOCOULRBESAIDCDIMFKVPPDOHNOWEDSQALLYDREDDRACTAVVSTDONHGYLJFUQTASLVWSBHEAWEBILLITSHAUREVNKAPLIMPGDDARLVCQMPFVVHGOKALPUXGABRLORERIDXFQTKDQADAWQGBPRUFKHFMGUVTGKVRIWEREWHYTTQWYS
SYNTHETIC_P02	19	-2672.89313889	-2721.62717668	IMAQECQSUEUGMIKIEAU	JWEGVUDKOLEEXRHASAINCRIMFKXPXEFUNCEEDSQLELYARDJORFITGVVSTDSBHGELLTDQJOSZVWSBCCGWELIKEETSAMUREVNUEDLISPIDLARZXCQMPFEVAGOHATPUXLGARHOREAIRXFQTNDQADOYQOBPRUDDHFJGUVTFCVRIASRECHYTTSMYS
SYNTHETIC_P02	19	-2673.88808489	-2722.62212268	IMAQECQSUEUICIWAEAU	JWEGVUDKOLEDJRBESAINCRIMFKXPXEHLNOWEDSQLELYARDJOREATAVVSTDSBHGELLTDQLESLVWSBCCGWELIKEETSFMUREVNUEDLISPIDLARPXCQMPFEVAGOHATPUXKLARLOREAIRXFQTNDQADEYQGBPRUDDHFJGUVTFBVRIASRECHYTTSOYS
SYNTHETIC_P02	19	-2675.13535595	-2723.86939374	IMAQECAOMGUIEKQIEMU	JWEGVULMOKEDIREASHINCRIMFUTPZEHNNIEEPSQLELYARFALREMTDVVSTDSBHGELHLEQLGSFVWSBCCGWELDMITTSELUREVNUEDLISZEDMARRZCQMPFEVAGOHIMPUXKKMRHOREAIRXFQDIDQADGAQOBPRUDDHFJBUVTFBVRIASRECRYTTSOYS
SYNTHETIC_P02	20	-2688.54378653	-2739.84277367	AYGMKMYCCSGMSYAKACCQ	JRLCUYHANFEEIZEANEGGEDWENETHPKRLBMSGFEATGMOLZACDHFDYMVSTQDMBBOGPLFWAQUITHUWTARTIMEDOTASTCLRTVNRDROUCEPEDDSBRPGCRNPFJGBNPGDUXOZFDYFROMERIAMDZCTCQACASQZBPPGHMGIJJUXLBVTPEHISSFSZTCLOC
SYNTHETIC_P02	20	-2694.45486641	-2745.75385356	AYGMUMYCICQMSYAKSUCQ	JRLCUYHANAMEIZEANIGGEDWENETHPUBLBMSGFWATGMOLZACDEALYMVSTQRMBBOGPLFWAQESTHUWTAITIMEDOTASTMGRTVNRDROUCEPEDDSBRVQCRNPFJGBNPGDUXOZFDYAROMERIENDZCTCQACASQJBPPGHMYBJJUXLBVTPEEDSSFSZTCLUM
SYNTHETIC_P02	20	-2696.56969166	-2747.86867881	EAGMIECMCSGMSYAKSUCO	HRLCUYFINFEEIZEANIGHIDWENEXRPKRLBMSGFWARELOLZEALHFDYMVSTQRMCFQGPLXAKQUITHUWTAITGKDDOTESTCLRTVNRDROUDIREDDKBRPGCRNPFJGBNNECUXOZDLYFROMERIENDZGVCQACECQZBPPGHMYBJJUXLBVTPMHISSFSZTCLOC
SYNTHETIC_P02	20	-2704.73511267	-2756.03409982	WKOYEMICCSGMSYAKSUCI	LRHVUYCANFEEIZEANIGKADERNEDHPKRLBMSGFWALIGOFZAKDHFDYMVSTQRMFXAGBLFGAQUITHUWTAITABLTCTASTCLRTVNRDROUGABNODSBRPGCRNPFJGBNHIPUXOZADYFROMERIENDZYECQACKSQZBPPGHMYBJJUXHIVTPEHISSNEZTCLOC
SYNTHETIC_P02	20	-2704.73511267	-2756.03409982	WKOYIMICCSGMSYAKSUCI	LRHVUYCANFEEIZEANIGKADERNEDHPKRLBMSGFWALIGOFZAKDHFDYMVSTQRMFXAGBLFGAQUITHUWTAITABLTCTASTCLRTVNRDROUGABNODSBRPGCRNPFJGBNHIPUXOZADYFROMERIENDZYECQACKSQZBPPGHMYBJJUXHIVTPEHISSNEZTCLOC
SYNTHETIC_P02	20	-2705.62368822	-2756.92267537	EYOCSECMSAGIIGAEKCKO	HRHHUYFINBEGAZEDNECHIDEUNEXRPSRHRMSAFEIREMODZEALMODYEVSTQDNCFOGFLXAKQDITXUWTARAGKETATESTHURTVNRGROUDIPNSDKBRFPCRNPFDGBNNEDUXOZDLYBROEARLIMMZGTCQACECQHBPFGHGQIJJUXHGVTPMMESSNIZTCLEK
SYNTHETIC_P02	20	-2706.66240263	-2757.96138978	EAGMMMYCICQMSGUCMYKO	HRLCUYHANAMEIZHENGCHIDWENETHPUBLBMMYFAIRELOLZACDEALYMVSTQFNCFQGPLFWAQESTHUWTANAGKDDOTASTMGRTVNRHROUDIREDDSBRVQCRNPFBGBNNECUXOZFDYAROMARMHBMZGVCQACASQJBPPGHESEJJUXLBVTPEEDSSFSZTCLUM
SYNTHETIC_P02	20	-2707.28845072	-2758.58743787	AYGMUMYCCSGMSYAKSWOI	JRLCUYHANFEEIZEANHAKEDWENETHPKRLBMSGFYMLGMOLZACDHFDYMVSTQGGFBOGPLFWAQUITHUWTALFAMEDOTASTCLRTVNRDROUGEPEDDSBRPGCRNPFJGBNHGDUXOZFDYFROMERIECKZCTCQACASQZBPPGHMYCJJUXLBVTPEHISSFSZTCLOC
SYNTHETIC_P02	20	-2707.55325127	-2758.85223842	AYGMMECMSAGKQAUCMCCQ	JRLCUYFINBEFJZHENEGGEDWENEXRPSRJZMMYFEATGMOLZEALMODYAVSTQDMBBOGPLXAKQDITFUWTARTIMEDOTESTHURTVNRHROUCEPEDDKBRFPCRNPFBGBNPGDUXOZDLYBROADRMHMDZCTCQACECQHBPNGHESIJJUXLBVTPMMESSFSZTCLEK
SYNTHETIC_P02	20	-2708.02188396	-2759.32087111	WYCCQECMSAEOUYMCSYKO	LRAHUYFINBUDHZLENGCHADSUNEXRPSONDMEYFAIRIMODZEALMOEYLVSTQFNCXOGFLXAKQDGTJUWTANAGBEFATESTHURTVNRHROUDAPASDKBRFPCRNPFBGBNNIDUXOZDLYBROVERMEBMZYTCQACECQHBPQGHEYEJJUXAGVTPMMESSBIZTCLEK
SYNTHETIC_P03	1	-2881.20778894	-2883.7727383	K	CBIHFGRESSNGDLAJFLMURSEENERMGONJYMRICUICIGNEVSBPRSJOFDQICKBWODGRJEQOESOGNTSCAFDLOSQOCJSLFJQISLBOQOAHTITSNMAFCIIMOMCGWPJMHESWNUMURGMHDXSRBFXPASYBBUJKHNARHCAEMJICAANLMFUOKUSEANOSBDTI
SYNTHETIC_P03	2	-2873.98547459	-2879.1153733	US	SNKFKRROVESMJSUJFRVQSASIWIFSLNZTJRNTHNFCKERSOTSHOFSILQNQGTUCEYNWAHOWVOSMUJSUDMOPXHSWDSSELQTQETUNSJPFYKIQSJMTDNTCSLNWNOPMCSOWPIVSSRHIASHJAXOBJCDNDFEQESXZISMWHEIIMEKNELOLKJFAYFXOLTNA
SYNTHETIC_P03	2	-2900.56595802	-2905.69585674	SG	JNJFUROOVNSBKSSJGRTQSGSWWBFGMNXTKRNTINDCUKOGOTSHOLSWMQLQHTSCFILLBAMKVOSMUCSIEFMDXASKESQEVQQQFDSASCPTYDIESCMHENRCSENKNOPMDSMWPBVGSBHXBSFJBXMBKIBBELCEFSVZSSLWIKIWANIAFEMZLCDOCOUDMTLA
SYNTHETIC_P03	2	-2917.10906601	-2922.23896472	AA	FNRFHRXOVASUGSAJCRBQSJSQWEFAINFTGRNTENLCHNXBOTSHOBSQIQTQDTACBLTFXDVEVOSMUFSCAIUXXDSEASYEIQZQBGAUSFPNYGIYSFMBANZCSHNENOPMMSUWPEVASEHRKSNJXXVBGLJVABKYOSCZFSSWEAIQJAQVBHUTHFLILBCWITTA
SYNTHETIC_P03	3	-1756.99457073	-1764.6894188	UCM	DSELFISHNESSINEVILHEDESTROYEDMYFRIENDSHEDEVOTEDTODESTRUCTIONBEINGSWHOPOSSESSEDEXQUISITESENSATIONSHAPPINESSANDWISDOMNORDOIKNOWWHERETHISTHIRSTFORVENGEANCEMAYENDMISERABLEHIMSELFTHATHE
SYNTHETIC_P03	4	-2801.32945824	-2811.58925567	ACMK	FXBMREJMNHTSSXGKLRMEAQWAOKVNECNAPULINSLCYHOBXCELRJVLTTQOEAIGBDZJLIVJUHOWSENDSFCFTGNASHOWASOBYQIWVFFBPOIGGGHINCHGXIHJMHJDLNPMVWXEDHEAHTJDCSTYUAPRALIALBNPIRLITWHEFDOCQXKNASYJLKEEITTA
SYNTHETIC_P03	4	-2809.2124939	-2819.47229133	QMKC	KXCDHEHENCTESHGDDRAWQQUTOFVMEMNTPURMNSIUDCOFMMEDREDQTDPHJIJKRDXBDDVAKROOSMNHSPCXTBNESROOFSOFOQIOVAGFPYGYLBIMNMFYXDIAMRHDDNPDLWXWICFEHDHVHSTYKAPRNGJEALLHARMMJWFWKLOGGHKFNMYAAVEWATJA
SYNTHETIC_P03	4	-2820.60577297	-2830.8655704	QUGC	KXEDHEDENLTESPGDDRCWQQQTOBVMEUNTPUBMNSFUDLOFMUEDRAFQTLLHJELKRDTBDMVAKZOOSINHSXCXTKNESZOOFSOFOQIOVJIFPGCYLKNMNUAYXMKAMZDDDNPDLWXWILHEHLDVHSTYKAPRNCLEATHHARBMJWBWKHOGGPKFNIYAADEWATJA
SYNTHETIC_P03	4	-2831.21311951	-2841.47291694	KCGK	AXEMBEDMNHTSSXGKGRCEKQQAOKVNECNAPUBINSFCGHOBGCELRJFLTTLOMALGLDTJGIVJEHOWSENDSFCFTGNASHOWISOBIQIWVFIBPOCGBGNINCAGXIKJMHDDGNPMFWXELHHAHTDDPSTYFAPRILLAVBHPDRBIDWBEADOCAXKNISYJVKEEDTDA
SYNTHETIC_P03	4	-2839.56303883	-2849.82283626	CIGC	EXEDTEDENETESDGDKRCWCQQTOHVMEINTPUBMNSFUKEOFYIEDRGFQTZLHDKLKDDTBYFVAXNOOSSNHSKCXTDNESNOONSOFBQIOVCIFPUCYFDNMNIAYXFKAMNDDYNPDWWXWCEHEHZDVBSTYWAPRMILENHHHHRBMVWBWEAOGSDKFMBYANREWHTVA
SYNTHETIC_P03	4	-2839.99954081	-2850.25933824	KUUK	AXKMBERMNLTSSPGKGRIEKQEAOBVNEUNAPUHINSTCGLOBGUELRALLTLZOMEEGLDHJGMVJEZOWSINDSXCFTKNASZOWISOBIQIWVJBBPGQGBKDINUPGXMDJMZRDGNPMFWXELLAAHLRDPSTYFAPRICEAVTVPDRHIDWPEAHOCAPKNIIYJVDEEDTDA
SYNTHETIC_P03	4	-2842.06090546	-2852.32070289	UKUC	SXKDKERENDTESFGDBRIWUQETOGVMEKNTPUHMNSTUBDOFQKEDRFLQTBZHHJEKVDHBBEVAOPOOSANHSNCXTUNESOOODSOFSQIOVBBFPWQYJCDMNKPYXEDAMPRDBNPDPWXWGDAEHBRVFSTYOAPRDHEEFJVHLRHMNWPWSMOGLFKFDAYAFTEWLTNA
SYNTHETIC_P03	4	-2851.76255608	-2862.02235351	OUUS	LXKIFERUNLTJSPGTERIAOQEIOBVEEUNJPUHENSTKELOKKUETRALHTLZWKEECPDHREMVFIZOESINMSXCNTKNJSZOEGSOKMQIEVJBKPGQOMKDENUPOXMDFMZRDENPIJWXMJLASHLRKISTYIAPRGCEJZTVXBRHEHWPMLHOLEPKVGIYFZDEMBTHA
SYNTHETIC_P03	4	-2853.72518015	-2863.98497758	SIOK	JXAMJELMNETSSDGKCRLESQYAOHVNEINAPUKINSNCCEOBOIELRGBLTZTOIKHGTDBJCFVJMNOWSSNDSKCFTDNASNOWESOBQQIWVCEBPUKGKDGINIJGXFGJMNLDCNPMNWXEHEDAHZLDGSTYMAPREIHADHPPMRRILWIEJAOCIDKNEBYJDREEMTLA
SYNTHETIC_P03	4	-2856.33612251	-2866.59591994	CKUM	EXKLTERONDTMSFGNKRIDCQECOGVHEKNDPUHHNSTEKDOTYKEMRFLKTBZQDJEFDDHLYEVIXPOYSANCSNCHTUNMSOOYNSOABQIYVBBAPWQIFCDHNKPIXEDIMPRDYNPLWWXGCDAMHBRFBSTYWAPRMHEMNJVRHRHHVWPGEMOUSFKOMAYINTEGHTVA
SYNTHETIC_P03	5	-2786.93374729	-2799.75849408	COICE	JUAKDSFEEASGGPCHOJJCNCAOYSFCKEDIURLIRMTCHHTKRYOFCSQGDQTHSAQIADMYHUSOUZSLSMVGSTEDUGSFITSOODTDMEDIAIXJNLSFUIMTAMGDWMMEONHAMPRHRWXWWUELCXXZGVIRFGONKKIAVPEBARLILAXYDHUPATILEYORCHTEILZS
SYNTHETIC_P03	5	-2792.79752254	-2805.62226933	CUEAE	JUCLDSFACASDIPCHUFJCNMCOYSLYKEDFURLIXMTCHETLRYUFASQDFQTHYWQIAABYHUYKUZSISAVGYTCDUDSTITYONDTABFDIGEVJNISGUISTYMGXWAMEVNFAMPRIRWXWUUEIEXXZMRIRFDONKKOAVPEVCRLIQWXYDEUCATOLDYOHEITEPHXS
SYNTHETIC_P03	5	-2801.13203716	-2813.95678395	COISQ	JUACKSFEUMSGGPJHOJJONCAOYSFCKEDIURFIRMTOHHTCRYOFSSQGDQTHSAQIADMYBUSOULSLSEVGSTUDUGSKCTSOEPTDMJKIAINVNLSKUIMTQMGDWEGEONXMMPRMRWXWMUELCXXZGVIRFGONEKIAVBEBARFILAXKDHUGHTILVKORCMTEILPS
SYNTHETIC_P03	5	-2804.73345566	-2817.55820245	GKOAU	HUKLIWFKCQSIDPHHKPJSNEROYSBJKEBKURDINMTSFJTLRCKFASAIAQTKOGQILFJYMYOUUPSASAVGOTCDUISTATOONTTFJFIIWOVZNASGUIITYMEFWAEIKNFQNPRIRBXWUUCAMXXDCBIRDIONCOEAVFCDKRDMHGXOBJUCFXELDOOMMITEFRXS
SYNTHETIC_P03	5	-2805.65948153	-2818.48422831	GOGAU	HUBLIWFCCQSGHPHHOHJSNCBOYSFAKEBIURDIRMTSFHTLRCOFASAGEQTKSYQILDAYMYSMUPSLSAVGSTCDUGSTATSONTTDQFIIAHVZNLSGUIMTYMEDWAEIONFQNPRIRBXWUUCLDXXDGTIRDGONCOIAVFCBBRDMLYXOBHUCFXILDOORDITEIJXS
SYNTHETIC_P03	5	-2807.22073078	-2820.04547757	SUIIU	BUAHIIFEKQSDGPHHUJJSNMAOYSLCKEIFURDIXMTSMETHROUFISHDDQTWYAQIFAMYMKYOUPSISJVGYTKDUDSCATYOUTTAMBIIGIDZNISCUISTGMLXWJEUVNNQEPRERMXWCUJICXXPMVIRKDONCAOAVFJVARDYQAXOREULFIOLLOOHCETEPLFS
SYNTHETIC_P03	5	-2808.36170244	-2821.18644923	EKIQE	XUADDVFESASIGPCHKJJCNEAOYSBCKECKURLINMTCGJTDRAKFQSBIDQTIOAQIMFMYHWOOUZSASFVGOTSDUISLITOOCDTFMSDIWIKJNASLUIITOMFFWFMGKNVALPRARYXWKUDACXXBCVIRTIONKNEAVPSDARLLHAXYCJUHAVELTYOMCATEFLNS
SYNTHETIC_P03	5	-2809.39937544	-2822.22412223	GEMAS	HURLJWFJCOSLEPIHENJQNHLOYSVGKEBAUREIHMTQFMTLRCEFASALBQTKIEQILIKYAYISUNSDSAVGITCDULSTBTIONRTIKFJIQMVXNDSGUICTYMEIWAFIENFONPRIRBXWUUCDAXXDWZIRDLONDOYAVDCGLREMBEXMBMUCGXYLDMOCAITEZPXS
SYNTHETIC_P03	5	-2811.28858519	-2824.11333197	QOMAU	CURLIGFJCQSGEPHHONJSNCLOYSFGKEJIURDIRMTSAHTLRMOFASIGBQTUSEQIGDKYMISSUPSLSAVGSTCDUGSTATSONTTDKFIIAMVZNLSGUIMTYMMDWAESONFQFPRIRKXWUUKLAXXNGZIRLGONCYIAVFKBLRDWLEXOJHUCFHILDOORAITEIPXS
SYNTHETIC_P03	5	-2812.0929718	-2824.91771859	MOICW	EUAKHCFEESSGGPGHOJJUNCAOYSFCKELIURCIRMTUCHTKRIOFCSKGDQTQSAQIIDMYLESOURSLSMVGSTEDUGSFXTSOOUTDMEHIAIXBNLSFUIMTAMUDWMDPONHSHPRHRGXWWUMLCXXJGVIRAGONBUIAVHMBARCSLAXQLHUPEDILEQORCHTEILZS
SYNTHETIC_P03	6	-2779.9368372	-2795.32653334	EAWMQG	FRAMANVESOMOPEARKWEJUJQQVNWFLRFANCUTUNACGDOCOMMHVDNBITTQBQIQIDAWALWECVKKNIYICASDCGKCGQCMGTDEWGOQYTWHSCONSIIFDUMDNLDCYNNKARVLSBZWWGVHIXPMLYQJQILBMFGGKSPZXQSYWAHLGEIRONGBJBRAADOIFHTC
SYNTHETIC_P03	6	-2801.86481857	-2817.25451472	CAWKCW	GRAAHNTESMYOBEAMEWDJUGCQVNWGFRFANAGTGNADAINCOKYXVDNUCTTQBPUQXDAWHDVECVWANIYJJFSDCEWSHQCAATBEWEAQYTWISHONSGIVEUMENDBCYLNABRVMSGXWWEVXJXPAFYOJQGXBAFGHESNZXOEYWAHMAJIROLSRKBRBHIMIFFFS
SYNTHETIC_P03	6	-2811.22990894	-2826.61960509	EAWKCM	FRAAHNVESMYOPEAMEWEJUGCQVNWGFRFANAGTUNADATOCOKYMVDNUCTTQBPUQIDAWHIWECVWQNIYJJKSDCEWIGQCAATDEWEAQYTWISSONSGIKDUMENIDCYLNQARVMSLZWWEVNIXPAFYQJQGXBMFGHESPZXOEYWAHMABIROLSHJBRBHAOIFFFI
SYNTHETIC_P03	6	-2811.86120033	-2827.25089648	UAIICY	KRHSHNLEELYOFEHAEWVJGECQVNWHFRFANYGTKNHEAHFCAIYZVDJDCTTQMMUQADHWHOMEOVWDNIYOJESDCDWULQJBATTEICAQYTFJSGONFEIXIUGFNOTCKJNDFRVASFPWWCVZAXPBFYGJQEXBEFRIESFZIMEYWABRAIIRAISTBBRCHHEIFDFU
SYNTHETIC_P03	6	-2816.91468048	-2832.30437663	CAIIEW	GRHSGNTEELAOBEHADWDJGEEQVNWHERFANYITGNHEMINCAIAXVDJDBTTQMMWQXDHWGDVEOVYANIYOIFSDCDYSHQJBOTBEICDQYTFJSHONFEIVEUGFNDBCKJNABRVASGXWWCVXJXPBEYOJQEZBAFRIDSNZIMGYWABRMJIRAIURKBRCGIMIFDHS
SYNTHETIC_P03	6	-2818.24938965	-2833.63908579	CAISKW	GRHJDNTEEUGOBEHISWDJGOLQVNWCBRFANIOTGNHMJINCASGXVDJLLTTQMWCQXDHWDDVEOVEANIYFFFSDCMESHQJJJTBEIMIQYTFESHONFOIVEUGWNDBCKSNABRVISGXWWMVXJXPJBYOJQOFBAFRDASNZIWMYWABIJJIRATARKBRTDIMIFMNS
SYNTHETIC_P03	6	-2824.83851528	-2840.22821143	UAWMMY	KRAMCNLESOIOFEARMWVJUJMQVNWFARFANCQTKNACIHFCOMIZVDNBKTTQBQEQADAWCOMECVGDNIYIEESDCGGULQCMITTEWGKQYTWHSGONSIIXIUMDNOTCYNNDFRVLSFPWWGVZAXPMAYGJQIHBEFGGMSFZXQOYWAHLOIIRONDTBBRACHEIFHPU
SYNTHETIC_P03	6	-2830.21398592	-2845.60368206	UAQSIU	KRDJENLEMUEOFEDIBWVJOOIQVNWCTRFANINTKNDMKJFCISEVVDFLMTTQUWAQADYWEEMEXVCYNIYFGGSDCMCQLQFJKTTEQMGQYTBESIONNOITIUCWNETCSSNYFRVISHPWWMVVAXPJCYGJQODBEFJDSSFZRWLYWAKIKUIRITYOBBRTEJEIFMLQ
SYNTHETIC_P03	6	-2831.63060856	-2847.0203047	UAMKIY	KRFAENLEIMEOFEFMBWVJKGIQVNWGTRFANANTKNFDKHFCEKEZVDHUMTTQQPAQADFWEOMESVCDNIYJGESDCECULQHAKTTEMEGQYTDISGONJGIXIUEENOTCOLNDFRVMSFPWWEVZAXPACYGJQGDBEFLHSSFZNOLYWAMMKIIRELYTBBRBEHEIFFLU
SYNTHETIC_P03	6	-2832.88981724	-2848.27951338	EAWQIG	FRAKENVESSEOPEAJBWEJUMIQVNWDTRFANGNTUNAVKDOCOREHVDNMMTTQBUAQIDAWELWECVCKNIYGGASDCKCCGQCSKTDEWLGQYTWFSCONSMIFDUMBNLDCYRNKARVJSBZWWKVHIXPKCYQJQMDBMFGESSPZXULYWAHJKEIRORYBJBRLEDOIFLLC
SYNTHETIC_P03	7	-2770.42656708	-2788.38121258	CCMKQME	DYMDFNVSEIMMOFDEDUNDRAYMRBDSDPUMNSLHTINMTCROORXVQEDSHUBSKSIFIFHDCYIIQLSMVGGEBHGTMDGYCNMJLXQAEMEOQIMESBUHNYYJISLMOEGZSYLMGICONGHJSATEINTHAMERAMZOKLKKXBVBLEEINARIFWWJAIMVKARBAAMKFFTI
SYNTHETIC_P03	7	-2776.60242176	-2794.55706726	GAEOOUA	BYDVGNVWEARKOFBFHUGMREWERYLSBPUKNSALTIRMTYRBORDVQEASHTBSISMDQBJHCQMHYHSAVEHADHETQDOUANDHTXQEEEINQIKFSTUDNCWJNSTMOFKZSYAMEACONCVKSLMAKQRHELMNLAZOLHMOVBVZTACJNLKEHAUJEHURIBRMVJQIFJQQ
SYNTHETIC_P03	7	-2780.40785789	-2798.3625034	IAWGUMA	AYHFDNVYESIQOFAFLUDDRGWWREDSAPURNSANTIIMTYRBORAVQEASHZBSHSDHGFJJCIEMQHSAVIEEDHETIDGUQNHLJXQHEWASQIJFSDUHNEWJESLMOFBZSYAMESCONCEKSCJEKTRHWRENKAZOILMQVBVFLABJNCHIHCUJWNMRHBRDLASIFBXI
SYNTHETIC_P03	7	-2783.78032112	-2801.73496662	OCMKUUA	KYMDDNVEEIMQOFKEDUDMRMYMRELSKPUMNSATTINMTYROORAVQEDSHZBSESIFGBJPCYIMYHSMVGEADHGTMDOUJNMJJXQMEMESQIGESBUDNKYJISTMOEGZSYAMGICONCBJSAJAKZTHARMNHMZOIHMWXBVFTALINAHEHIWJANUREARBLJYKFFXQ
SYNTHETIC_P03	7	-2784.92084932	-2802.87549483	ICMOIMA	AYMVJNVYEIREOFAEDUJDRGYMRSDSAPUKNSANTIRMTYROORGVQEDSHNBSHSIDMFJJCYMAQHSMVEKEDHGTQDGUQNMHCXQHEMIGQIJESTUHNEYJNSLMOEGZSYAMGICONCEJSLCEKTTHEFENKMZOBLMQXBVTLABINLAIHCWJEBMRHARMEASKFJLI
SYNTHETIC_P03	7	-2785.10057974	-2803.05522524	CCMKIIU	DYMDJNVSEIMEOFDEDUJFRAYMRSZSDPUMNSDHTINMTSROORGVQEDSHNBSKSIFMHMDCYIAMBSMVGKGGHGTMDCOCNMJCXQAEMEGQIMESBUJNYYJISHMOEGZSYDMGICONWHJSACGANTHAFAHAMZOBACKXBVTHUEINAAKKWWJABILKARBECMKFFLE
SYNTHETIC_P03	7	-2785.26325655	-2803.21790205	IAEOUMA	AYDVDNVYEARQOFAFHUDDRGWEREDSAPUKNSANTIRMTYRBORAVQEASHZBSHSMDGFJJCQMMQHSAVEEEDHETQDGUQNDHJXQHEEISQIJFSTUHNEWJNSLMOFKZSYAMEACONCEKSLJEKTRHERENKAZOILMQVBVFLABJNLHIHCUJENMRHBRMLASIFJXI
SYNTHETIC_P03	7	-2786.59229803	-2804.54694353	ICSOOUA	AYJVGNVYEORKOFAEWUGMRGYTRYLSAPUKNSANTIRMTYROORDVQEDSHTBSHSFDQBJJCEMHYHSMVEHADHGTQDOUQNJHTXQHESINQIJESTUDNEYJNSTMOEDZSYAMGOCONCEJSLMAKTTHELMNKMZOLHMQXBVZTABINLKEHCWJEHURHARMVJSKFJQQ
SYNTHETIC_P03	7	-2787.45527935	-2805.40992485	OCEQUUA	KYDADNVEEASQOFKEHUDMRMYERELSKPUJNSATTITMTYROORAVQEDSHZBSESMCGBJPCQOMYHSMVDEADHGTSDOUJNDGJXQMEEKSQIGESLUDNKYJOSTMOEKZSYAMGACONCBJSKJAKZTHGRMNHMZOIHMWXBVFTALINKHEHIWJGNUREARLLJYKFLXQ
SYNTHETIC_P03	7	-2789.81805706	-2807.77270256	OCMKQMA	KYMDFNVEEIMMOFKEDUNDRMYMRBDSKPUMNSATTINMTYROORXVQEDSHUBSESIFIFJPCYIIQHSMVGGEDHGTMDGUJNMJLXQMEMEOQIGESBUHNKYJISLMOEGZSYAMGICONCBJSATEKZTHAMENHMZOKLMWXBVBLALINARIHIWJAIMREARBAAYKFFTI
SYNTHETIC_P03	8	-2714.25010395	-2734.76969881	AKQCGYAA	LSAMKVTFQEMECPERHNBDOMINBQBSSOVLSNUMIVBGNSOUQCSBNCIFBOOLSAUGZQJNLIMESSNIUPPOSNGFTFVCKSBGSPPOEEAUWIKETINAPWMZIWTYSHESYNCEMOMCPMDESBCXMSTYGBMUSIRWEHKEFREALIQGJYHWCPUENGLORFLEAREEITTA
SYNTHETIC_P03	8	-2726.02382278	-2746.54341764	OAQCGYAW	ESAMKVTHEEMECPENUNBDOMINOQBSSOVLSNUMIVBINSOUQCSXNHIFBOOASQUGZQJJEAMESSNKIFPOSNGBTKVCKSBISFPOEEAQWAKETINCPMMZIWTUSMESYNCGMEMCPMDASGCXMSTAGRMUSIRTKZKEFRECZZQGJYHSPCUENGLOEULEAREEBTHA
SYNTHETIC_P03	8	-2727.82643223	-2748.34602709	ASIUGYAA	LSEDKVTFQEEWCPERHNWHOMINBQSKSOVLSNDDIVBGNSHMQCSBNLMJBOOLSIMYZQJNLEDISSNIUXPGSNGFTBVQKSBGSXPHEEAUWEBITINAPEERIWTYSDISYNCEMWECPMDESKGAMSTYGJENSIRWEDBIFREALQIYJYHWCGUINGLORMLWAREEITTA
SYNTHETIC_P03	8	-2730.38381767	-2750.90341253	AKQCGYOW	LSAMKVTHQEMECPENHNBDOMBNBQBSSOJLSNUMIVHINSOUQCGXNCIFBOOASAUGZQJJLIMESSNKUPPOSNGBTFVCKSHISPPOEEOQWIKETINCPWMZIWTUSHESYNIGMOMCPMRASBCXMSTAGBMUSIRTEHKEFRKCLIQGJYVSCPUENGEORFLEARSEITTA
SYNTHETIC_P03	8	-2734.71015549	-2755.22975035	ICQCGYAW	HSAMKVTHYEMECPENDNBDOMINJQBSSOVLSNUMIVBINSOUQCSXNGIFBOOASSUGZQJJHMMESSNKCHPOSNGBTJVCKSBISHPOEEAQWMKETINCPOMZIWTUSLESYNCGMGMCPMDASFCXMSTAGTMUSIRTALKEFRECTAQGJYHSLBUENGLOZWLEAREEETBA
SYNTHETIC_P03	8	-2736.64892006	-2757.16851492	ASIKEOAA	LSEINVTFQEEMBPERHNWMOEINBQSASEVLSNDIJVBGNSHCOCSBNLMBCOOLSIMOXQJNLEDASSNIUXPWSNGFTBVLLSBGSXPWCEAUWEBATANAPEEHIMTYSDISYNCEMWECPMDESKGFASTYGJEDQIRWEDBAGREALQIOHYHWCGUALLLORMLMZHEEITTA
SYNTHETIC_P03	8	-2741.08886242	-2761.60845728	YQIUGYAW	MSEDKVTHOEEWCPENINWHOMINZQSKSOVLSNDDIVBINSHMQCSXNMMJBOOASGMYZQJJMFDISSNKSVPGSNGBTXVQKSBISUPHEEAQWFBITINCPCERIWTUSEISYNCGMUECPMDASLGAMSTAGHENSIRTREBIFRECIOIYJYHSDHUINGLOPKLWAREEVTQA
SYNTHETIC_P03	8	-2742.38425922	-2762.90385408	OAQCSOQW	ESAMEVTHEEMEOPENUNBDOEANOQBSSELLSNUMCVGINSOUCCIXNHIFIOOASQUGLQJJEAMESSNKIFPOSNGBTKVCESGISFPOQEQQWAKETANCPMMZIMTUSMESYNHGMEMCPMTASGCXPSTAGRMUFIRTKZKEMRJCZZQGVYXSPCUEELDOEULENHUEBTHA
SYNTHETIC_P03	8	-2743.3801012	-2763.89969606	OIQCSKIW	ESAMEVTHEEMEOPENUNBDOGENOQBSSADLSNUMCVKINSOUCCAXNDIFIOOASYUGLQJJEJMESSNKINPOSNGBTGVCESKISNPOQEIQWJKETCNCPUMZIITUSIESYNLGMMMCPMLASCCXPSTAGZMUFIRTKIKEMRACZGQGVYPSPLUEEAHOECLENDMEBTHA
SYNTHETIC_P03	8	-2744.9186821	-2765.43827696	ASIKEOIW	LSEINVTHQEEMBPENHNWMOEENBQSASEDLSNDIJVKINSHCOCAXNLMBCOOASIMOXQJJLEDASSNKUXPWSNGBTBVLLSKISXPWCEIQWEBATANCPEEHIMTUSDISYNLGMWECPMLASKGFASTAGJEDQIRTEDBAGRACLQIOHYPSCGUALLHORMLMZHMEITTA
SYNTHETIC_P03	9	-2705.74734068	-2728.8318849	UCWQGCSEW	SVCFFTSLXLESSDOFUTHAYANWYERESSHALEENLAIDBOOCXEDPQCDEFTYEDXAKAGOJOWCSALIDOJQLEMJTXSECKBYSITSHIDDINDHJPWKKBOQTWNDKZLJYNSDYQMGODOIETCHBJTYFSHGDUEJRCEHARRECHEAWVJZYAOIMHDLRKGTLFRIKFDNE
SYNTHETIC_P03	9	-2709.50395346	-2732.58849767	UCKOASMIS	SVIGITSJXLEGQXOFYTHAYBAWYCRESSFVLEINLABEEFORXEDDOWSEITYEJXDCDEFJOKCMQFMYOJQMHEMTXSECIVOMITSHBEGANBJJPKIEROUPWNJLZDMYNSDMOMWIDOIETDKGMTYFSHEXKYJRCESBERHASEALTCZSELIMAEBRAVTLFFGEFXQE
SYNTHETIC_P03	9	-2711.26411581	-2734.34866003	UCIOSWWIS	SVJGMTSJXLEEQPOFYTHAYBEWYCRESSFNLEINLACEIDORXEDBOOWEITYEKXHALEFJOICEUPMYOJQMLCHTXSECINSWITSHCEKLNBJJPIIWVOUPWNKLZBHYNSDKOMASDOIETDBEHTYFSHEPOIJRCEBBIRCASEAITUZCELIMBEFRIVTLFDGWFHQE
SYNTHETIC_P03	9	-2713.07129288	-2736.15583709	UCIOSCSEW	SVJGMTSLXLEEQPOFUTHAYBEWYERESSFNLEENLACEIOOCXEDBOODEFTYEKXHKAGOJOICEALIDOJQMLMJTXSECINYSITSHCEKINDHJPIIWBOQTWNKLZLJYNSDKOMGODOIETDBBJTYFSHEPUEJRCEBBIRECHEAITUZYAOIMBEFRKGTLFDGWFDNE
SYNTHETIC_P03	9	-2716.02450132	-2739.10904554	UCAOIICSS	SVAGETSEXLEWQFOFITHAYBJWYKRESSFDLESNLAGEAKOIXEDTOEIETTYEBXMHIMFJOACUGVWYOJQMDJETXSECIDECITSHGETFNJJJPAINHOEPWNOLZIEYNSDDOMMYDOIETDGLETYFSHEFAOJRCEFBARMISEAATKZIOLIMFEKRTMTLFVGMFMBE
SYNTHETIC_P03	9	-2717.1065526	-2740.19109682	KCAOISSSU	AVAGETSEXAEWQFOFITMAYBJWYKRUSSFDLESNDAGEAFOIXUDTOESETTYEBXMCAMEJOACUQLWAOJQMDEJTXSECIDOSITSHGETANJIJPAINROERENOLZDJYNJDDOMWODOAETDGGJTYVSHEFKEJRHEFBAREIIUAATKZYOMAMFEKRKMTLFVGMFDBE
SYNTHETIC_P03	9	-2719.52422905	-2742.60877327	UCAOIICAW	SVAGETSAXLEWQFOFQTHAYBJWYGRESSFDLEANLAGEAKOEXEDTOEIEBTYEBXMHIIOJOACUGVEDOJQMDJETXSECIDECITSHGETFNFHJPAINHOMTWNOLZIEYNSDDOMMYDOIETDGLETYFSHEFAOJRCEFBARMEHEAATKZIWOIMFEKRTITLFVGMFMJE
SYNTHETIC_P03	9	-2721.83997917	-2744.92452339	UCAOISMIS	SVAGETSJXLEWQFOFYTHAYBJWYCRESSFDLEINLAGEAFORXEDTOESEITYEBXMCDEFJOACUQFMYOJQMDEMTXSECIDOMITSHGETANBJJPAINROUPWNOLZDMYNSDDOMWIDOIETDGGMTYFSHEFKYJRCEFBARHASEAATKZSELIMFEKRAVTLFVGMFXQE
SYNTHETIC_P03	9	-2722.43874979	-2745.52329401	UUMQGCSEW	SVHFFTSLXLEISDOFUTHEYANWYEREKSHALEENLEADBOOCXEDFQCDEFTYIIXAKAGOJGMCSALIDOAQLEMJTXSWCKBYSITSLTDDINDHJHNKKBOQTWNIKZLJYNSDOQMGODOISTCHBJTYFLHGDUEJRCIMARRECHESMVJZYAOIDMDLRKGTLXHIKFDNE
SYNTHETIC_P03	9	-2722.69059515	-2745.77513937	UCMOYSWIM	SVHGJTSJXLEIQVOFYTHAYBBWYCRESSFTLEINLAAEFFORXEDFOUSEITYEIXECLEIJOMCKQPMSOJQMIEHTXSECITOWITSHTEHANBMJPNICROUJWNILZDHYNSDOOMWSDOIETDXGHTYFSHEUKIJRCEMBFRCAMEAMTAZCEEIMMEORIVTLFHGDFHQE
SYNTHETIC_P03	10	-2659.48022127	-2685.12971485	CYWCMCKKCM	HNCHASNFPLSESFIPEBTGVBLYTDPCDNTPRKEDNAHSACRJVCIUQAYYFDTHOASCHOANBESANVUDCVGGOXSNVENEITFLESTCOOKEKEBRNBLASGFENIJWSANCEHADERQHEEABXEXXWXUDUBGDAGRZMEDMDNLTBUWALOFYGGNEFAMTHATSLFGUPFNU
SYNTHETIC_P03	10	-2663.20397663	-2688.85347021	QKWCMKEAIG	ANCHASNKPBGESFIPERTAVNLYTMPHANTARKELNQNSGJRJVLLUQDMKFDTHIASWAJANBASFNVIOCVGOONSNVLNEITIDBSTOOOKEEUHRNILASCIJJLJISANKYXHDSRQHESDGXHKXWXUKORGXGARZMAGEANZFBUWIFELYMANEFORTEDHELFGDIFTO
SYNTHETIC_P03	10	-2667.55905294	-2693.20854652	CUWCMKEAIG	HNCHASNKPBSESFIPERTAVDLYTMPHANTLRKELNQNSAERJVLLUQDYUFDTHIASWHEANBASFNVUYCVGOONSNVGNEITIDBSTYOOKEEUHRNDLASCIJJLJSSANKYXHDERQHESDGXHXXWXUKORGXAIRZMAGEANLPBUWIFELYGINEFORTEDTOLFGDIFTO
SYNTHETIC_P03	10	-2669.91959476	-2695.56908834	OUWCMKEAIC	BNCHASNKPDEESFIPERTWVDLYTMPHANTLRKELNQNSHERJVLLUQFKUFDTHIASSBEANBASFNVGYCVGOONSNVGNEITIDBSTYOOKEEUHRNDLASCIJJAJSSANKYXHDLRQHESDGXJJXWXUKORGTHIRZMAGEANXPBUWIFELYAINEFORTEFFOLFGDIFTK
SYNTHETIC_P03	10	-2671.72277641	-2697.37226999	QKWCMCEKOC	ANCHASNFPDGESFIPEBTWVNLYTDPCKNTARKEDNATSGJRJVCLUQFMKFDTHIASSAJANBESANVIOCVGGOXSNVLNEITILLSTOOOKEEENRNILASGIEGAJISANCYHNDSRQHEEDBXJKXWXUDOBGTGARZMEGMKNZFBUWAFORYMANEFARTBFHELFGUIFZK
SYNTHETIC_P03	10	-2672.24614143	-2697.89563501	CYWCMUMKCM	HNCHASNFPLSESFIPEBTGVBLYTHPCDNTPRKEVNAHSACRJVGHUQAYYFDTHQASCHOANBISANVUDCVGYOXSNVENEITELESTCOOKEMEBRNBLASKEENIJWSANUGHADERQHEIMBXEXXWXUVWBGDAGRZMICMDNLTBUWSNOFYGGNEFELTHATSLFGMRFNU
SYNTHETIC_P03	10	-2674.53378248	-2700.18327606	WKWCMCKKCM	KNCHASNFPLMESFIPEBTGVNLYTDPCDNTARKEDNAHSDJRJVCIUQASKFDTHOASCKJANBESANVOOCVGGOXSNVLNEITFLESTOOOKEKEBRNILASGFENIJISANCEHADHRQHEEABXERXWXUDUBGDDARZMEDMDNFFBUWALOFYJANEFAMTHANELFGUPFNU
SYNTHETIC_P03	10	-2679.66445065	-2705.31394422	IOWCMKEAIG	ENCHASNKPBYESFIPERTAVGLYTMPHANTFRKELNQNSKHRJVLLUQDEOFDTHIASWEHANBASFNVASCVGOONSNVJNEITIDBSTSOOKEEUHRNGLASCIJJLJMSANKYXHDBRQHESDGXHDXWXUKORGXKLRZMAGEANRJBUWIFELYDLNEFORTEDZILFGDIFTO
SYNTHETIC_P03	10	-2683.31911612	-2708.96860969	IOWCMCEKCG	ENCHASNFPBYESFIPEBTAVGLYTDPCDNTFRKEDNAHSKHRJVCLUQDEOFDTHIASWEHANBESANVASCVGGOXSNVJNEITILESTSOOKEEEBRNGLASGIENLJMSANCYHADBRQHEEDBXHDXWXUDOBGXKLRZMEGMDNRJBUWAFOFYDLNEFARTHDZILFGUIFNO
SYNTHETIC_P03	10	-2685.0531044	-2710.70259798	QKWCMCEWAC	ANCHASNMPDGESFIPENTWVNLYTDPJENTARKEDNMFSGJRJVCLUQFMKFDTHIASSAJANBESHNVIOCVGGOJSNVLNEITIFFSTOOOKEEQZRNILASGIWAAJISANCYSZDSRQHEEDTXJKXWXUDOMGTGARZMEGGENZFBUWAFADYMANEFARTIFHELFGUIFLK
SYNTHETIC_P03	11	-2682.03749466	-2710.25193759	OIYCWSOCQOG	GNJFHNXBREREEVETOFTSIGETRBURGSNANIKFDMISTIRMQNIQTRHADSOSGCASISHJQISJVYOBQFUGCPUTMGWSEDIALETKIAGESMENQIOWNSAPACFISKCPRVJLBQIMHSDOMSTBEPTMDEZOKRZBJQYQAPRZIAROUBELLMKELIDJTOTEXKQABTHA
SYNTHETIC_P03	11	-2684.73247433	-2712.94691726	OIIGOSOCQOG	GNEDSNXBREREEFIKOFTSIGETRMURGSNANIKFHMISTIRMQNDQTRHADSOSGMASISHJQISJVYOBQFUGCPUTMGWSEDIALETIMAGESMENQISONSAPACFISIGPRVJLBQIMLKDOMSTBEPTKHEZOKRZBJQCIAPRZIAROUMILLMKELIDJXGTEXKQABTHA
SYNTHETIC_P03	11	-2685.29476357	-2713.5092065	OIECISOCQOG	GNGFBNXBREREEBEFOFTSIGETRBURGSNANIKFDMISTIRMQNFQTRHADSOSGIASISHJQISJVYOBQFUGCPUTMGWSEDIALETKCAGESMENQIOINSAPACFISKJPRVJLBQIMHEDOMSTBEPTMOEZOKRZBJQYDAPRZIAROUBLLLMKELIDJTATEXKQABTHA
SYNTHETIC_P03	11	-2686.27129459	-2714.48573753	OAOWISOCQOG	GNBIBNXBREREELYFOFTSIGETREURGSNANIKFXMISTIRMQNAQTRHADSOSGSASISHJQISAVYOBQFUGCPMTMGWSEDIALITACAGESMENQIIINSAPACFMSAJPRVJLBQAMBEDOMSTBEPTCOEZOKRZBJQSDAPRZIARBUELLLMKELIUJNATEXKQABTHA
SYNTHETIC_P03	11	-2689.34394932	-2717.55839225	OIAOKSOCQOG	GNIMANXBREREEXQHOFTSIGETRIURGSNANIKFPMISTIRMQNHQTRHADSOSGEASISHJQISJVYOBQFUGCPUTMGWSEDIALETEBAGESMENQIAKNSAPACFISEIPRVJLBQIMTGDOMSTBEPTGJEZOKRZBJQKEAPRZIAROUPKLLMKELIDJECTEXKQABTHA
SYNTHETIC_P03	11	-2690.51774025	-2718.73218318	OIYCWSOCAGE	GNJFHNXBRIREEVETOFTSAGETRBURGSNENIKFDMISTIJMQNIQTRHALSOSGCASISHTQISJVYOBQFUNDPUTMGWSEDBYLETKIAGESDFNQIOWNSAPSAFISKCPRVESCQIMHSDOMCKZEPTMDEZOFBZBJQYQAPRJBAROUBELLMFIMIDJTOTEXKIYBTHA
SYNTHETIC_P03	11	-2691.49728298	-2719.71172591	OAIGISOCQOG	GNEDBNXBREREEFIFOFTSIGETRMURGSNANIKFHMISTIRMQNDQTRHADSOSGMASISHJQISAVYOBQFUGCPMTMGWSEDIALITICAGESMENQISINSAPACFMSIJPRVJLBQAMLEDOMSTBEPTKOEZOKRZBJQCDAPRZIARBUMLLLMKELIUJXATEXKQABTHA
SYNTHETIC_P03	11	-2693.21271992	-2721.42716285	OIIGOSOCAGE	GNEDSNXBRIREEFIKOFTSAGETRMURGSNENIKFHMISTIJMQNDQTRHALSOSGMASISHTQISJVYOBQFUNDPUTMGWSEDBYLETIMAGESDFNQISONSAPSAFISIGPRVESCQIMLKDOMCKZEPTKHEZOFBZBJQCIAPRJBAROUMILLMFIMIDJXGTEXKIYBTHA
SYNTHETIC_P03	11	-2697.82419491	-2726.03863784	OIAOKSOCAGE	GNIMANXBRIREEXQHOFTSAGETRIURGSNENIKFPMISTIJMQNHQTRHALSOSGEASISHTQISJVYOBQFUNDPUTMGWSEDBYLETEBAGESDFNQIAKNSAPSAFISEIPRVESCQIMTGDOMCKZEPTGJEZOFBZBJQKEAPRJBAROUPKLLMFIMIDJECTEXKIYBTHA
SYNTHETIC_P03	11	-2705.31318665	-2733.52762958	OIOWWWKCEOG	GNBIHNXBREREELYTOFTSIGETREUGISNANIKFXMNOTIRMQNAQTGJAYSOSGSASNOHWQISJVYOMQFUGCPUTMGASEDIALETAILIESMENQIIWROAPACFISACPRVCLBQIMBSDOMGTBEPTCDCZODRZBJQSQAPRNIAROUEEJAMDELIDJNOXAXKQABTHA
SYNTHETIC_P03	12	-2709.8632679	-2740.64266019	SGMKKCECCOMG	EVAAIXADYRSGIFINGPESSJGGGERNANUMYVIDEGNBPSJEMSKZRLIGAOXCKWCLTWRPCQIOCDYETENABJGQNLODSJCEEZFISSOSTEHIWASGXCHOOSJGJATAMPHDHVXASFIJPLAIMXXFUDOTGEJZMBLIMSHMERIEDENOMYKZUXGBCLRBDFCOFFNY
SYNTHETIC_P03	12	-2714.22031927	-2744.99971156	SYISIUSGAOMG	EVCJJXGBYRSGIFEVEPEWSJGGGIREBNUKYVIDEYNINSJIMSKZRCKYBOXALWCLTONWAQISADYETINJCAMQNLODSBCMCRTISSOSTIJEWESEXCHOOKFOJSTEMPHDHVXJSJBHPLAIMXXNUVCXGEJZMFREASAKFRIEDWIWKYYDSXGBCCRTEJCGFMLQ
SYNTHETIC_P03	12	-2717.24546909	-2748.02486138	IGMKKMEWKOWO	JVAAIXAGYRSCYFINGPEMSJGOLERNANUCYVDMEGNBPSJYMSUHRLIGAOXFGWKHTWRPCQIIKDIMTENABEGQNLOMSJCEEJFISSOATEHIWISJXCCHOSJGJKTUMPRKMVXASTIMPLIECXXFUMONGETHEBLIMSHCARDATENOMYKTCXQJHLRBDASOFFNI
SYNTHETIC_P03	12	-2719.19370699	-2749.97309928	SYWESMEGAOMG	EVIDEXABYRSGIFSHOPEWSJGGGIRLJNUKYVIDEYNUXSJIMSKZRCDJSOXALWCLTOBJLQISADYETINDTEGQNLODSBCYNJFISSOSTICNWISEXCHOOKTBJKTEMPHDHVXDSTIHPLAIMXXZUMOXGEJZMFGLISHKFRIEDWXIUYKDSXGBCCREMACGFZVI
SYNTHETIC_P03	12	-2721.28264713	-2752.06203942	IGMSIESKEAUG	JVAJJXGMYESGYFIVEPEASUGGLEREBNUIYVEDEGNINSJMMSSZRLIYBOXLJWLLTWRWAQIWEDGETENJCIMQNFODSJCMCBTISEOSTEHEWOSCXJDOOSJOJDTIMBPDMVXJSEBFPFJICXXNUFCBGQRZEBLEASAIDREETENWKYYHWXOBHLRTEESOFMLA
SYNTHETIC_P03	12	-2721.78478432	-2752.56417661	IASKKMUAEIWY	JVKAIXFEYASKYFONGPEQSCGYLHRNANUAYVDHEANBPSJCMSURRBFGAOXDJWKCTQXPCQIMEDIWTHNABELQNBOHSDCEEJVISMOKTHEIWISHXFCCOMPGJKTYMJRUMVXASTAKPBIMCXXFUMERGYTREEIIMSMADRDITYTOMYAXWXQTHBRBDASIFFNI
SYNTHETIC_P03	12	-2725.08366346	-2755.86305575	IASOIMCGEOWY	JVKLJXBBYRSKYFOREPEWSJGYLHRGBNUKYVDHEANENSJIMSURRBFEBOXAJWKCTQXTAQISEDIWTHNLCEHQNLOHSDCICJDISSOKTHEGWISEXCCCOMPKJKTEMPRUMVXLSTJHPLIMCXXJUMMXGETREEIGASIKDRDITYTSKYIDWXQTHBRMEASIFJLI
SYNTHETIC_P03	12	-2727.76049852	-2758.53989081	SGMKKWGCKIEG	EVAAIXMDYASGIFINGPESSCGGGERNANUMYVODEGNBPSJEMSDZRLIGAOXCGWVLTWRPCQIOKDRETENABMFQNBODSJCEETHISMOSTEHIWDSGXFLOOSJGJUTAMJZDHVXASIHJPBEIMXXFUXQTGYBZMBLIMSGMARMEDENOMYMZCXYBCLRBDICOFFNS
SYNTHETIC_P03	12	-2728.91612768	-2759.69551997	IASOIMUGIIWY	JVKLJXFBYASKYFOREPEWSCGYLHRGBNUKYVDHEANENSJIMSURRBFEBOXAHWKCTQXTAQISIDIWTHNLCELQNBOHSDCICJVISMOKTHEGWISEXFCCOMPKJKTEMJRUMVXLSTAHPBIMCXXJUMEXGYTREEIGASMKBRDITYTSKYADAXQTHBRMEASIFJLI
SYNTHETIC_P03	12	-2729.14824915	-2759.92764144	IASOIGCCUICY	JVKLJXBDYASKYFOREPESSCGYLHRGBNUMYVAHEANENSJEMSARRBFEBOXCBWHCTQXTAQIOUDOWTHNLCHHQNBOHSDCICDDISMOKTHEGWLSGXFMCOMPKJETAMJXUMVXLSDJJPBFMCXXJUHMTGYZREEIGASIMIRAITYTSKYIZMXWTHBRMEDSIFJLC
SYNTHETIC_P03	13	-2683.87459183	-2717.21893347	YEUCUOYCWACQU	JTIMAPRKRFWMDPERERPESSUGRUNDDUNEVOILDGEMVYTIQMSVSMDMCXQKMVCKCHESIQQIOVCKAPEIUPENSATDESHIFYTYISGOAWFXVAQIWLEECZGKNPDVRNFOYSCADMEYCOMAJNOGAOSRLSSVXGIQLTBPRKLAPAKEDLYAGGHTJUNCLJKERTHE
SYNTHETIC_P03	13	-2685.59989214	-2718.94423379	YESCQWCCSACQU	JTJMCPRKRFWMDPEPENPESSUGRUNDEUNAVOKLDGEMVWTIYMSRSMDMCXQKBVAKEHESIQQIORCOALEIUPENSATMCSJIFYTYISGOIAFTVAQIWLFEEZEKNPDVRNFMYOCEDMEYCOMAKNOCLOSRLSSVXEIQTXBPRKLAPALEFHYAIGHTJULCHRKENTHE
SYNTHETIC_P03	13	-2686.73472548	-2720.07906712	YESCQWCCSACKI	JTJMCPRKRFWCJPEPENPESSUGLINDEUNAVOKLDJKMVWTIYMSRSMDACXQKBVAKEHESBQQIORCOALEIUDENSATMCSJIFYTYISGOIAFTVAQIWLFEEZEKNPDVRNFMYOCEDMEYCOMAKNOCLOSRLASVXEIQTXBPRKEAPALEFHYAIGHTJULCHRKENTHE
SYNTHETIC_P03	13	-2688.50632906	-2721.85067071	GKESWYCCSACOM	FTDEMPRKRFWUHXEBUTPESSUGOMNALUNMVOKLDHIMBITIAMSRSMDELXQCLVAKEHESMYQIEXCOALEIUHQNSFTLCSJIFYTHISWOKAFTVAQIWIMJBZEKNPDVRNLYOUCEDMEYCOIKENOBLOSRLLSDDQIQVXBPRKIAPKFJCGYAIGHTJAXSNTKENTHE
SYNTHETIC_P03	13	-2691.20649242	-2724.55083407	YEUCUMQOIIIQU	JTIMAPRERBWMDPERERPEESCGRUNDDUNFVOCHAGEMVYTIOMSHASDMCXQKMVOENDBSIQQIOVCDMAMOUPENSATEISBECYTYISGOYOFJDGQIWLEECZKENLAVRNFOYSCSPMNECOMAJNOHEOSRISSVXGIQJLBPRQLAPAKEDMYHACETJUNCLHKQDBNE
SYNTHETIC_P03	13	-2695.3544836	-2728.69882525	YEUCUOYCWACYC	JTIMAPRKRFWIMPERERPESSUGZCNDDUNEVOILDCAMVYTIQMSVSMDUCXQKMVCKCHESEQQIOVCKAPEIUXENSATDESHIFYTYISGOAWFXVAQIWLEECZGKNPDVRNFOYSCADMEYCOMAJNOGAOSRLGSVXGIQLTBPRKSAPAKEDLYAGGHTJUNCLJKERTHE
SYNTHETIC_P03	13	-2696.01889944	-2729.36324109	YEKCUKCCSACKI	JTAMAPRKRFWCJPEHERPESSUGLINDIUNGVOKLDJKMVOTIMMSRSMDACXQKMVAKEHESBQQIOVCOALEIUDENSATFCSJIFYTYISGOWAFTVAQIWLJECZEKNPDVRNFEYSCEDMEYCOMABNOILOSRLASVXWIQHXBPRKEAPACEDAYAIGHTJUDCLFKENTHE
SYNTHETIC_P03	13	-2697.6344018	-2730.97874345	YMUCUOYOIIIQI	JTIMAPRERBWMJPERERPEESCGRINMDUNEVOCHAGKMDYTIQMSHASDACXQKMVCENDBSBQQIOVCKMAMOUDENSATDESBECYTYISGOAWFJDGQIWHEECZGENLAVRNNOYSCAPMNECOMPJNOGAOSRISSVEGIQLTBPRQLAPJKEDLYHACETJCNCLJKQDBNE
SYNTHETIC_P03	13	-2698.15978384	-2731.50412549	YEKCUGQOAQIQI	JTAMAPRERSWMJPEHERPEESLGRINDIUNIVOGDAGKMVOTIIMSZISDACXQKMVOEAMBSBQQIOVCDMTUOUDENSATHISFACYTYISGOSOFBLGQIWLJECZKENHAVRNFEYSCSPMVECOMABNOKEOSRISSVXWIQDLBPRQLAPACEDCYHELETJUDCLBKQVJNE
SYNTHETIC_P03	13	-2698.29643536	-2731.640777	YEKCUOYOIIIQI	JTAMAPRERBWMJPEHERPEESCGRINDIUNEVOCHAGKMVOTIQMSHASDACXQKMVCENDBSBQQIOVCKMAMOUDENSATDESBECYTYISGOAWFJDGQIWLJECZGENLAVRNFEYSCAPMNECOMABNOGAOSRISSVXWIQLTBPRQLAPACEDLYHACETJUDCLJKQDBNE
SYNTHETIC_P03	14	-2625.21709394	-2661.12638495	UUSEGCUAUQQMKE	JSEIMRYESBUHECKFOHDOEQSKHMLJKNYGOTBEEGREDBZSIGMTSSEDINHELECLEEISDAYIXQUDEDYGAVOVOYSMISMEITWAISLBNLTFTYEQJMUKUKPQPHMRSRGIASSAFINYOCPNWFPXWHVFIIVRBNHFMNKROUCOBURBUEWZWIDXBOREFFEDFZJY
SYNTHETIC_P03	14	-2635.34376812	-2671.25305912	KUISIOUAUQQMKE	BSJXPRYESBUHECAFEUEOEQSKHMLJUNYMOTBEEGREDBOSIUMTSSEDINHEDEHEDLISDAYIXQKDURASAVOVOYSMASETHTWAISLBNLJFJNGQJMUKUKPQPHERSRGIASSAFINYECPNWFPXWHVFAIVRAGHFMNKROUSOBUTMUEWZWIDXGORTEMUDFMLK
SYNTHETIC_P03	14	-2638.98413801	-2674.89342902	KUISIGGKUQQMKE	BSJXPRYMSBUHECAFEUEOEASKHMLJUNYMOTIMEGREDBOSIUMTECEDINHEDEHEDSCSDAYIXQKDURALMVOVOYSMASETHTWIISLBNLJFJNGQJWUKUKPQPHERSRADASSAFINYECPNIPPXWHVFAIVRAKBAMNKROUSOBUTEGOWZWIDXGORTEDUDFMLC
SYNTHETIC_P03	14	-2642.40525436	-2678.31454537	KUISIOYKUQQMKE	BSJXPRYMSBUHECAFEUEOEASKHMLJUNYMOTYMEGREDBOSIUMTXCEDINHEDEHEDLGSDAYIXQKDURASEVOVOYSMASETHTWIISLBNLJFJNGQJWUKUKPQPHERSREDASSAFINYECPNAPPXWHVFAIVRAGFAMNKROUSOBUTMYOWZWIDXGORTEMUDFMLK
SYNTHETIC_P03	14	-2643.27169514	-2679.18098614	KUISIKMAUQQMKE	BSJXPRYESBUHECAFEUEOEQSKHMLJUNYMOTFEEGREDBOSIUMTKSEDINHEDEHEDAMSDAYIXQKDURAOSVOVOYSMASETHTWAISLBNLJFJNGQJMUKUKPQPHERSRKIASSAFINYECPNOFPXWHVFAIVRAILFMNKROUSOBUTIMEWZWIDXGORTEBUDFMLG
SYNTHETIC_P03	14	-2647.07650709	-2682.9857981	KUSEGKMAUQQMKE	BSEIMRYESBUHECAFOHDOEQSKHMLJUNYGOTFEEGREDBOSIGMTKSEDINHEDECLEAMSDAYIXQKDEDYOSVOVOYSMASMEITWAISLBNLJFTYEQJMUKUKPQPHMRSRKIASSAFINYOCPNOFPXWHVFAIVRBILFMNKROUSOBURIMEWZWIDXGOREFBUDFZJG
SYNTHETIC_P03	14	-2647.54080153	-2683.45009253	UUSEGGCAKGQMKE	JSEIMRYESGUHECKFOHDOEQSAHMLJKNYGOTKEJLREDBZSIGMTASUDINHELECLESESIFYIXQUDEDYLIVELOYSMISMEITWASCLBNLTFTYEQJMLBUKPQPHMRSRCIFSSAFINYOCPNEFFXWHVFIIVRBKDFENKROUCOBURECEMZWIDXBOREFDEDFZJC
SYNTHETIC_P03	14	-2657.4486537	-2693.3579447	OUSOIOYKUYQOES	MSEDPRYMSWUGHIEFOREOEASTHOFJANYVOTYMECRDGHTSIRMTXCEDIPBSBECGDLGSDJYHXQODENASEVODOASMLSMMHTWIIGLANENFTIGQJWUTUMPEPHMRSREDASSMIBNYOCPNAPPXWJVTLIVRAGFAMNKKMUWOBUTMYOWZWLWXEORMEMYDFJLK
SYNTHETIC_P03	14	-2661.8702507	-2697.77954171	KUISIGCAKOESKE	BSJXPRYESCUEECAFEUEOEQSIHSLJUNYMOTKEJHCBDBOSIUMTASUDXTHEDEHEDSESIBYFXQKDURALIVETOESMASETHTWASLELNLJFJNGQJMLJIQPQPHERSRCIFSSTFINYECPNEFFXWMVFAIVRAKDFENSIOUSOBUTECEMZLPDXGORTEDUDFMLC
SYNTHETIC_P03	14	-2662.89986181	-2698.80915282	KUISIOUISUQMKE	BSJXPRYASMUHECAFEUEOEYSOHMLJUNYMOTBAOEREDBOSIUMTSADDINHEDEHEDLISELYIXQKDURASAVMZOYSMASETHTWJJILBNLJFJNGQJUSPUKPQPHERSRGEBSSAFINYECPNWNNXWHVFAIVRAGHBANKROUSOBUTMUMUZWIDXGORTEMUDFMLK
SYNTHETIC_P03	15	-2578.58472586	-2617.05896622	KGWEISUCUOSSUEM	ANMAAYREMANWHOFBETHEOESTJGSUIKVLIYAFERABHEUBTIIMSGKEDNPOSEESASHNEYOJQMUESEXCLDUDXOOSNHWSGDNCHEDENIESUBMLOISXYMROPQKIQSDMASTIGGIFYPKEENZFWXYUSETHEOKGJRMOUPLLSMIEFITGARDOXCNITNOINLHG
SYNTHETIC_P03	15	-2582.55833626	-2621.03257662	CGUGISUCUOSSUUM	ENAMAYREMANWHOFTERJEOESTJGSUIKVLJYAFERABHEUGTIIMSGKEDNPOSEUSESINEYOJQMUESJXULBUDXOOSNHWSWDNCIDDENIESUBMDOISVAMROPQKIQSTMESTHGGIFYPKEENZXWXAUSETHEOKGJRROKPLLSMIEFITLAIDNXCNITNOINLXG
SYNTHETIC_P03	15	-2584.17389441	-2622.64813477	CGUGISUCMOYUWCG	ENAMAYREDANMGOITERJEOESTJGVWIEVLJYAFEREBEDUCTIIMSGKEDFPUUECSESINEYOJQMUDSFXULBUDXOOSNHYSEDNCIDDENIISUALNOISVAMROPIKISSAMESTHGGIFYPHDDNZXWXAUSETHEUMIJRROKPLLSMMECHTHDIDNXCNITFOOPLFA
SYNTHETIC_P03	15	-2585.15234423	-2623.62658459	CGUGISUCUOWUMCG	ENAMAYREMANMLOITERJEOESTJGVMIEVLJYAFERABFDUCTIIMSGKEDNPSUECSESINEYOJQMUDSFXULBUDXOOSNHYSEDNCIDDENIESUADNOISVAMROPQKISSAMESTHGGIFYPIDINZXWXAUSETHESMYJRROKPLLSMIEDHTHDIDNXCNITNOMPLFA
SYNTHETIC_P03	15	-2586.57209396	-2625.04633433	KGWEISUCMOYUWCM	ANMAAYREDANMGOFBETHEOESTJGVWIKVLIYAFEREBEDUCTIIMSGKEDFPUUECSASHNEYOJQMUDSFXCLDUDXOOSNHYSEDNCHEDENIISUALNOISXYMROPIKISSAMASTIGGIFYPHDDNZFWXYUSETHEUMIJRMOUPLLSMMECHTHARDOXCNITFOOPLFG
SYNTHETIC_P03	15	-2587.30119753	-2625.77543789	CGUGISUCMOGMCIG	ENAMAYREDANDDOITERJEOESTJGNCIEVLJYAFEREBAHUMTIIMSGKEDFPCMEISESINEYOJQMUHSCXULBUDXOOSNHQSKDNCIDDENIISUEIJOISVAMROPIKIKSHMESTHGGIFYPDHANZXWXAUSETHECEOJRROKPLLSMMELLTEDIDNXCNITFOWHLLA
SYNTHETIC_P03	15	-2587.98641777	-2626.46065813	CGUGISUCUOESWSM	ENAMAYREMANWGOFTERJEOESTJGSWIKVLJYAFERABBEUHTIIMSGKEDNPASESSESINEYOJQMUESKXULBUDXOOSNHWSUDNCIDDENIESUBLEOISVAMROPQKIQSRMESTHGGIFYPEEDNZXWXAUSETHEAKIJRROKPLLSMIEMITMAIDNXCNITNOUNLVG
SYNTHETIC_P03	15	-2588.74072504	-2627.2149654	KGWEISUCUOMKICM	ANMAAYREMANEROFBETHEOESTJGLJIKVLIYAFERABKIUCTIIMSGKEDNPIKECSASHNEYOJQMUISFXCLDUDXOOSNHOSEDNCHEDENIESUFFNOISXYMROPQKIISAMASTIGGIFYPAIKNZFWXYUSETHEICUJRMOUPLLSMIEOMTHARDOXCNITNODFLFG
SYNTHETIC_P03	15	-2588.76572323	-2627.23996359	CGUGISUCUOEKCCM	ENAMAYREMANEDOFTERJEOESTJGLCIKVLJYAFERABBIUCTIIMSGKEDNPAKECSESINEYOJQMUISFXULBUDXOOSNHOSEDNCIDDENIESUFINOISVAMROPQKIISAMESTHGGIFYPEIANZXWXAUSETHEACOJRROKPLLSMIEMMTHAIDNXCNITNOUFLFG
SYNTHETIC_P03	15	-2588.84562063	-2627.31986099	CUQEISUCUOSSUEG	ENCAAYREMANWHOITENHEOESTJGSUIEVELYAFERABHEUBTIWMSGKEDNPOSEESEIKNEYOJQMUESEXUYXUDXOOSNHWSGDNIKEDENIESUBMLOIGRYMROPQKIQSDMESTIGGIFYPKEENZXWXYUSETHEOKGJRREMPLLSMIEFITGDIQJXCNITNOINLHA
SYNTHETIC_P03	16	-2638.91658354	-2679.95577326	OOUCGQIEAEYESICO	GXFDIRSHULWCFYHGEFRECOEUTYHESIBLYREABXEBAFQEROAYMSSURDBEWEEETGHBEHXCTUNDTIVBEBOTISOOSNGISHDYMEDIWHIGXBNOSKADCNPKPARYIPTDMESARCEOPMDAKZODEZSSMARNHEQUTJRBVAOQBCBUALNEIGATITFILFAINFLN
SYNTHETIC_P03	16	-2639.94054317	-2680.97973289	YCUCGOIEQIYMOWEE	BXFDIRSHUJWLHYGNOFRECOEUTCHMOIDAYREABXEBFDQTROMYMSSURDBEMIENTGJBMAXCTUNDTGVQGHMTSGOOSNGISLDHISEIWAIGXCNOSIAMENACPORYINTDMISINCHEPFDAKZODJZSSBGRNHSQUTJRBLAOQXQBUUENEIHATACOWLFAGNFBQ
SYNTHETIC_P03	16	-2642.46909714	-2683.50828686	YCUCGQIEAIYMOWEE	BXFDIRSHUJWLHYGNOFRECOEUTCHMOIDAYREABXEBADQTROMYMSSURDBEWIENTGJBMAXCTUNDTGVQGHMTSGOOSNGISLDHISEIWAIGXBNOSIAMENACPORYIPTDMISINCHEPFDAKZODEZSSBGRNHSQUTJRBVAOQXQBUUENEIGATICOWLFAINFLQ
SYNTHETIC_P03	16	-2646.90838623	-2687.94757595	OOUCGQIEAIYMOWCS	GXFDIRSHUJWLHYHEEFRECOEUTCHMOIBPYREABXEBADQTROAYMSSURDBEWIENTGHBEHXCTUNDTGVQGHOTISOOSNGISLDHISDIWHIGXBNOSIAMENPIPARYIPTDMISINCESPMDAKZODEZSSBGRNHEQUTJRBVAOQXQBUALNEIGATICFILFAINFLQ
SYNTHETIC_P03	16	-2647.16422749	-2688.20341721	YCUCGQIEAIYMOWCS	BXFDIRSHUJWLHYHEOFRECOEUTCHMOIBPYREABXEBADQTROAYMSSURDBEWIENTGHBMAXCTUNDTGVQGHOTSGOOSNGISLDHISDIWAIGXBNOSIAMENPIPORYIPTDMISINCESPFDAKZODEZSSBGRNHSQUTJRBVAOQXQBUUENEIGATICOWLFAINFLQ
SYNTHETIC_P03	16	-2649.26867628	-2690.307866	OOUCGQIEAEQEGICS	GXFDIRSHULWCLYHEEFRECOEUTYHEGIBPYREABXEBAFQEROAYMSSURDBEWEEETGHBEHXCTUNDTIVBNBOTISOOSNGISHDYBEDIWHIGXBNOSKEDINPIPARYIPTDMEKAFCESPMDAKZODEZSSFARNHEQUTJRBVAOQPCBUALNEIGATITFILFAINFLN
SYNTHETIC_P03	16	-2650.28387308	-2691.3230628	YCUCGQIEAEYESICO	BXFDIRSHULWCFYHGOFRECOEUTYHESIBLYREABXEBAFQEROAYMSSURDBEWEEETGHBMAXCTUNDTIVBEBOTSGOOSNGISHDYMEDIWAIGXBNOSKADCNPKPORYIPTDMESARCEOPFDAKZODEZSSMARNHSQUTJRBVAOQBCBUUENEIGATITOWLFAINFLN
SYNTHETIC_P03	16	-2653.56969643	-2694.60888615	YCUCGOIEICIAGOEE	BXFDIRSHUMWELYGNOFRECOEUTWHAGIDAYREABXEBJGQGROMYMSSURDBEECEATGJBMAXCTUNDTJVDNSMTSGOOSNGISFDUBLEIWAIGXCNOSLIFINACPORYINTDMCCWFCHEPFDAKZODAZSSFRRNHSQUTJRBDAOQPJBUUENEIHATEFOWLFAGNFTK
SYNTHETIC_P03	16	-2653.75032711	-2694.78951683	CCUCGOIEQIYMOWCA	MXFDIRSHUJWLHYHASFRECOEUTCHMOIBXYREABXEBFDQTROAYMSSURDBEMIENTGHBYAXCTUNDTGVQGHOTXGOOSNGISLDHISDIWAIGXCNOSIAMENPEPORYINTDMISINCEAPFDAKZODJZSSBGRNHSQUTJRBLAOQXQBUGENEIHATACTWLFAGNFBQ
SYNTHETIC_P03	16	-2654.21444798	-2695.25363769	OOQIGQIEAIYMOWCS	GXHAIRSHUJWLHYHEEFNKCOEUTCHMOIBPYRGKBXEBADQTROAYMSOARDBEWIENTGHBEHXMTUNDTGVQGHOTISOUSNGISLDHISDIWHKDXBNOSIAMENPIPANEIPTDMISINCESPMFKKZODEZSSBGRNHEMATJRBVAOQXQBUALNSIGATICFILKAINFLQ
SYNTHETIC_P03	17	-2593.8320694	-2637.43620847	YUEAIKAGIKMCMCEQO	LFCLASWENEROFVLBEPEACEOEXSFGDMJDNOCHIVMIHQTMOOFSOCJWNPDAKWHELSHRASGSUNSGXDQNBJTXQESATTMGETNCBCGNISHPDNOIZMBGAPADRERQVXLSSMACHYDKKMHICPNRASSIAMARBEHELOFHISAOQQFBUSINGPYLNGOHEITEPHXS
SYNTHETIC_P03	17	-2595.50668335	-2639.11082243	QKEAIKAGIKMCMCKIK	CKCLASWENEROFVIFGHEACEOEXSFGDMJJFKGMIVMIHQTMOOFSOGLODPDAKWHELSHRASYOUNSGXDQNBJTXQESEBTMGETNCBCGNISHPVIOAZMBGAPADRERQVXASIMACHYDKKMHICPNNESSIAMARBEHELOCPKKAOQQFBUSINGPYRECOMEITEFHXS
SYNTHETIC_P03	17	-2600.19873047	-2643.80286955	QKEAIKAGIKMCMCKKO	CKCLASWENEROFVIEEHEACEOEXSFGDMJJHOGMIVMIHQTMOOFSOFJODPDAKWHELSHRASASUNSGXDQNBJTXQESDTTMGETNCBCGNISHPXNOAZMBGAPADRERQVXLSIMACHYDKKMHICPNRESSIAMARBEHELOCKIKAOQQFBUSINGPYRHGOMEITEFHXS
SYNTHETIC_P03	17	-2612.15391159	-2655.75805067	QKEAIKKSCISCMCKIK	CKCLASWLNFROFVIFGHEACEOEJSDGDMJJFKGMIVMICHTROOFSOGLODPDAKGSEISHRASYOUNSGXDQEEKKXQESEBTMGETNCMWESISHPVIOAZMBGIPDERERQVXASIMACHIDEIMHICPNNESSIAMIREFEELOCPKKAOQQFBUMGTGPYRECOMEITEFHXS
SYNTHETIC_P03	17	-2614.84686804	-2658.45100712	YUEAIKKYCMMKCCEQO	LFCLASWUNDRJKVLBEPEACEOEOSHGKCJDNOCHIVMICETLOOKSOCJWNPDAKGYENSHHASGSUNSGXDQBEITXQESATTMGETNCSWINISHPDNOIZMBGIPDCRADQVXLSSMACHIDEMMPZCPNRASSIAMIREDHADOFHISAOQQFBUMKNOFYLNGOHEITEPHXS
SYNTHETIC_P03	17	-2614.86592913	-2658.4700682	QKEAIKAGAKSUYCAIK	CKCLASWENEREMVAFGHEACEOEXSFGUYJZFKGMIVMIHQTMOOMSOGLODPDAKWHELSHDASYOUNSGXDQNFJKXQESEBTMGETNCBUGSISHPVIOAZMBGAPEDRIFQVXASIMACHYDCKMZVCPNNESSIAMARSEEIFOHPKKAOQQFBULITYBYHECOMEITEFHXS
SYNTHETIC_P03	17	-2615.1000824	-2658.70422147	QKEAIKAGAISCMOKKO	CKCLASWENFROFVIEEHEACEOEXSDGDMJJHOGMIVMIHQTROOFSOFJODPDAKWHEISHRASASUNSGXDQNFKKXQLSDTTMGETNCBUESISTPXNOAZMBGAPEERERQVXLSIMACHYDCIMHICPNRESSIAMARSFEELOCKIKAOQQFBULGTGPYRHGOMEITEFHXS
SYNTHETIC_P03	17	-2615.14820623	-2658.75234531	QKEAIKAGCMMKCCAIK	CKCLASWENDRJKVAFGHEACEOEXSHGKCJZFKGMIVMIHQTLOOKSOGLODPDAKWHENSHHASYOUNSGXDQNEITXQESEBTMGETNCBWINISHPVIOAZMBGAPDCRADQVXASIMACHYDEMMPZCPNNESSIAMAREDHADOHPKKAOQQFBUMKNOFYHECOMEITEFHXS
SYNTHETIC_P03	17	-2615.69017839	-2659.29431747	YOEISEAGCMMKCCIUE	LICHISWENDRJKVJMJPEAKOOEXSHGKCJHRECKIVHLHQTLOOKSOABWHPDKEWHENSHHASKIUNSTXGQNEITXQESLETMGNTHCBWINISHPHCOLZIJJAPDCRADQVXDSMMIMBYDEMMPZCPNHASSEICAREDHADOUFASAOQAZBUMKNOFYORWOREETEIHFS
SYNTHETIC_P03	17	-2616.53544235	-2660.13958143	YUEAIKKSCISCMOKKO	LFCLASWLNFROFVIEEPEACEOEJSDGDMJJHOCHIVMICHTROOFSOFJWNPDAKGSEISHRASASUNSGXDQEEKKXQLSDTTMGETNCMWESISTPXNOIZMBGIPDERERQVXLSSMACHIDEIMHICPNRASSIAMIREFEELOCKISAOQQFBUMGTGPYRHGOHEITEPHXS
SYNTHETIC_P03	18	-2587.87898064	-2634.04806907	ESMAWEYEWCSMACQOCS	ARFEHWULLDOFINBEFRVEICSOFUSWGMBJPKCRGQHHFERMOYJOXCDWHOPCEASEFETHWASSUSUQVHNFDELQSEVALTBGESTUCUQAYITHPYYERIARARCESREVXSJAXXPLTCDCOANIUDPNURVXWIVTHEMEDUPAUSEMYARMHTORMFYZEAOWNHISIPTN
SYNTHETIC_P03	18	-2593.75729895	-2639.92638738	ESMAWEYEWCSMACKMCS	ARFEHWULLDOFINEFFRVEICSOFUSWGMBJJICRGQHHFERMOYJOXCGDHOPCEASEFETHWASSORUQVHNFDELQSEVALTEHESTUCUQAYITHPYYELGARARCESREVXSJAXXPMTCDCOANIUDPNURVXWGVTHEMEDUPAUSEMYAMTHTORMFYZEAOWNHISDMTN
SYNTHETIC_P03	18	-2594.73230934	-2640.90139778	OMIAYIIEWCSMACQOCO	PRHEGWULLDOFINBEFREEECUOFUSWGMBJPKCRBQNHECRMOYJOXCDWHOZCBAUIFETHWASSUSUQVKNFCCGQSEVALTBGESTOCUSEIITHPYYERIARIREESAMVXSJAXXPLTENCKANNEDPNURVXWIVPCHBECULAUSEMYARMHMYLIFAZPAOWNHISIPTI
SYNTHETIC_P03	18	-2596.24348927	-2642.4125777	CCIAYEYEWCSMACKMCE	BRHEGWULLDOFINEFFRTEECUOFUSWGMBJJICRHQNHEERMOYJOXCGDHONCBAUEFETHWASSORUQVCNFCELQSEVALTEHESTECUSAYITHPYYELGARBREESREVXSJAXXPMTJBCKANIUDPNURVXWGVFINBECUPAUSEMYAMTHEMAIFAZEAOWNHISDMTY
SYNTHETIC_P03	18	-2598.06209946	-2644.23118789	EMCASEYEWCSMACQOCO	ARKEJWULLDOFINBEFRVEYCOOFUSWGMBJPKCRGQMHHERMOYJOXCDWHOPCUAOEFETHWASSUSUQVKNFFELQSEVALTBGESTOCUMAYITHPYYERIARARHESREVXSJAXXPLTEDCEANIUDPNURVXWIVPHHEEFUPAUSEMYARMHMOLCFUZEAOWNHISIPTI
SYNTHETIC_P03	18	-2598.65306425	-2644.82215269	OMIAYIIEWCSMACKMCO	PRHEGWULLDOFINEFFREEECUOFUSWGMBJJICRBQNHECRMOYJOXCGDHOZCBAUIFETHWASSORUQVKNFCCGQSEVALTEHESTOCUSEIITHPYYELGARIREESAMVXSJAXXPMTENCKANNEDPNURVXWGVPCHBECULAUSEMYAMTHMYLIFAZPAOWNHISDMTI
SYNTHETIC_P03	18	-2600.05232048	-2646.22140891	CCIAYIIEWCSMACKMCE	BRHEGWULLDOFINEFFRTEECUOFUSWGMBJJICRHQNHECRMOYJOXCGDHONCBAUIFETHWASSORUQVCNFCCGQSEVALTEHESTECUSEIITHPYYELGARBREESAMVXSJAXXPMTJBCKANNEDPNURVXWGVFINBECULAUSEMYAMTHEMAIFAZPAOWNHISDMTY
SYNTHETIC_P03	18	-2600.8970108	-2647.06609924	UGWUSEYEWCSMACKMCE	FRAHJWULLDOFINEFFRLESWOOFUSWGMBJJICRLQCKHERMOYJOXCGDHOFCOUOEFETHWASSORUQVANIFELQSEVALTEHESTICOMAYITHPYYELGARFRKHSREVXSJAXXPMTJTCYUNIUDPNURVXWGVFMKHHFUPAUSEMYAMTHEEFWZUZEAOWNHISDMTY
SYNTHETIC_P03	18	-2601.7540288	-2647.92311723	UMIAYEYEWCSMACMKEG	FRHEGWULLDOFINDGERLEECUOFUSWGMBJLGERLQNHEERMOYJOXCFEGOFCBAUEFETHWASSQPWQVKNFCELQSEVALTDIDSTOCUSAYITHPYYENECRFREESREVXSJAXXPATITCKANIUDPNURVXWEVHMHBECUPAUSEMYALBGDELIFAZEAOWNHISFLVA
SYNTHETIC_P03	18	-2602.41262913	-2648.58171756	UYCUSEYEWCSMACKMCE	FRKHJWULLDOFINEFFRLEYWOOFUSWGMBJJICRLQMKHERMOYJOXCGDHOFCUUOEFETHWASSORUQVENIFELQSEVALTEHESTACOMAYITHPYYELGARFRHHSREVXSJAXXPMTJTCEUNIUDPNURVXWGVFMBEHFUPAUSEMYAMTHEEXCZUZEAOWNHISDMTY
SYNTHETIC_P03	19	-2643.56579065	-2692.29982844	GAWCWOUGOMSOOKGQSKO	BYGEWANGRIYBGWITIPAWESETOEXSGGPPJENTRYEDIDOHYSHXQEWDLYNCLYASDEPTGSASESOYQJWODKFSSBTITWELLTUFEEHAWWJTTOSNFSINQIDSFSFXSSIDAPSAYIMNOFDOLDDPMZSPWWHVPYBGHPCBLUEBULDCEIRMBBYXRWJENHEGLRJC
SYNTHETIC_P03	19	-2649.145051	-2697.87908879	GAWCWOUGOCSMMUGQSKO	BYGEWANGRAYCHWITIPAWESETOEXSWGNNJENTRYEDIDOHYSHXQFDLLYNCLYASDEPTGSASCRYYQJWODKFSSBTITWEMSTUFEEHAWWJTTOSNFSGKQIDSFSFXSSIDAPSFYJADOFDOLDDPMZSPWWXVNWKGHPCBLUEBULDCEARACTYXRWJENHEWLPHN
SYNTHETIC_P03	19	-2652.15233088	-2700.88636867	QEWUEOUGOMSEMEWQSOK	JYGIHANGRIYGHWATIPCGESWAOEXSGGFNJUNTRUMBIHOHYSHXQJDGDYNASIESVEPTGSASURIOQJALLIFSSBTITWEDSTUFECJKAWJTTOSNFSYKQIDSJOAXSSEDAPSAYPALOFDHANDPMHSPWWHVEWUGHPHXGUEFULDCEIRECEIXROJENHEGLHHW
SYNTHETIC_P03	19	-2653.09244919	-2701.82648698	GAWCWOAGOUSMMUGQSKO	BYGEWANGREYCHWITIPAWESETOEXSOGNNJENTRYEDIDOHYSHXQFDLLYNCLYASDEPTGSASCRYYQJWODKFSSBTITWEMSTUFEEHAWWJTTOSNFSGKQIDSFSFXSSIDXPSJYJADOFDOLDDPMZSUWWPVNWKGHPCBLUEBULACEERACTYXRWJETHEOLPHN
SYNTHETIC_P03	19	-2655.62609482	-2704.36013261	GAWCWOUGOMSOCKCAEWU	BYGEWANGRIYBMWKGCPKWESETOEXSGGPDJAWFREEDIDOHYSHXQEIDAYNJIYASDEPTGSASEHOUQJIUDKFSSBTITWELETUALLEAWWJTTOSNFSIBQINERYFXSSIDAPSAYITNOAKDIDDPMZSPWWHVPNBGRBPHLUEBULDCEIRMHBYXRWJENHEGLRXC
SYNTHETIC_P03	19	-2656.97474194	-2705.70877973	GMECEOUGOMSEMEWQSKO	BYCEHANGRIYGHWATIPAWEAEAOEXSGGFNJUNTRYEKEDOHYSHXQJDGDYNCLYMADEPTGSASURIOQJWODEBSSBTITWEDSTUFEEHAIEJTTOSNFSYKQIDSFSFXSSEDAPSAYPALOFDOLDDPMHSPWWHVEWUGHPCBLUABULDCEIRECEYXZWJENHEGLHHW
SYNTHETIC_P03	19	-2658.57430935	-2707.30834714	GAWCWOUGOMSOCWUESYO	BYGEWANGRIYBMWBEIPAWESETOEXSGGPDJSATRYEDIDOHYSHXQEIKEYNILYASDEPTGSASEHAMQJKODKFSSBTITWELETULEWHAWWJTTOSNFSIBQIRSSSFXSSIDAPSAYITCOLDCLDDPMZSPWWHVPNMGVPRBLUEBULDCEIRMHIYXRWJENHEGLRXO
SYNTHETIC_P03	19	-2662.74825478	-2711.48229257	OAWCWOUGOMKQMKIEISC	KYGEWANGRIYVHWHERPGEESETOEXSGGQNJGAIRMADIDOHYSHXQDDDKYNLEGASDEPTGSASGROAQJECMKFSSBTITWISSTULJAAIWWJTTOSNFKLKQIRINGBXSSIDAPSAYHANOLIFELDPMZSPWWHVRWBGVFLPHUEBULDCEIRLCBGXRWJENHEGLTHC
SYNTHETIC_P03	19	-2664.43484497	-2713.16888276	QEWUEOUGOMSOCKCAEIK	JYGIHANGRIYBMWKGCPCGESWAOEXSGGPDJAWFRUMBIHOHYSHXQEIDAYNDSIESVEPTGSASEHOUQJULLIFSSBTITWELETUALFJKAWJTTOSNFSIBQINEDOAXSSEDAPSAYITNOAKKANDPMHSPWWHVPNBGRBBXGUEFULDCEIRMHBIXROJENHEGLRXC
SYNTHETIC_P03	19	-2666.06682348	-2714.80086127	CSIGKGMCOGKQMKWQAMY	DYACEENWRLYVHWATEPISEEIGOESSAGQNJUNBRIGHCBOLYSHXQDDDDYNBGUSEHEHTGSASGROOQJYYFBMSSFTKTWISSTUFNDOWOIJTLOONFKLKQIDBHDHXSSTHEPSDYHANOFMISZDPMMKHWWBVRWBGHXFKAULMUCHEELRLCBUXDAJWFDEALTHC
SYNTHETIC_P03	20	-2541.91635275	-2593.2153399	WOEQSMECCMASMUOGQSEG	ARDWUNWDOFVEDYTBHUCKMEATOOFSSGHTNINDRQPWGHODSOIQYDIFFNUCKSLFTOFRSGIASDEWERISQDQFVMYLANDEFUNEDELEXANOTSOCREEXAQJENOTEOFADESTDPTLANGBSLZSCARRNQWXLVNOSHDXKZIQCLAPQJLNKCIRTHANILTMEIFNU
SYNTHETIC_P03	20	-2543.7312727	-2595.03025985	WOEQKKECCMASMUOGQSEG	ARDWCNWDOFVEDYTBHUCKMEATHOFSSGHTNINDRQPWGHODSOIQYDIFFNUCKSLFTOFRSGIASDEWERISQDQFVMYLENDEFUNEDELEXANOTSOCJEEXAQJENOTEOFADESTDPBLANGBSLZSCARRNQWXLVKOSHDXKZIQCLAPQJLNKGORTHANILTEDIFNU
SYNTHETIC_P03	20	-2549.64513731	-2600.94412446	WOACOOSUCWASMUOGQSEG	ARFIANWHOAVEDYTBHUCKMEWELOFKSQHTNINDRQPWGHOKSOBQYLIFFNUCKSLFTOFDSGWASNEWERISQDQFVMYFCNJIFUNEDELEXANOTSOONESPAQJENOTEOFADESTYPMEENBBSLZSCARRNQWXWVOCKHNXKZIQCLAPQJLNEEHITHINILFIGXFNE
SYNTHETIC_P03	20	-2553.64443779	-2604.94342494	WOCOSKECCMASMUOGQSEG	ARECUNWDOFVEDYTBHUCKMEYQOOFSSGHTNINDRQPWGHOESOIQYDIFFNUCKSLFTOFPSGIASDEWERISQDQFVMYMANDEFUNEDELEXANOTSOAREEXAQJENOTEOFADESTEPBLANGBSLZSCARRNQWXJVKOSHDXKZIQCLAPQJLNLCORTHANILRMDIFNU
SYNTHETIC_P03	20	-2557.47875452	-2608.77774167	WOUOOOSUCWASMUOGQSEG	ARICANWHOAVEDYTBHUCKMEQQLOFKSQHTNINDRQPWGHOESOBQYLIFFNUCKSLFTOFPSGWASNEWERISQDQFVMYMCNJIFUNEDELEXANOTSOANESPAQJENOTEOFADESTEPMEENBBSLZSCARRNQWXJVOCKHNXKZIQCLAPQJLNLEHITHINILRIGXFNE
SYNTHETIC_P03	20	-2558.01013231	-2609.30911946	WOCOSKEUUWASMUOGQSEG	ARECUNWHOAVEDYTBHUCKMEYQOOFKSQHTNINDRQPWGHOESOIQYLIFFNUCKSLFTOFPSGIASNEWERISQDQFVMYMANDIJUNEDELEXANOTSOAREEPSQJENOTEOFADESTEPBLENBBSLZSCARRNQWXJVKOKHNXKZIQCLAPQJLNLCORTLINILRMDIFFE
SYNTHETIC_P03	20	-2558.65996456	-2609.95895171	WOMQSMECCMASMUOGESWC	ARMWUNWDOFVEDYTBPUGMMEITOOFSSGHTNINDEQHSGHODSOIQYDIFFNUCDSCHTOFRSGIASDEWERISEDIBVMYLANDEFUNEDELEXACATSOCREEXAQJENOTEOFTYESTDPTLANGBSLZSCGRRNQWXLVNOSHDXKZIQCZAPQJLNKCIRTHANILTMEIFNU
SYNTHETIC_P03	20	-2564.33750582	-2615.63649297	WOEQSOSUCWASMUOGQSEG	ARDWUNWHOAVEDYTBHUCKMEATOOFKSQHTNINDRQPWGHODSOBQYLIFFNUCKSLFTOFRSGWASNEWERISQDQFVMYLANJIFUNEDELEXANOTSOCRESPAQJENOTEOFADESTDPMEENBBSLZSCARRNQWXLVOCKHNXKZIQCLAPQJLNKCHITHINILTMGXFNE
SYNTHETIC_P03	20	-2567.86525869	-2619.16424584	WOEQSMECCMASMUOGESOM	ARDWUNWDOFVEDYTBPUKHMEATOOFSSGHTNINDEQZCGHODSOIQYDIFFNUCDSNCTOFRSGIASDEWERISEDBLVMYLANDEFUNEDELEXAGITSOCREEXAQJENOTEOFLIESTDPTLANGBSLZSCGRRNQWXLVNOSHDXKZIQCZAPQJLNKCIRTHANILTMEIFNU
SYNTHETIC_P03	20	-2570.04200792	-2621.34099507	WOEQSMECCMOUWUGGQSEG	ARDWUNWDOFVDLYDBHUCKMEATOOFSSGHVXIEDRQPWGHODSOIQYDBEANUCKSLFTOFRSGIASDSYORISQDQFVMYLANDEFUNDLESEXANOTSOCREEXAQJGXOKEOFADESTDPTLANGHIRZSCARRNQWXLVNOSHDLNIIQCLAPQJLNKCIRTHANILTMEIFNU
SYNTHETIC_P04	1	-2893.08553982	-2895.65048918	U	EKQFQOEAAJTAIZKDHENUMUAWTGUDRFOAKLNFYNBRPTUOHZFZPULYIKOJKNUXIOFTSQEDMMPBXGYUEARCMESQIYVAYIRDWHETHWDYNPBVBDQKROPAOHREGLUSESHSTQBOPHBYZASVBEKNDREWETRFIHBSQLBGQERDNCQPWSEVITSESFXVBOPK
SYNTHETIC_P04	2	-2882.2880888	-2887.41798751	YW	UFOBODPITTMQDJCTMCJMBXZKUJGVTDFOUNOFSYNVSJSHOEDPOKUEVDLTAUQFHESRUDQQHPRLYYHOIGEALHJLHVDRURITTOGNCCAMNAOZKQGUTEPMUGHCMJOKHGWASAQUOAGGYSBXRUITBDVYIGXDHAKSQAKKUREIXFCXBOWNIHXSNMESWPTS
SYNTHETIC_P04	2	-2918.18564844	-2923.31554716	GU	EGXZOEPGDTVQMKKRIDRKKXHKUKGTTEFMENXFSYNVSKSFLFKNOLUCVELRZUZFDFAPUEQODPZLYYHOEHMYHIRLDLLOURITTOGNLDIKNYOWGQOUTFPKUHHAYKXIDHEYSBQSOBGEYSBXBURTKEDWEHFBDBSQQBKIUHEHXGCVKOENEIFQNAEQGPAS
SYNTHETIC_P04	2	-2944.25400066	-2949.38389938	SC	LQJGOAPOKTHQGGWZCMDSEXTKUGGBTAFULNJFSYNVSGSNFBWVOHUKVALZDUKFTBNXUAQWKPLLYYHOLDYGBEDLKHXWURITTOGNFMUSNKOFAQAUTBPSURHJCGIQKDQGSKQAOKGMYSBXIUDTEAPELRRIKKEYQKKQUDEPXCCDEOQNLERYNJEYAPMS
SYNTHETIC_P04	3	-2893.14724827	-2900.84209634	KYE	LLQBCEFHERDSUDCOVMWBIUZEUIRHXDUILBDVYYANUBMOAFEJVKDUGJUAFJEXPLDETCWHACDXYOOGPUWLDCPODJYOTAWHODQHILLMOJGWBLUMPJOOOBQMFFOURLEJDCPOYESGSPYBXUINMDFARESIEFLQYJSKRINFKCWBOPMCAISIVFGWAKOY
SYNTHETIC_P04	3	-2901.65896749	-2909.35381557	KUU	LAQBYEFJJRZIUFHORCWDXUVVUKRHTDUKDBZLYYFNURMOFFEZVMIUCZUCKJANPAIEPSWJFCZNYOOGPUWAICLEDLYOPAWTODNHIADMKZGWGLUCPLOOKBQBKFKKRAJJZSPOYESGSPYBXUINEDFQRGSIAFLQYJSKRKNFGCWDEPITAKSIRFGWFKOO
SYNTHETIC_P04	3	-2919.43663168	-2927.13147975	KQM	LXQBVEFLARVAUHLONUWFEURMUURHODUMHBVDYYJNUJMOJFERVBMUYRUEBJWFPCSELLWLPCVEYOOGPUWCMCHWDAYOLAWLODIHICHMGRGWKLUUPAOOGBQDBFGCRXAJUKPOYESGSPYBXUINIDFIRISIWFLQYJSKRMNFCCWFIPELAMSINFGWJKOG
SYNTHETIC_P04	3	-2936.75836658	-2944.45321466	OYQ	JLQFCEXHLUDEADJTVYWBCUZQUIRHXDUIFBDHYYHNUNROHIEVVKKUGVUAMJEJILKJTOWHHCDJYOOGPUWLKCPABJYSTAWHODQHGLFQOVEWIPUYPJOOOBQMMFOGKLLMDOIOYJSGSPYBXUGNGHFMKESNEFJQYNSKRINFKCWBGPMPLISMVFEWHOOK
SYNTHETIC_P04	3	-2953.25080585	-2960.94565393	AOM	DDQRSEKMAHTAHILFLUWGEUPMUARHNDUAHBTDYYJNUJEOJVERVCMUWRUFBJUFCDSVJLWMPCTEYOOGPUWDMCFWIBYEJAWMODGHADHCERLWKBUUPBOOEBQEBFECEDAYTKCOYVSGSPYBXUANITFIEJSZUFDQYZSKRANFACWGIPCLFASYLFLWJAOG
SYNTHETIC_P04	3	-2955.43153	-2963.12637807	MSO	KBQDWEEKMTXCBGKRPWWEDUTOULRHRDULGBXFYYINULLOIHETVALUATUZAJZHJBLHNMWKICXHYOOGPUWBLCJYVMYRNAWKODKHHBGOITFWJNUWPMOOIBQCAFIELBTKXNJOYHSGSPYBXUHNHFFKLHSLYFKQYLSKRLNFECWEHPGNSUSLOFFWIMOI
SYNTHETIC_P04	3	-2956.95160389	-2964.64645196	UGM	GHQLKEADABLAKMLZDUWKEUHMUERHFDUEHBLDYYJNUJHOJPERVGMUORUJBJMFFHSPBLWDPCLEYOOGPUWHMCXWLFYYBAWDODYHDHHWWRBWKVUUPFOOWBQYBFXCHHASLKFOYPSGSPYBXUDNINFIHASTMFGQYTSKRENFSCWKIPULIESSDFBWJUOG
SYNTHETIC_P04	3	-2969.69357681	-2977.38842489	OOI	JDQFSEXMCUTWAIATLQWGGUPIUARHNDUAJBTZYYPNUEROLIENVCBUWNUFDJUBIDBJJGWMLCTBYOOGPUWDBCFSBBYSJAWMODGHGDJQENEWMPUQPBOOEBQEDFEYKDCMTGIOYJSGSPYBXUGNKHFEKJSNUFJQYNSKRANFACWGKPCHLASMLFEWLOOC
SYNTHETIC_P04	4	-1698.65084028	-1708.91063771	UKOO	ALOOKOFDESPAIRANDENDEAVOURTOHIDEMYSELFFROMHISVIEWABOUTTHISTIMEWERETIREDTOOURHOUSEATBELRIVETHISCHANGEWASPARTICULARLYAGREEABLETOMETHESHUTTINGOFTHEGATESREGULARLYATTENOCLOCKANDTHEIMPOS
SYNTHETIC_P04	5	-2823.83656883	-2836.66131562	USGAA	GFODXKXEPPUGBYABRKWIJUEHRUKJOHDAYSYAXWFFROMYPTDBFFERUMUZHLWJILLEWOMELQYOOHRACGPUITFILELRVEEEROACLGMYYAQKRPUHVJRIALUAAGGEJJIVPSWERRIPYRUZTAXVELRDFRVIEZBUQUESTKPNWEOGFDSPOZXJYJCEMEWA
SYNTHETIC_P04	5	-2829.83815193	-2842.66289872	AUQEW	DEOBXQZETPUFJJCBTUBEGUMFRAKTOHAMDSYAZHFFREHYETELFABRUKUFHLAJFUGCWUPOPQYEOFRAFGPUSTAGALLRZABDROCCNGMUYMIIGPWQVERHIJUACGKEGIDGPYYOURFPYRUFTAXVBKJBHXXTIVLUQFRYTKSIWDOEHDUPSVXIYHEEOEAW
SYNTHETIC_P04	5	-2848.59956455	-2861.42431134	USAQA	GFOIXKXEFPUGEDABRENIJUHMRUKDOHDALSYAXRFFROCYPTDVFFERUEUZHLMJILBJWOMYBQYOOMRACGPUITIALELRLEEEROACLGMYYADCRPUAVJRIDYUAAGXEJJLAPSWYGRIPYRUZTAXVELEIFRVDUZBUQMESTKENWEOLFDSPEZXJYBCEMEMA
SYNTHETIC_P04	5	-2848.81689453	-2861.64164132	ACQOW	DAOJXQHEDPUBJECBBULEGUMARAKTOHAIDSYAHHFFRAHYETMLFABRUFUFHLKJFGGKWUWOZQYAOARANGPUSTABALLRJABMROCCVGMUYIIDGPEQVERDIEUAKGUEGEDBPYGOERFPYRUFTAXVBGJJHXFTSVLUQARYTKCIWMOMHDCPCVXEYCEEWEKW
SYNTHETIC_P04	5	-2852.12197018	-2864.94671696	ASAOW	DFOJXQXEDPUGEECBRELEGUHARAKDOHAALSYAXRFFROCYETDVFABRUFUFHLKJFLBKWUMYZQYOOARACGPUSTIBALLRJABEROCCLGMUYADDGPUAVERIDEUAAGUEGJLBPYWYERFPYRUFTAXVBLEJHXVDSVLUQARYTKCIWEOMHDSPCVXJYCEEMEKW
SYNTHETIC_P04	5	-2854.47040653	-2867.29515332	AUYIW	DEOMXQZEXPUFFHCBTCFEGUIDRAKBOHAMMSYAZPFFREDYETETFABRUIUFHLEJFUCAWUPWTQYEODRAFGPUSTJEALLRDABDROCCNGMUYMEGGPWYVERHEHUACGOEGIYEPYYXYRFPYRUFTAXVBKFMHXXBMVLUQDRYTKWIWDOCHDUPWVXIYFEEOEEW
SYNTHETIC_P04	5	-2858.20608997	-2871.03083676	OIQEO	JKOBXENETPULJJGBHUBWMUMFROKTOHGFDSYANHFFRKHYITSLFSHRUKUTHLAJLDGCWICOPQYKOFRATGPULTAGEYLRZSHNROGCAGMMYFIIKPKQVWRAIJUAQGKETBDGPNMOURLPYRUTTAXVHDJBLLLTINEUQFKMTKSBWJOELDIPSNXBYHIECEAO
SYNTHETIC_P04	5	-2858.74564838	-2871.57039517	OCQEW	JAOBXEHETPUBJJCBBUBEMUMFROKTOHGIDSYAHHFFRAHYETMLFAHRUKUTHLAJLGGCWIWOPQYAOFRANGPULTAGAYLRZAHMROCCVGMUYIIIGPEQVERDIJUAKGKETEDGPNGOURLPYRUTTAXVHGJBHLFTIVEUQFRMTKSIWMOEHDCPSVXEYHEEWEAW
SYNTHETIC_P04	5	-2863.00186062	-2875.82660741	AMGIW	DIOMXQREXPUJBHCBLKFEGUEDRAKJOHADYSYARWFFRIMYETWBFABRUIUFHLEJFBLAWUGETQYIODRAXGPUSTFEALLRDABHROCCFGMUYDQGGPOHVERLAHUAUGOEGMIEPYQEYRFPYRUFTAXVBURMHXOIMVLUQDRYTKWIWHOCHDMPWVXMYFEEGEEW
SYNTHETIC_P04	5	-2863.78689051	-2876.61163729	ACOIW	DAOMXQHEXPUBKHCBBSFEGUADRAKROHAIESYAHFFFRAIYETMJFABRUIUFHLEJFGHAWUWMTQYAODRANGPUSTBEALLRDABMROCCVGMUYIJGGPEOVERDJHUAKGOEGEEEPYGMYRFPYRUFTAXVBGKMHXFRMVLUQDRYTKWIWMOCHDCPWVXEYFEEWEEW
SYNTHETIC_P04	6	-2757.34236526	-2772.73206141	OYUSQQ	HOQBTLFDFHPCEBDWNCTUCEAGTCRUUFHWCFFJSUEROHMVQVSBVCHUZMVHZHKNACHATHISTCRLURPACKGOVTXUAFVWTOSTAHITGMFCWIQPYTOSAFRHYMOOABGWLMLGODMCSJQORUSENOBXVPASTMWHIDNEELCMXETANGELCLCRGXSCWHMVEMEM
SYNTHETIC_P04	6	-2763.32874727	-2778.71844342	KWKSQQ	JDQBTLBAFHPCGCIWNCPSSEAGTDRUUFHUCFFJSUJROHMVGVSBVDMUZMVFPHKNCDRATHEQICRLURPACKGOVTXUUGVWTOPRAHITIAKCWIMNOTOSCGRHYMOMABGWAADGODIAIJQORUSENOBXVPASBAWHIDICELCMXFTANGEJCLCRIMSCWHISEMEM
SYNTHETIC_P04	6	-2772.93994141	-2788.32963755	GWWKQU	LDQFTJXAFZPGICCWNALSEEAKTDRUUDHUCFFNSUDROPMVSVSEVDGUZKVFBHKREDGETFAQVURPURPECIGOVTXYEGVWTOKRAHITKAEGWGINALOWEGRLYKOMATGACAKKOBEAUBQSRUSINOBXVHASDAWLIBECEDCQXFTENEEJCDCVKMSGWFESEEEQ
SYNTHETIC_P04	6	-2777.74568319	-2793.13537934	AAUSQQ	BBQBTLREFHPCLADWNCFWCEAGTBRUUFHYCFFJSUEROHMVQVSBVBHUZMVJZHKNHBHATHUUTCRLURPACKGOVTXUHEVWTOEVAHITALFCWICRYTOSHERHYMOQABGWFLLGODYESJQORUSENOBXVPASGLWHIDYGELCMXDTANGENCLCRAKSCWHYWEMEM
SYNTHETIC_P04	6	-2779.08911991	-2794.47881606	GWUKQQ	LDQFTLXAFZPCICDWNCLSCEAGTDRUUFHUCFFJSUEROHMVQVSBVDHUZMVFZHKNEDHETHAQTURLURPECKGOVTXUEGVWTOKRAHITKAFGWIINYLOSEGRLYMOMATGWCALKODEASBQORUSINOBXVHASDAWLIDECEDCMXFTENGEJCDCRKMSGWHESEEEM
SYNTHETIC_P04	6	-2781.85477734	-2797.24447348	AAUSAY	BBQBTHREFHPKLADWALFWCELOTBRUUBHYCFFRSUERODMVQVSJVBHUZIVJZHKVHBHATDUUTCRTURPAKGGOVTHCHEVWTOEVAHITALFCWECRYTOAHERHYIOQABGEFLLGOYYESJQXRUSEAOBXVPLSGLWHDMYGELMUXDTANCENCLCZAKSCWDYWEMEU
SYNTHETIC_P04	6	-2806.33814955	-2821.72784569	OWKSQW	HDQBTIFAFHPIECIWNMTSSEAMTDRUUCHUCFFPSUJROEMVGVSHVDMUZJVFPHKTADRATEIQICRRURPACHGOVTXAAGVWTOSRAHITGAKCWFQNOTOYAGRHYJOMABGCLADGOAMAIJQURUSENOBXVPASTAWHIANCELCSXFTANDEJCLCXGMSCWEMSEMES
SYNTHETIC_P04	6	-2812.33759356	-2827.7272897	GWWSWK	LDQBTBXAFHPWICCWCFLSEEHATDRUUIHUCFFDSUDROKMVSVSVVDGUZCVFBHKHEDGATPAQVCREURPAMAGOVTDOEGVWTOKRAHITKAECWLINATOMEGRHYCOMABGQCAKGOGEAUJQIRUSECOBXVPHSDAWHFGECELIGXFTANJEJCLCLKMSCWKESEMEG
SYNTHETIC_P04	6	-2818.38135719	-2833.77105334	COWKQQ	AHQFTLTSFZPCKGCWNCHKEEAGTHRUUFHMCFFJSUDROHMVSVSBVHGUZMVXBHKNGHGETHWIVURLURPECKGOVTXUGRVWTOGIAHITMEEGWIEFALOSGKRLYMOEATGWEEKKODASUBQORUSINOBXVHASFEWLIDAUEDCMXJTENGEBCDCRNDSGWHBKEEEM
SYNTHETIC_P04	6	-2818.63961744	-2834.02931359	SOASQQ	FHQBTLJSFHPCYGAWNCWKIEAGTHRUUFHMCFFJSUBROHMVWVSBVHEUZMVXFHKNLHEATHMIZCRLURPACKGOVTXULRVWTOWIAHITEEPCWIUFFTOSLKRHYMOEABGWJEIGODQSYJQORUSENOBXVPASKEWHIDQUELCMXJTANGEBCLCREDSCWHQKEMEM
SYNTHETIC_P04	7	-2743.42997313	-2761.38461863	SOOWACE	FJXITASITFLOOKANDKTGFAFYMUCFNCYHLYAFHBBREEGOBLFHOMESOFNVGXSUBDHLFWEUXCOARPWXSAYGPUTLIBWTONRXIBGJTCYCQMETAWOOYAVMUMOTEJTGUENQRSDYSELRUMTHHETBIJLILIQPQRAYIFEXQIWMMESFIDUCEDSAWBQKEQEY
SYNTHETIC_P04	7	-2758.84490728	-2776.79955279	SOOWUME	FJXITISITFLOYKANDKTBFAFYMUMFNCYHBYAFHBBLEEGOBLICOMESOZXVGXSUELHLFWEOHCOARPWXSAYGPUTLIBWTONRXIBGJTCYCQMHTAWOOYUVMUMOTHETGUENKBSDYSEBRUMTHHYTBIJLIBWQPQRASTFEXQIWHMESFIDECEDSAWJQKEQEI
SYNTHETIC_P04	7	-2761.36989689	-2779.32454239	SKUCACG	FLXFTACIPFROONANAHTGEAFESUCHNEYELYMFDBHREEGOLIFHOMEYUFNVGXSUBDGLFWEUXEOCRPWXCAUGPUTMIDWTONRXEBGJTCYEQJETMWKOEAVOUBOFEJTGQESQRSDYSBLRUMTHNETBILIFLIQPMXGYIFEXQFWMLESFODUCEFSYWBQGEXEY
SYNTHETIC_P04	7	-2766.56479454	-2784.51944004	SKOWKMG	FLXITICIPFLOYNANDKTBEAFYMUMHNEYHGYMFDBBBEEGOBLACOMESOPXVGXSUJLGLFWEEHEOCRPWXCAUGPUTMIDWTONRXEBGJTCYEQMMTMWKOYKVOUBOTMETGQENABSDYSEGRUMTHHOTBILLIGWQPMRAITFEXQIWHLESFIDECEFSAWJQGEQEI
SYNTHETIC_P04	7	-2770.69331217	-2788.64795767	SIUCKMG	FMXFTICINFROYNANAHTBEAFESUMHNFYEGYMFBBHBEEGOLIACOMEYUPXVGXSUJLGLFWEEHEODRPWXCASGPUTMIEWTONRXCBGJTCYFQJMTMWIOEKVOUCOFMETGOESABSDYSBGRUMTHNOTBIMIFGWQPKXGITFEXQFWHLESFODECEGSYWJQEEXEI
SYNTHETIC_P04	7	-2773.04389524	-2790.99854075	YEQWOOO	CBXITHLOJFLOAVKNCKTUUGFAMUPONHYHEYIFXBBFEEDOALLBOSEUOTZVDXSUHRCRFWEIIMOURPWXLAPGPUTUFGWTONRDYBGJTCMHQMKTIDEOYOVWUEOTKDTGKENEDSAYSEERUSTHHSTBFQKIECQVHTAMUFBXQIWGHKSFIDGCBISAWIWAEQEK
SYNTHETIC_P04	7	-2779.08429384	-2797.03893934	SKOIOSG	FLXCTFCIPFXOENANDETLEAFYYUSHNEYBEYMFDBNFEEGOBFLMOMESATDVGXSUHIGLFWEINEOCRPWXCAUGPUTMIDWTONRXEBGJTCYEQGKTMWKOKOVOUBOCKBTGQEYEHSDYSLERUMTHTSTBILLTEAQPMRNMYFEXQCWELESFUDKCEFSHWGQGECEO
SYNTHETIC_P04	7	-2781.20118046	-2799.15582596	YYAWAUO	CEXITELODFLOGVKNKKTKUGFKMUUONKYHLYIFRBBREEDOILFLOSEEOFFVDXSUBHCRFWEUPMOIRPWXLAIGPUTUFJWTONRDSBGJTCMKQMETIDYOYAVWUHOTEATGEENQJSAYSELRUSTHHETBFEFILMQVADAYAFBXQIWDHKSFIDMCBXSAWFWVEQEQ
SYNTHETIC_P04	7	-2781.87907696	-2799.83372246	YIICYEC	CMXFTMEONFROQJKNGHTFGGFSSUEDNFYEMYBFBBHPEEDOEIGGOSEMUDPVDXSUCCIRFWESZAODRPWXEASGPUTIFEWTONRDCBGJTCMFQJFTBDIOEYVKUCOFFITGOESOTSAYSBMRUSTHNCTBFMSFYHQVKKGXKFBXQFWLAKSFODWCBGSYWAWEEXEA
SYNTHETIC_P04	7	-2784.69321203	-2802.64785753	YMQWOOC	CKXITHEORFLOAJKNCKTUGGFAMUPDNDYHEYBFFBBFEEDOALLBOSEUOTZVDXSUHRIRFWEIIAOBRPWXEAWGPUTIFCWTONRDGBGJTCMDQMKTBDMOYOVKUAOTKDTGSENEDSAYSEERUSTHHSTBFKKIECQVOTAMUFBXQIWGAKSFIDGCBESAWIWIEQEK
SYNTHETIC_P04	8	-2727.84171152	-2748.36130638	QOEAOCGM	QDTGOEMBGTFOOPMRAMUHURDOAEUBOLJODISHOROPGEEDMVDVRAKULETJVXIHLYITADYLHOULRIDEHKAWAYUEBITOBKQVSXAHHEHDXDDPSFIAOEHUTHTEDFSYGUEQFQSCPERUSNNIHYITBXVIBJQLACEROVESBYETTLFFASKECPOONNGSBPKS
SYNTHETIC_P04	8	-2728.46187496	-2748.98146982	COEAOCGG	CDTGOEMETTFOOPMLHMUHURDOMEUBOLJOKISHOROPSEEDMVDVRAKULETMVXIHLYINHDYLHOUBRIDEHKAQHYUEBITONKQVSXAHPEHDXDDPFFIAOEHUTHTEDFSYGUEQFQSCPERUSNNOHYITBXVDIJQLACERAVESBYETTLFFASKHCPOONNGMIPWS
SYNTHETIC_P04	8	-2730.22195101	-2750.74154587	IOYAGEQG	MDTGODHEZTFOORWLEMUHERLOSEUBHLTOHISHORGPYEEDMVMVRAAUCDTMVXCHLAINEDYLLOUBRIDEZKAQEYUEFHTOTKQVKZAHLEKDXCLPKFCAOGRUTHTEHESYGUEQXSSCPEFUSNNOHYDTBXVDFJQLEBURGVESTAPTTLIFESFHCPOOFNQMFPCS
SYNTHETIC_P04	8	-2730.44218826	-2750.96178312	KOGAOCGG	LDTGOEMEBTFOOPMLDMUHURDOUEUBOLJOGISHOROPAEEDMVDVRAJULETMVXKHLYINDDYLHOUBRIDEHKAQDYUEBITOVKQVSXAHKEGDXDDPMFKAOEHUTHTEDFSYGUEQFQSCPEBUSNNOHYLTBXVDEJQLACERIVESBYETTLEFASKHCPOONNGMEPES
SYNTHETIC_P04	8	-2733.08566666	-2753.60526152	COYAYWGG	CDTGOHMETTFOOJMLHMUHIRDOMEUBZLJOKISHOROPSEEDMVDVRAAUGHTMVXCHLSINHDYLCOUBRIDERKAQHYUEJLTONKQVCRAHPEKDXGDPFFCAOYHUTHTELISYGUEQPKSCPEFUSNNOHYDTBXVDIJQLIFERAVESLSETTLIFISKHCPOOXNGMIPWS
SYNTHETIC_P04	8	-2734.86283493	-2755.38242979	KOYAYEGG	LDTGODMEBTFOORMLDMUHIRDOUEUBZLJOGISHOROPAEEDMVDVRAAUGDTMVXCHLAINDDYLCOUBRIDERKAQDYUEJHTOVKQVCZAHKEKDXCDPMFCAOGHUTHTELESYGUEQPSSCPEFUSNNOHYDTBXVDEJQLIBERIVESLAETTLIFISKHCPOOXNGMEPES
SYNTHETIC_P04	8	-2739.06173468	-2759.58132954	QOYAYEGM	QDTGODMBGTFOORMRAMUHIRDOAEUBZLJODISHOROPGEEDMVDVRAAUGDTJVXCHLAITADYLCOULRIDERKAWAYUEJHTOBKQVCZAHHEKDXCDPSFCAOGHUTHTELESYGUEQPSSCPEFUSNNIHYDTBXVIBJQLIBEROVESLAETTLIFISKECPOOXNGSBPKS
SYNTHETIC_P04	8	-2742.29542494	-2762.8150198	QOYAGSGM	QDTGOJMBGTFOOFMRAMUHERDOAEUBHLJODISHOROPGEEDMVDVRAAUCJTJVXCHLOITADYLLOULRIDEZKAWAYUEFATOBKQVKNAHHEKDXIDPSFCAOUHUTHTEHKSYGUEQXGSCPEFUSNNIHYDTBXVIBJQLEHEROVESTOETTLIFESKECPOOFNGSBPKS
SYNTHETIC_P04	8	-2742.90239716	-2763.42199202	COYAYMGY	CDTGOMMITTFOOZMDHMUHIRDOMEUBZLJOKISHOROPSEEDMVDVRAAUGMTPVXCHLIIEHDYLCOURRIDERKAJHYUEJDTONKQVCHAHPEKDXLDPFFCAOOHUTHTELASYGUEQPASCPEFUSNNCHYDTBXVUIJQLIKERAVESLIETTLIFISKLCPOOXNGEIPWS
SYNTHETIC_P04	8	-2743.55627537	-2764.07587023	KWOIOMGG	LMTCOMMEBBFWOZMLDTUDURDOUNUJOLJOGESDOROPAEELMVDVRJFULMTMVFSHLIINDMYHHOUBRQDMHKAQDYUABDTOVKQDSHAHKAWMXLDPMNTIOOHUTOTADASYGDEYFASCPAKUSNNOHGTTBXVDEFQHAKERIDEABIETTHABASKHCXOWNNGMEPES
SYNTHETIC_P04	9	-2747.26767683	-2770.35222105	MCUEOOKQA	EFTMSICHEDHESPARVOUGHTHRUUNVDVLQOHODROFYPHDWFNURVSYEEFPJIUORELCJJMEWFELZWXSOLMVALGPUSUTCHKNXNNEIGBDCVHMNUNGEQKUTOMRCGPSANGUEHQMPYCASINOHTGPTTAXUKCYFJARUNLIEXAKISKSGINDLGBCORTMOUIMF
SYNTHETIC_P04	9	-2752.05009794	-2775.13464216	WYCEOOKQI	MHTMSICHANDESPARVWUIDTHRUUNVZDLQOHODROBYPHDWBNUZVSYEENPLEUORELLJFUEWFELHWXSOLMVAHGPUSUTCHSNLNNEIGBMCQHMNUNGMQMUTOMRCCPOANGUEHYHPYCASINORTGPTTAXUFEYFJARUNVEEXAKISKSIENDLGBLONBMOUIMF
SYNTHETIC_P04	9	-2752.20742369	-2775.2919679	MYCEOOKQS	EHTMSICHIDDESPARVGUIDTHRUUNVZDLQOHODROBYPHDWJNUZVSYEEXPLEUORELGJFUEWFELRWXSOLMVACGPUSUTCHCNLNNEIGBHCQHMNUNGWQMUTOMRCKPOANGUEHIMPYCASINOHTGPTTAXUKEYFJARUNLEEXAKISKSIENDLGBGONBMOUIMF
SYNTHETIC_P04	9	-2755.63140011	-2778.71594433	KMKEOOKQY	FATMSICHFBRESPARVMUBMTHRUUNVNLLQOHODROKYPHDWGNUHVSYEEDPEAUORELDJTCEWFELXWXSOLMVAMGPUSUTCHINENNEIGBECEHMNUNGCQFUTOMRCHPCANGUEHOAPYCASINOFTGPTTAXULKYFJARUNJSEXAKISKSBANDLGBDOBJMOUIMF
SYNTHETIC_P04	9	-2758.26696205	-2781.35150627	SYCEOOKQY	BHTMSICHFJDESPARVMUIDTHRUUNVZDLQOHODROBYPHDWGNUZVSYEEDPLEUORELDJFUEWFELXWXSOLMVAMGPUSUTCHINLNNEIGBECQHMNUNGCQMUTOMRCHPOANGUEHOJPYCASINONTGPTTAXUHEYFJARUNREEXAKISKSIENDLGBDONBMOUIMF
SYNTHETIC_P04	9	-2758.27737617	-2781.36192039	EMKEOOKQE	XATMSICHCURESPARVSUBMTHRUUNVNLLQOHODROKYPHDWDNUHVSYEEJPEAUORELAJTCEWFELDWXSOLMVAJGPUSUTCHONENNEIGBBCEHMNUNGIQFUTOMRCEPCANGUEHUDPYCASINOZTGPTTAXUBKYFJARUNDSEXAKISKSBANDLGBAOBJMOUIMF
SYNTHETIC_P04	9	-2759.48384094	-2782.56838516	UCUEOOKWM	AFTMSICELLHESPARBAUGHTHRUJNVDVLQOHVDROFYPHDWMNURVSYEERPJIUOREIJJJMEWFERLWXSOLMVKYGPUSUTCNXNXNNEIGLKCVHMNUNMQQKUTOMRMAPSANGUENCIPYCASINOPTGPTTAXUGCYFJARUNTIEXAKISKSGINDLGWJORTMOUITF
SYNTHETIC_P04	9	-2760.45170546	-2783.53624967	UIUEOOKQY	ATTMSICHFLMESPARVMUDHTHRUUNVJVLQOHODROFYPHDWGNURVSYEEDPGIUORELDJPMEWFELXWXSOLMVAMGPUSUTCHINGNNEIGBECAHMNUNGCQHUTOMRCHPYANGUEHOIPYCASINOPTGPTTAXUGMYFJARUNTOEXAKISKSDINDLGBDOXTMOUIMF
SYNTHETIC_P04	9	-2761.83484554	-2784.91938976	CYCEOOKOO	JHTMSICIKTDESPARTCUIDTHRUANVZDLQOHNDROBYPHDWLNUZVSYEETPLEUOREMIJFUEWFEJNWXSOLMVBEGPUSUTCFYNLNNEIGCJCQHMNUNESQMUTOMRDMPOANGUEFEEPYCASINOXTGPTTAXUCEYFJARUNBEEXAKISKSIENDLGCIONBMOUIKF
SYNTHETIC_P04	9	-2762.33747482	-2785.42201904	KMKMOWWMY	FATISEJJFBREAPIDRMUBMTHRUBNVNLLQOHLDROKYPDVWGNUHVSGREDPEAUORLADJTCEWFQHXWXSOLIVCMGPUSUBCDINENNEEADECEHMNCZCCQFUAOIREHPCAUGCEDOAPYLASCNOFTGXTTAXULKYBJJGUNJSEFASVSKSBANDHADDOBJMOCUIF
SYNTHETIC_P04	10	-2650.13386011	-2675.78335369	QWGYGUAAGI	LIOGPKCEINHAENOHHEVQLORIUDWYSHRKJOHTDFFBOKGSFEEHZDSGAFLNFLURLEFLYBBBERLREIROCEYKMRFWDEARONALRSKPAGISTEFOURRDYDPYGVOUKNOYGADAYICYRDOAFORTVSHTTAGEABUDEANYIDEAFSSFUHEGKXFLGPDWONEMAGEF
SYNTHETIC_P04	10	-2662.82426405	-2688.47375762	SWGYGUAAGG	KIOGPKCEINJAENOHHEVQKORIUDWYSITKJOHTDFFZOKGSFEEHZUSGAFLNFLUOTEFLYBBBERMREIROCEYKLRFWDEARONCLRSKPAGISTEFOURRDYEPYGVOUKNOWFADAYICYREQAFORTVSHRKAGEABUDEBOYIDEAFSSDUHEGKXFLGMDWONEMAGEC
SYNTHETIC_P04	10	-2667.1619401	-2692.81143367	EWGYGUAAGW	EIOGPKCEINVAENOHHEVQEORIUDWYSAFKJOHTDFFPOKGSFEEHZJSGAFLNFLUFEEFLYBBBERZREIROCEYKURFWDEARONPLRSKPAGISTEFOURRDYJPYGVOUKNOMOADAYICYRJDAFORTVSHHEAGEABUDEGAYIDEAFSSTUHEGKXFLGEDWONEMAGES
SYNTHETIC_P04	10	-2678.47003365	-2704.11952722	QOUYGGAAGI	LMOGPECEINHSENOTHEVQLOHIUKWYSHRKWOHFDFFBOBMSFLEHZDSYOFLZFLURLILLYIBBERLJSIRACEYKMRLWDLARONALRSKBAGISTILOURRDYDPQUVOUKNOYGEJAYCCYRDOSTORFVSHTTEMEAIUDEANQWDEMFSSFULKGKXFLGPDOONEMAGEF
SYNTHETIC_P04	10	-2683.88724041	-2709.53673398	QWGYGCKAWE	LIOGPUKEANHAENOORELQLORIUNWYSYRKJOHADFFWOKGSFAMHZFSGAFLVPLUNLEFLYYJBURLREIRXCEPKMRFWDAIRONALRSKXAGISTEFOURRDYFPYGVOUKNOUGADAYEPYRUOAFORBESHOTAGEAKUDJCNYIDEIFSIBUHEGKXSLLADWONEMLGUA
SYNTHETIC_P04	10	-2686.14921761	-2711.79871118	MAGYGUAAGW	AGOGPKCEINDEENOHHEVQTORIUDWYSAMKJOHTDFFPOIGSFEEHZJSKAFLNFLUFACFLYBBBERHVEIROCEYKBRFWDEARONWLRSKPAGISTCFOURRDYJPCGVOUKNOMILDAYICYRJKEFORTVSHHALGEABUDEGICIDEAFSSTUFEGKXFLGEDAONEMAGES
SYNTHETIC_P04	10	-2687.70778465	-2713.35727823	COUYGGAAGG	FMOGPECEINTSENOTHEVQFOHIUKWYSIDKWOHFDFFZOBMSFLEHZUSYOFLZFLUOFILLYIBBERXJSIRACEYKGRLWDLARONMLRSKBAGISTILOURRDYEPQUVOUKNOWAEJAYCCYREASTORFVSHRFEMEAIUDEBYQWDEMFSSDULKGKXFLGMDOONEMAGEC
SYNTHETIC_P04	10	-2688.7722683	-2714.42176187	QWGYGOYAWE	LIOGPAPEANHAENOBEELQLORIUGWYSYRKJOHNDFFWOKGSFHFHZFSGAFLHDLUNLEFLYECBURLREIRICEPKMRFWDHBRONALRSKJAGISTEFOURRDYFPYGVOUKNOUGADAYLDYRUOAFORNTSHOTAGEAEUDJCNYIDEUFSIBUHEGKXGLLADWONEMYGUA
SYNTHETIC_P04	10	-2688.86279726	-2714.51229083	YWGYGUYIGI	HIOGPKPAINPAENOHEMVQHORIUDWYSHZKJOHTDFFBOKGSFEFDZDSGAFLNDTURHEFLYBCKERTREIROCMYKIRFWDEBRONILRSKPAGISTEFOURRMYDPYGVOUKVOYCADAYIDYRDWAFORTTSHTHAGEABUMEAUYIDEAFASFUHEGKXGHGPDWONEMYOEF
SYNTHETIC_P04	10	-2690.95472813	-2716.6042217	QWKCGUAAGI	LIOEPKCEINHAEROHHEVQLOMGUDWYSHRKMOHTDFFBOKESFEEHZDSGEFLNFLURLEDJYBBBERLRIMROCEYKMRDIDEARONALRXKPAGISTEDOURRDYDPYKVOUKNOYGABLYICYRDOAJSRTVSHTTAEQABUDEANYMGEAFSSFUHCEKXFLGPDWOREMAGEF
SYNTHETIC_P04	11	-2648.29458427	-2676.50902721	KOKMAWOOSKI	BHSJHEKEENWASFAOJUTGQACANDYSYEPADNOHLDFFGBOZJKUGUHLTPFSPHOWVESGLHIJAMPWMSOSTEDSCLAHGOUTONXNHYPECHFAISDEHMNUUAMOMRETHEBPJHAWGTEMECTDGOTOBEQLTCEMAWVJLSHEOMLENOASUSUSIGXSFYDOCOPYGEPES
SYNTHETIC_P04	11	-2652.52118492	-2680.73562785	KOKMAWOOQCI	BHSJHEKEFNWASFAOJUTEQACANDYSYEPEDNOHLDFFGBGZJKUGUHLTPJSPHOWVESGLZIJAMPWMSOSTEDSCLAHGOUTONXNHYPECIJAISDEHMNUSSMOMRETHEBPAHAWGTEMECTDGOTOBEQLTDIMAWVJLSHEMELENOASUSUSMGXSFYDOCOPQGEPES
SYNTHETIC_P04	11	-2655.63485432	-2683.84929725	KOKMYGYGQCI	BHSJIMFIFNWASFAOTELEQACANDYSYIPEDNOHLDFFYBGZJKUGUCGTPJSPHOWVOCGLZIJAMPWHSOSTEDSCLARGOUTONXNHYPYGIJAISDEHMWMSSMOMRETCMFPAHAWGTEWOUTDGOTOBRQGTDIMAWVJISREMELENOASESESMGXSFYDZCHPQGEPES
SYNTHETIC_P04	11	-2657.23767948	-2685.45212241	KOKMAGOYQCI	BHSJHMKMFNWASFAOTUDEQACANDYSYMPEDNOHLDFFQBGZJKUGUCLTPJSPHOWVOSGLZIJAMPWHSOSTEDSCLARGOUTONXNHYPEKIJAISDEHMNESSMOMRETCEJPAHAWGTEWEMTDGOTOBEQLTDIMAWVJLSHEMELENOASESISMGXSFYDZCZPQGEPES
SYNTHETIC_P04	11	-2658.12137079	-2686.33581372	KOKMAWOYGCI	BHSJHEKMKNWASFAOJUDUQACANDYSYMPEDNOHLDFFQBGZJKUGUHLTPJSPHOWVESGLZIJAMPWMSOSTEDSCLAHGOUTONXNHYPEKAJAISDEHMNEISMOMRETHEJPAHAWGTEMEMTDGOTOBEQLTIIMAWVJLSHECELENOASUSISMGXSFYDOCZPQGEPES
SYNTHETIC_P04	11	-2658.21349478	-2686.42793771	KOKMAGOMGCI	BHSJHMKFKNWASFAOTURUQACANDYSYFPEDNOHLDFFEBGZJKUGUCLTPJSPHOWVOSGLZIJAMPWHSOSTEDSCLARGOUTONXNHYPEWAJAISDEHMNTISMOMRETCECPAHAWGTEWEATDGOTOBEQLTIIMAWVJLSHECELENOASESBSMGXSFYDZCNPQGEPES
SYNTHETIC_P04	11	-2660.99505424	-2689.20949718	KOKMYGIYKCI	BHSJIMAMINWASFAOTODYQACANDYSYMPEDNOHLDFFQBGZJKUGUCBTPJSPHOWVOMGLZIJAMPWHSOSTEDSCLARGOUTONXNHYPHKLJAISDEHMHEMSMOMRETCHJPAHAWGTEWYMTDGOTOBRQBTGIMAWVJISBEGELENOASESISMGXSFYDZCZPQGEPES
SYNTHETIC_P04	11	-2665.15579033	-2693.37023326	KOKMYGIYAKI	BHSJIMAMANWASFAOTODOQACANDYSYMPADNOHLDFFQBOZJKUGUCBTPFSPHOWVOMGLHIJAMPWHSOSTEDSCLARGOUTONXNHYPHKDFAISDEHMHECAMOMRETCHJPJHAWGTEWYMTDGOTOBRQBTYEMAWVJISBEXMLENOASESISIGXSFYDZCZPYGEPES
SYNTHETIC_P04	11	-2666.26829481	-2694.48273774	CQIWAWOOSUQ	FGSEHEKEENWSUFKOJUTGQAGMNLYSYEPIMFOHVDFFGBYHARDBUHLTPASHINGVESGLRIAMAPWMSOSTADUALAHGOUTWNXNCYPECHAJISDOHMNUUKUOLRMTHEBPEDAYGDEMECTDOOTOJEQLTCMIAWVTLSHEOWTINOISUSUSDCPSFIDOCOPIOIPWS
SYNTHETIC_P04	11	-2667.65733147	-2695.8717744	KEOESOOOQCI	BMSALIKEFNWAIFSOBUTEQACFNHYSYEPEDNOHDDFFGBGZJCAKULLTPJSPXTOVWSGLZIJFKPWDSOSTEDIGLAZGOUTONXNLYPECIJAISDWHMNUSSMOTRITLEBPAHANGLEEECTDGOTOFIQLTDIMAWVBDSHEMELENOESASUSMGXSFQDHCOPQGEPES
SYNTHETIC_P04	12	-2676.66619825	-2707.44559054	OWOMAOOAUSWI	HHIBPKEADWCGEBFBPAVEIQAGWASYYISHEROLHVDFEHAFKFELSHMPXSUBHWTLUESHLLIGNEXEOSTVIEUELWTOGOVSHSCRELQCDGMJVHURHQYDQMTMOROUCVKUTBEMPERUSENOMANDRMITHDASAFULHGDQTACONCEFMKMTKHITGMSFWIMSEGEK
SYNTHETIC_P04	12	-2685.70619106	-2716.48558335	OWOMAOOAUQKI	HHIBPKEADWIGEBFBPAVEIQAGWASYYISHEROLHVDFEHAFKFELSHMPXSUBHWTLUESHLLIGNEXEOSTVIEUELWTOGOVSHSCRELQCDGMJVHURHQYDQMTMOROUCVKUTBEMPERUSNIOMANDRMITHAPSAFULHGDQTBIONCEFMKMTKFWTGMSFWIMSEGEK
SYNTHETIC_P04	12	-2687.81954575	-2718.59893804	OWOKMWOMSSWI	HHICPREHEWCGEBFZPJVQGQAGWASYYESBFROLHVDFEPARIFELSHMPXHUIIWTLUESHLSISLEXEOSTVCAULMWTOGOVSTACDCLQCDGMKVDURIQYDQMTKOZOUAVKUTBEAPARUSENOMANBRUITHDASAFUMBCDQTACONCEDYSMTKHITGMSGWEMSEEES
SYNTHETIC_P04	12	-2689.02924538	-2719.80863767	OKOEAOOAUSWO	HAIFPKEADWCDEPFTPAVEIQAMWGSYYISHEROIHJDFEHAFKFERSAMPXSUBHWTIUSSHLLIGNEXEOSTVIEUELWTHGOVSHSCRELQJDMMPVHURHQYAQATFOROUCVKATHEDPERUSENOMONVRMITHDASALUCHGDQTACONQEXMKMTKHITGFSJWIMGEYEK
SYNTHETIC_P04	12	-2693.2979908	-2724.07738309	OWOMIWGQUSWI	HHIBPRIFDWCGEBFBPJNUIQAGWASYYESMEROLHVDFEPAVKFELSHMPXHUGHWTLUESHLSIWNEXEOSTVEAUJLWTOGOVSPACHELQCDGMJVDERHQYDQMTMOZHUCVKUTBEMPABUSENOMANDRUBTHDASAFULDCHQTACONCEFUSETKHITGMSFWEMSEGES
SYNTHETIC_P04	12	-2694.63158274	-2725.41097503	OWOKMWOMSQKO	HHICPREHEWIDEBFZPJVQGQAMWASYYESBFROIHVDFEPARIFERSHMPXHUIIWTIUESHLSISLEXEOSTVCAULMWTHGOVSTACDCLQJDGMKVDURIQYAQMTKOZOUAVKATBEAPARUSNIOMANBRUITHAPSAFUMBCDQTBIONCEDYSMTKFWTGMSGWEMSEEES
SYNTHETIC_P04	12	-2695.71502209	-2726.49441438	MEOCAOOAUSMU	ODIGPKEADWHADJFRPAVEIQASWJSYYISHEROFHDDFEHAFKFEXSDMPXSUBHWTFUMSHLLIGNEXEOSTVIEUELWTEGOVSHSCRELQPECMBVHURHQYKOUTCOROUCVKGAKEEPERUSEHOLINTRMITHDRSBBUDHGDQTAHOLKEVMKMTKHYTHISYWIKAEXEK
SYNTHETIC_P04	12	-2697.79550362	-2728.57489591	SOWOAOOAUMSO	FLEAPKEADWEDITFDPAVEIQAMWESYYISHEROIHNDFEHAFKFERSLIPXSUBHWTIUWAHLLIGNEXEOSTVIEUELWTHGOVSHSCRELQJXKIIVHURHQYAVEBOOROUCVKAKFALPERUSHEORSVFRMITHXXSLJUKHGDQTDEORUEHMKMTKBETEDSEWIQKEIEK
SYNTHETIC_P04	12	-2698.69094086	-2729.47033315	OWOQGWGQUSWI	HHIMPRIFDWCGEBFFPJNUIQAGWASYYESMEROLHVDFEPAVKFELSHMPXHUGHWTLUESHLSIWNEXEOSTVFAUJLWTOGOVSNACHELQCDGMHVDERHQYDQMTQOZHUCVKUTBEKPABUSENOMANHRUBTHDASAFURECHQTACONCEISSETKHITGMSDWEMSEKES
SYNTHETIC_P04	12	-2700.04682636	-2730.82621865	OWOMAOOOSSWI	HHIBPKEGEWCGEBFBPAVSGQAGWASYYISAFROLHVDFEHATIFELSHMPXSUHIWTLUESHLLIULEXEOSTVIEUKMWTOGOVSHSCFCLQCDGMJVHURIQYDQMTMOROUAVKUTBEMPERUSENOMANDRMITHDASAFULHGDQTACONCEFMKMTKHITGMSFWIMSEGEK
SYNTHETIC_P04	13	-2630.83233929	-2664.17668093	UAKMWQAEGOWOW	SPUJRDALGNXBIKFFBODGIURAMAYYKMUGEOMEPOKDEEEBUREERMUSIHOLLTPVHEAHOLWITOFXEAJUZQRVETOFEMKXNNYDRVKRLEYBGJSDGYUAOLRITLYBEDUKYOGANGUEENETOURISTIWFJAYSBXVMKSYETQYTFUMUKNICYLIENDEDROSEMWU
SYNTHETIC_P04	13	-2632.53171492	-2665.87605656	UAKMWECIQOAYW	SPUJRJMJBNXJIKFFBORIMERAWAYYKMUMDOHEPOKDEEEBITEERMUSIHOLLTPVCELCOLWITOFXEKJYJQRVETOLDOFXNNYDRVKRZGDBGJSDGYUAOERGTLYJEDUKYOUARGUEONETOURBETDWDEAYSBXVANSIEXAYTFUMUDNGKYJPENDEDFOWOMAF
SYNTHETIC_P04	13	-2633.44813681	-2666.79247845	UAKMWECIGOWOW	SPUJRJMJGNXBIKFFBORIMURAMAYYKMUMDOMEPOKDEEEBITEERMUSIHOLLTPVHEAHOLWITOFXEAJUZQRVETOLDOKXNNYDRVKRZGDBGJSDGYUAOERGTLYBEDUKYOUARGUEENETOURBETIWFJAYSBXVANSYETQYTFUMUDNGCYLIENDEDFOWEMWU
SYNTHETIC_P04	13	-2634.48133516	-2667.82567681	UAKMWECIQOGKW	SPUJRJMJBNXDIKFFBORIMERAIAYYKMUMDOHEPOKDEEEBITEERMUSIHOLLTPVCEIJOLWITOFXEKJEVQRVETOLDOFXNNYDRVKRZGDBGJSDGYUAOERGTLYDEDUKYOUARGUEANETOURBETDWALAYSBXVANSIEDMYTFUMUDNGKYGKENDEDFOWOMGQ
SYNTHETIC_P04	13	-2635.42955017	-2668.77389182	UAKMWQAEAOSYW	SPUJRDALJNXJIKFFBODGIORAWAYYKMUGEOCEPOKDEEEBUREERMUSIHOLLTPVXECCOLWITOFXEVJQJQRVETOFEMAXNNYDRVKRLEYBGJSDGYUAOLRITLYJEDUKYOGANGUEONETOURISTLWHEAYSBXVMKSSEPAYTFUMUKNIFYWPENDEDROSYMTF
SYNTHETIC_P04	13	-2638.86082268	-2672.20516432	UKCASGUUEOQKW	SKUCRINDWNXDIKOFPOTBYTRAIAYYBFULHOAEPOKDEESBKLEERMUSICOEATPVIEDJOLGIHKFXEYJOVQRDITONHELXNNYDANKRAYOBGJSDGYUTODRATLYDEDUKNOWADGUEANETOURAITYWILAYSBXVCFSXENMYTAUFUCNADYBKEXDSDHOICMQQ
SYNTHETIC_P04	13	-2639.56541634	-2672.90975798	UKCASGUUGOGKW	SKUCRINDGNXDIKOFPOTBYURAIAYYBFULHOMEPOKDEESBKLEERMUSICOEATPVHEIJOLGIHKFXEAJEVQRDITONHEKXNNYDANKRAYOBGJSDGYUTODRATLYDEDUKNOWADGUEANETOURAITIWALAYSBXVCFSYEDMYTAUFUCNACYGKEXDSDHOIEMGQ
SYNTHETIC_P04	13	-2639.60104418	-2672.94538583	UAKMWECIQOIUW	SPUJRJMJBNXLIKFFBORIMERASAYYKMUMDOHEPOKDEEEBITEERMUSIHOLLTPVCEHEOLWITOFXEKJGFQRVETOLDOFXNNYDRVKRZGDBGJSDGYUAOERGTLYLEDUKYOUARGUEKNETOURBETDWMGAYSBXVANSIEFWYTFUMUDNGKYFFENDEDFOWOMIA
SYNTHETIC_P04	13	-2640.01466751	-2673.35900916	UAKMWQAEGOOYW	SPUJRDALGNXJIKFFBODGIURAWAYYKMUGEOMEPOKDEEEBUREERMUSIHOLLTPVHEECOLWITOFXEAJMJQRVETOFEMKXNNYDRVKRLEYBGJSDGYUAOLRITLYJEDUKYOGANGUEONETOURISTIWJEAYSBXVMKSYELAYTFUMUKNICYCPENDEDROSEMOF
SYNTHETIC_P04	13	-2640.43920183	-2673.78354348	CISAIGUUGOWOW	ELUCRINDGNXBITMFPOTBYURAMAYYGFULHOMEPOKDEESBKLEERMUSEDOEFTPVHEAHOLEIHAFXEAJUZQREATONHEKXNNYDYDKRAYOBGJSDCYUTODRATLYBELUKNOWADGUEENATOURAITIWFJAGSBXVCFSYETQYTBUFUCNACYLIEVDSDHOIEMWU
SYNTHETIC_P04	14	-2693.67832184	-2729.58761284	YAOMGWEAOYGKUG	DHILYCLJGXVBKEOFEAPIKEDQAIYDSHOLLEYCOVGSVLETARWEFCMUCVTRHCVXIAOBUFPEACREWEBQCKQSDONLOAXNNYPLWQHMJMDUAHITCTGMEQXWSLVJLATZEGPGREGGEDWKTCNDEARFELAKEGUADEDENLUCRQEDESAVESKVBKSFWEWWEGES
SYNTHETIC_P04	14	-2695.56026459	-2731.46955559	YMOEGWGAOYGKYE	DBICYCKJGXVBIFORESPIMEDQAICBSBORLEYCOVGSVMEFAIWEFCMUCVTPHJVXIALBUFPELDREWEBQFKQSDORLOHXNNYPLWQHMHADGAHITCTGMEQBUSFVALATZEGPGRFGSEVWKTCNDEARDEFABEGUADEDENMUORIEDESAVESKTBESJWEWIEYES
SYNTHETIC_P04	14	-2698.45348263	-2734.36277363	YAOMWGGAOYGKUG	DHILYKKJGXVBKEOFEAPSMEDQAIYDSHOLDMYCOVGSVLETARMEFCMUCVTRHCVXAILBUFPEACREWERAFKQSDONLOAXNNYPLWQHMJMDUAHITCTGMEQXWSLVJDITZEGPGREGGEDMUTCNDEARFELAKJBUADEDENLUCRQUNESAVESKVBKSFWMWWEGEC
SYNTHETIC_P04	14	-2703.42838097	-2739.33767197	YOIMWGUAWGGWOI	DALLYKNJCXVIADOTEAPSBELQAUSFSAOLDMYCOVGSVKEHARMEFCMUCVTTHIVXAIEBUBPLDBREWERATKQADAHLOGXNNYPLWQHGMLDIAHITCTGMECRYSEVJDITZASPARDGUEDMUTCVKEMRHEEDKJBUAMADLNKUQLQUNESIDESKXBDSFWMWKEGEC
SYNTHETIC_P04	14	-2705.21700096	-2741.12629197	YOOEGWGAOYGKUO	DAICYCKJGXVBKAOTESPIMEDQAIYLSAORLEYCOVGSVHEHAIWEFCMUCVTZHIVXIALBUFPEALREWEBQFKQSDONLOGXNNYPLWQHMJPDIAHITCTGMEQXFSEVALATZEGPGRAGUEVWKTCNDEARNEEABEGUADEDENOUQRIEDESAVESKCBDSJWEWKEYES
SYNTHETIC_P04	14	-2708.652071	-2744.561362	WYIMWGUUMGGOEQ	EILLYKNMNXVTFMMDEAPSBYAQANINSIOLDMYFOVGSVGERARMEFWMUCVTBIDVXAIEEUBPWIKPEWERATEQADTXLDBXNNYPBWQHKEHASAHITCNGMEUHGSMVJDITZFSPERUGEEDMUTCLKEEROFMDKJBUDEADCNGSALQUNEMYDESKFCXSFWMUVEGEC
SYNTHETIC_P04	14	-2709.10898876	-2745.01827977	YMOEGWWOSKCSOE	DBICYCCWEXVKAFORESPICTHQAQSBSBORLEYIOVISVMEFAIWEFQMUYVTPHJVXIADHUMPADDREWEBQVYQEDWHLOHXNNYPEWQJIMADGAHITCHGMAYRUSFVALATZCABCRFGSEVWKTCRPBIRDEFABEGUGBQFANMUORIEDEGEGASKTBESJWEWIEYES
SYNTHETIC_P04	14	-2709.53710938	-2745.44640038	YAEMWGSSMOKSQW	DHALYKEANXVKMJOFEAPSYWAQAQUTSHOLDMYGOVESVDETARMEFUMUGVTHHCVXAIFOURPACHREWERARDQJDWJLOAXNNYPCWQFILEDUAHITCLGMIYTMSLVJDITZFLKCRJGGEDMUTCLTJIRVELFKJBUEEJBANDUCHQUNEKYLISKLBKSFWMWWEGEC
SYNTHETIC_P04	14	-2713.89742517	-2749.80671618	YOIYCGSSMOCSOE	DALFYKEANXVKAFOTEMPSYWAQAQSBSAOFAMYGOVISVMEHADSEFUMUYVTPHIVXYIFOURPADDREWEWARDQJDWHLOGXNNYPCWQJIMADIAHITCLGMAYRUSEVDAITZFLBCRFGUEPSUTCLTBIRDEEDEGBUEEJFANMUQLCANEKYLASKTBDSMWMWKESEC
SYNTHETIC_P04	14	-2715.32286406	-2751.23215506	WYOMWKUMSYGKCQ	EIILYINDEXVBGMMDEAPWBQHQAIGNSIOLDKYJOVGSVGERARMEFOMUCVTBIDVXAGEIUFPEXKPEWERETWQSDOULDBXNNYPFWQHMFHASAHITCFGMEQFGSMVJDGTZCGPGRUGEEDMYTCRDEAROFMAKJMUHBEDENGSARQUREEEVESKFCXSFWKUVEGEG
SYNTHETIC_P04	15	-2664.37827492	-2702.85251528	MYOGGMKYMQYAKQK	BDRINHEBEATHUMMDDEVOYQDARAYONTROPYMIVWMVOECZUBDEFFOMUJVTLFEOFCHERJWLMOSGVVYGTMQQHCDEKALGPUYKJXBAKJIMRELYCDQHMETMORROCLUSSDEBUSINOLOURQSKDMXRKFTGACTBWVDNODCUSISFXFYBKLSLUTTELDICAOEI
SYNTHETIC_P04	15	-2665.72480249	-2704.19904286	OYGGGMKYMQYIMGW	ADRINHEBEATDBEGFDEVOYQDARAGRDFROMYMIVWMVOABZJBDXFFOMUJVTTHEBECLERJWLMOSCVVYITEQQHCDEKATGPUYKAXBAKJIMRAKYJDQHMETMORROKNUELDIBUSINOLOURQSNDEXRKFTGACTBWVCNODCUSISFXBYGENSLUTTELDICIOUU
SYNTHETIC_P04	15	-2666.69751358	-2705.17175394	MYOGGMKAWQYAKQK	BDRINHEAMATHUMMDDEVOYQFKRAYONTROPYMIVWHVOECZUBDEFFOMUTVTLFEOFCHERJWKHOSGVVYGTMQQHCFOKALGPUYKJXBAKVDMRELYCDQHMETMRBROCLUSSDEBUSINOLOURQSKDMXRKFTGACTBWVDNODCUSHSFXFYBKLSLUTTENDICAOEI
SYNTHETIC_P04	15	-2670.63704157	-2709.11128193	OYGGGMKAWQYSGOW	ADRINHEAMATLEAGFDEVOYQFKRAQLLFROMYMIVWHVOIEZJBDXFFOMUTVTDBEBECLERJWKHOSKVVYITEQQHCFOKADGPUYKAXBAKVDMRIQYJDQHMETMRBROUGUELDIBUSINOLOURQSNDEXRKFTGACTBWVCNODCUSHSFXJYCENSLUTTENDICSOCU
SYNTHETIC_P04	15	-2673.20549726	-2711.67973763	WYOGGMKYMQYCIGI	JDRINHEBEATGDEANDEVOYQDARAANDRROPYMIVWMVODDZDBDEFFOMUJVTNDENACHERJWLMOSTVVYQTMQQHCDEKAMGPUYKJXBAKJIMRDMYDDQHMETMORROEJUQHDEBUSINOLOURQSVDMXRKFTGACTBWVLNODCUSISFXEYGLVSLUTTELDICCOUG
SYNTHETIC_P04	15	-2677.032897	-2715.50713736	OYGGAGMAAQYAKUW	ADRINKWAKATHUKGFDEVOSTFORAYORFROMYCLVWFVOECZJBDXFFIMUXVTLFEBECLERMWKFOSGVVYITEQQBCFSKALGPUYKAXETJVBMRELYJDQHMYMORFROCLUELDIBUCHNOLOURQSNDEXRFHTGACTBWVCNODFUSHSFXFYMENSLUNTENDICAOIU
SYNTHETIC_P04	15	-2677.79394054	-2716.26818091	MYOGGMKAWQYYISI	BDRINHEAMATIDUADDEVOYQFKRAWNORROPYMIVWHVORDZDBDEFFOMUTVTIDENFCHERJWKHOSHVVYGTMQQHCFOKAJGPUYKJXBAKVDMRFMYDDQHMETMRBROAJUQSDEBUSINOLOURQSKDMXRKFTGACTBWVDNODCUSHSFXGYALLSLUTTENDICYOGG
SYNTHETIC_P04	15	-2677.79554462	-2716.26978499	CYOGGMKYMQYAYSG	GDRINHEBEATHIUBTDEVOYQDARAYDOPROPYMIVWMVOEIZEBDEFFOMUJVTLTELYCHERJWLMOSGVVYXTMQQHCDEKALGPUYKJXBAKJIMREEYUDQHMETMORROCZUPEDEBUSINOLOURQSBDMXRKFTGACTBWVINODCUSISFXFYAPBSLUTTELDICAOGF
SYNTHETIC_P04	15	-2677.88050079	-2716.35474116	CCGMGMKAWQYAKQK	GBRFNHEAMATHUMMTHEBOYQFKRAYONTRAMYMIVWHVOECZUBGXFFOMUTVTLFEOYALBRJWKHOSGVVYXXEWQHCFOKALGPUYIAXBAKVDMRELYCDUHMETMRBROCLUSEBILUSINOLOURQSBHEDRKFTGACTBWVINOACUSHSFXFYBKBSLATTENDICAOEI
SYNTHETIC_P04	15	-2678.24013853	-2716.71437889	WWWGGMKAWQYIMSA	JERINHEAMATDBURNBEVOYQFKRAGROIRDEYMIVWHVOABZHBANFFOMUTVTTHEFADDERJWKHOSCVVYQRUQQHCFOKATGPUYLFXBAKVDMRAKYHDOHMETMRBROKNUIHEABUSINOLOURQSVBUXRKFTGACTBWVLNODCUSHSFXBYACVSLUTTENDICIOGY
SYNTHETIC_P04	16	-2568.48723793	-2609.52642765	AOGAKKGIKGOIGCYW	CKYANEKGDTUDEDHORSFOOWNMYQAHLZHELIOIWSFOREFUSEHERFECMVDVTRIFLUCHPCXFOATEVYURFITDRIDEDLBSHOUTMHCNIHEERLIUBOTAXFSACFLAONGUSUKUPSAETHERQSTHEQQYECIGGZLTAXUEUTHEDEABULEFIXCHEMDOOPIMGOIC
SYNTHETIC_P04	16	-2568.65650415	-2609.69569387	AOGAKQSIEGOAOCYW	CKYANBEGGTUHADHORSFOOCZMSQAZTZHELIOIWSMOREFULEHERFECMVPVTRIFSUCHPCXFOKTEVYURBITDRIDEDLBSHOUTUHCNIHEERICUTOTEXFSACFLAOTSUNUKMPSAETHERQSTHHQQYACIGGZLTAXUEOTHELEABULEFIXJHHMDOOPIMSOCC
SYNTHETIC_P04	16	-2569.42950058	-2610.4686903	AOGAKQSIKGOIGCYW	CKYANBEGDTUDEDHORSFOOCZMYQAHLZHELIOIWSMOREFUSEHERFECMVPVTRIFLUCHPCXFOKTEVYURFITDRIDEDLBSHOUTMHCNIHEERICUBOTAXFSACFLAOTSUSUKUPSAETHERQSTHEQQYECIGGZLTAXUEUTHEDEABULEFIXJHEMDOOPIMSOIC
SYNTHETIC_P04	16	-2572.44633865	-2613.48552837	AKYGGKSIEGOIGCYW	CMYKNEEGGTUDEDHOROFUOWZMSQAHLZHELKOFWSMOREFUSEHERFEIMVPVTRIFLUCHPEXSLATEVYURFITDREDLYLBSHOUTMHCNIJIBRLCUTOTAXFSACBDGONSUNUKUPSAETJIRQSTHHQQYECIGGVDTAXUEOTHEDEABUSICKXJHHMDLOVEMSOCC
SYNTHETIC_P04	16	-2576.96230221	-2618.00149193	WOGAKQSIEGOAGMWA	EKYANBEGGTUHERIONSFOOCZMSQAZLIFEAIOIWSMOREFUSMICNFECMVPVTRIFLEALPCXFOKTEVYURFDTBRIDEDLBSHOUTMRCRKHEERICUTOTEXASLYFLAOTSUNUKMPCAITHERQSTHHQQYEKJEGZLTAXUEOTHEDOYFULEFIXJHHMDOOPIMSOCC
SYNTHETIC_P04	16	-2577.50925303	-2618.54844274	AOGAKKEUKGOIGCYW	CKYANELADTUDEDHORSFOOWLYYQAHLZHELIOIWSGOREFUSEHERFECMVBVTRIFLUCHPCXFOATLVYURFITDRIDEDLBEHOUTMHCNIHEERLJUBOTAXFSACFLAONEUSUKUPSAETHERQSTBEQQYECIGGZLTAXUQUTHEDEABULEFIXDBEMDOOPIMEAIC
SYNTHETIC_P04	16	-2577.82061434	-2618.85980406	WOGAKKGIKGOIGMWA	EKYANEKGDTUDERIONSFOOWNMYQAHLIFEAIOIWSFOREFUSMICNFECMVDVTRIFLEALPCXFOATEVYURFDTBRIDEDLBSHOUTMRCRKHEERLIUBOTAXASLYFLAONGUSUKUPCAITHERQSTHEQQYEKJEGZLTAXUEUTHEDOYFULEFIXCHEMDOOPIMGOIC
SYNTHETIC_P04	16	-2578.9815793	-2620.02076902	WOGCWKSIEGOAGMWA	EKYMNEEGGTUHERIONSFQOWZMSQAZLIFEAIOHWSMOREFUSMICNFEEMVPVTRIFLEALPCXEDATEVYURFDTBRIDGOLBSHOUTMRCRKHEDRLCUTOTEXASLYFLCONSUNUKMPCAITHERQSTHHQQYEKJEGZLTAXUEOTHEDOYFULEECXJHHMDOORUMSOCC
SYNTHETIC_P04	16	-2583.04843187	-2624.08762159	AKKKEKGIKGOIGCYW	CMYINEKGDTUDEDHOROFYOWNMYQAHLZHELKODWSFOREFUSEHERFEMMVDVTRIFLUCHPEXAMATEVYURFITDREDOWLBSHOUTMHCNIJUMRLIUBOTAXFSACBOKONGUSUKUPSAETJURQSTHEQQYECIGGVOTAXUEUTHEDEABUSCALXCHEMDLOZCMGOIC
SYNTHETIC_P04	16	-2583.235219	-2624.27440872	WKKKEKSIEGOIGCGO	EMYINEEGGTUDEDDONOFYOWZMSQAHLZPEAKODWSMOREFUSEDINFEMMVPVTRIFLUKZPEXAMATEVYURFITHREDOWLBSHOUTMHCFKJUMRLCUTOTAXFSYYBOKONSUNUKUPSAXTJURQSTHHQQYECEKGVOTAXUEOTHEDEITUSCALXJHHMDLOZCMSOCC
SYNTHETIC_P04	17	-2601.12483454	-2644.72897361	SCWSUAIIKMGQEWKOA	RKNEWAGEBUUURIJRHJHEGONOMYQBOITSELVISVERUICSSLAMSABEENVRVTSFELIJHUWESTVMYHRVEALFCONDALLADGPVSRQCHOKQIFLTDTRKTBYCPGYTHESSUEUKNOYAUHWEMADTHQAUGHADIEQLHCJTFDSOFQCLMISFIRSJSKXEYAFEWEOU
SYNTHETIC_P04	17	-2614.19093561	-2657.79507469	SCUSUEYIGUGQEWKOA	RKNEWLLEDUUURIJRHJHEGOREMUQBOITSELVISVERUIESSLAMSABEENVRVTSBELIJHUWESTVMYFRVGJLFCONDALLADGPVSNYCHOKQIFLTOTRITBYLPGYTHESSUDUKROYACHWEMADTHQBUGFFDKAQLHCJTFDSMFQGBMEAFIRSJSKXEYAFEWEOU
SYNTHETIC_P04	17	-2614.557796	-2658.16193508	SCWSUAIIGKKCEWKOA	RKNEWAGEDUUGRIJRHJHEGONOMUQBBITSELVISVERUIESAFAMSABEENVRVTSBEOUJHUWESTVMYHRVGBJMCONDALLADGPVSNOCTOKQIFLTDTRKTBYDPAYTHESSUEUKNOYASHIEMADTHQAUGHADKFQFHCJTFDSOFQCLMEQFURSJSKXEYAFEWEOU
SYNTHETIC_P04	17	-2617.44712114	-2661.05126022	CCUSUEYIGUGQEWKOI	DKNEWLLEDUUURIJRDSHEGOREMUQBOITSETVISVERUIESSLAMSAKEENVRVTSBELIJHUWMETVMYFRVGJLFCONDJULADGPVSNYCHOKQINGTOTRITBYLPGYTHESCUDUKROYACHWEMADTCQBUGFFDKAQLHCJTBNSMFQGBMEAFIRSJSKXEYAFEWEOU
SYNTHETIC_P04	17	-2617.89039564	-2661.49453472	CCUSUAIIKACCEWKOI	DKNEWAGEBUUGRIJRDSHEGONOMYQBBITSETVISVERUICSEFAMSAKEENVRVTSFEGUJHUWMETVMYHRVEGAMCONDJULADGPVSRECTOKQINGTOTRKTBYIPAYTHESCUDUKNOYAIHIEMADTCQBUGHADIKQFHCJTBNSMFQCLMIGFURSJSKXEYAFEWEOU
SYNTHETIC_P04	17	-2618.7735486	-2662.37768768	OCMSUEYIGUGQEWKOA	KKNEWLLEDUUURIJRHEHEGOREMUQBOITSELVISVERUIESSLAMSABEENVRVTSBELIJHUWELTVMYFRVGJLFCONDAGLADGPVSNYCHOKQIFUTITRITBYLPGYTHESPUUUKROYACHWEMADTJQFUGFFDKAQLHCJTFZSEFQGBMEAFIRSJSKXEYAFEWEOU
SYNTHETIC_P04	17	-2623.85819674	-2667.46233581	CCUSUAIQYUGQEWKOI	DKNEWAGATUUURIJRDSHEGONOUNQBOITSETVISVERUEISSLAMSAKEENVRVTATELIJHUWMETVMYHRVKJLFCONDJULADGPVSFYCHOKQINGTOTRKTKYLPGYTHESCUDUKNOGACHWEMADTCQBUGHAMBAQLHCJTBNSMFQCLUWAFIRSJSKXEYAFEWEOU
SYNTHETIC_P04	17	-2624.3554635	-2667.95960258	OCMSUAIIGKKCEWKOA	KKNEWAGEDUUGRIJRHEHEGONOMUQBBITSELVISVERUIESAFAMSABEENVRVTSBEOUJHUWELTVMYHRVGBJMCONDAGLADGPVSNOCTOKQIFUTITRKTBYDPAYTHESPUUUKNOYASHIEMADTJQFUGHADKFQFHCJTFZSEFQCLMEQFURSJSKXEYAFEWEOU
SYNTHETIC_P04	17	-2625.1159749	-2668.72011398	OCMSUEYIGKKCEWKOA	KKNEWLLEDUUGRIJRHEHEGOREMUQBBITSELVISVERUIESAFAMSABEENVRVTSBEOUJHUWELTVMYFRVGBJMCONDAGLADGPVSNOCTOKQIFUTITRITBYDPAYTHESPUUUKROYASHIEMADTJQFUGFFDKFQFHCJTFZSEFQGBMEQFURSJSKXEYAFEWEOU
SYNTHETIC_P04	17	-2625.1312232	-2668.73536228	CCUSUAYUOSCWEWKOI	DKNEWALLMUUJRIJRDSHEGONEYCQBVITSETVISVERUCASEIAMSAKEENVRVTEJEGOJHUWMETVMYHRVCKACCONDJULADGPVSVWCNOKQINGTOTRKTSYMPOYTHESCUDUKNOLAAHDEMADTCQBUGHFKGBQIHCJTBNSMFQCBYMYFORSJSKXEYAFEWEOU
SYNTHETIC_P04	18	-2634.13807869	-2680.30716712	QGMKWGQKOMGEIMKWEW	DKNENHABAUUCTIMUUCHKEYPSWOCRBDMISFONVORUZESSMPHDUIMWTENVIVSRLESELOUUPGLTURVEILNMHNXLJFPYWQGPUSCLDAYKQZMHAHISSYVKOITHEMPYABACNDOXATGMFAFBTCHRJNRUCATECOLSUMESNESAWEONEDICOTLATTEYCOCW
SYNTHETIC_P04	18	-2645.19387627	-2691.3629647	CWSSCGQKOMGEIMKWGQ	KNNANHABAUUCTIMUEFTBEGPSWOCRBDMISFRHVOIUZESSMPHDUIMWTHNVPVSRLESELOUUPGLNURVAFLNMHNXLJFPYWQGPUSILDAYKQZMHAHISSAVGOITHEMPYABACNGOMABGMFAFBTCHRJNROJFTAMOLSUMESNESAWHADELOCOTLATTEYCOCQ
SYNTHETIC_P04	18	-2649.82161283	-2695.99070127	CWSCCMQKOMGKYMKWGQ	KNNINEABAUURHIMUEFTBEQPYWOCRBIDISFRHVOIUZBSSMPHAUIMWTHNVPVSXLESELUUUPGLNURVIFINMHNXIBFPYWQGPUSIRDAYKQFCHAHISSAVBOFTHEMPYFBACNGOMALGSFAFBTCXRJNROJFTIMILSUMESNESAWHADEVOJOTLATTEYCOCQ
SYNTHETIC_P04	18	-2650.42074394	-2696.58983238	QGMKOUKESMGKYMKWEW	DKNENAVELUURHIMUUCHKEYPGRIGRBIDISFONVORUZKASKPHAUIMWTENVIVSFEEWELUUUPGLTURVEMENCONXIBFPYWQGPUSUZDUDKQFCHAHISSYVKOBTKCMPYFBACNDOXATGAFUJBTCXRJNRUCATENEBSUMESNESAWEONEDBRITLATTEYCOCW
SYNTHETIC_P04	18	-2651.03283691	-2697.20192535	CWSSCGQKOMGKYMKWGQ	KNNANHABAUURHIMUEFTBEGPSWOCRBIDISFRHVOIUZESSMPHAUIMWTHNVPVSRLESELUUUPGLNURVAFLNMHNXIBFPYWQGPUSILDAYKQFCHAHISSAVGOITHEMPYFBACNGOMABGMFAFBTCXRJNROJFTAMOLSUMESNESAWHADELOCOTLATTEYCOCQ
SYNTHETIC_P04	18	-2651.62965727	-2697.7987457	UWMKOMQKOMGKGGCKOE	BNNENEABAUURDODUALLBEYPYWOCRBILDKFZVVORUZBSSMPHAULDWTANVIVSXLESELUUOHGLBURVEMINMHNXIKIPYWQGPUSURDAYKQFKBAHISSAVKOFTHEMPYBEENNOOMATGSFAFBTCFLBARDAFTENILSUMESNHSGWPSDEDBJOTLATTESCCCF
SYNTHETIC_P04	18	-2653.09760523	-2699.26669366	UWMKOUKESMGAIOIKOE	BNNENAVELUUETHAUALLBEYPGRIGRBZMKQFZVVORUZKASKPHSUHAWTANVIVSFEEWELLUWNGLBURVEMENCONXAJEPYWQGPUSUZDUDKQVMJAHISSAVKOBTKCMPYAABNNOOMATGAFUJBTCHTHARDAFTENEBSUMESNDSGWPSDEDBRITLATTEACCCF
SYNTHETIC_P04	18	-2654.03189659	-2700.20098503	UWMKOUKESMGIIMKWEO	BNNENAVELUUATIMUUGLBEYPGRIGRBHMISFOFVORUZKASKPHBUIMWTINVIVSFEEWELSUUPGLLURVEMENCONXJJFPYWQGPUSUZDUDKQDMHAHISSAVKOBTKCMPYABACNHOMATGAFUJBTCHRJNRMAFTENEBSUMESNESAWISDEDBRITLATTEYCOCO
SYNTHETIC_P04	18	-2654.97582483	-2701.14491327	QGMKOMEKWWYEIMKWEW	DKNENEGBJUUCTIMUUCHKEYPYKOKRBDMISFONVORUZBDSIELDUIMWTENVIVSXYEAPDOUUPGLTURVEMINMDNXLJFPYWQGPUSURDAGKQZMHAHISSYVKOFTHASPYABACNDOXATGSFANKTCHRJNRUCATENIESUSISNESAWEONEDBJCTLLLTEYCOCW
SYNTHETIC_P04	18	-2655.57366514	-2701.74275358	QGMKOMQKOMGAEWIACW	DKNENEABAUUEEDAUGCHKEYPYWOCRBZJSQFNNVORUZBSSMPHSUDAWTENVIVSXLESELLUENGLTURVEMINMHNXALAPYWQGPUSURDAYKQVIRAHISSYVKOFTHEMPYCJBANDOXATGSFAFBTCDBHRRUCATENILSUMESNMSLWEONEDBJOTLATTEICSCW
SYNTHETIC_P04	19	-2654.50724936	-2703.24128715	SCQEQAOOESOIYICYKWQ	EMWLXIMAFURCOAGUILYIGETOMUSTRBHDELFVNVUZUDSTIDDLOAKTPJXADOUTOLETHICURCHLUIDIFMRMNXNGJGYWQXRHPVGZHCUBKRIJMBGISCRGMPZKKAYRALLEOCCUREATYETHTSDNTDJQGTTHIPSANALSUFULNBSYKPKRCTFMDHCSOXWM
SYNTHETIC_P04	19	-2655.10658884	-2703.84062663	SOCCKAOOESQIYICYKWQ	EGWMXIMAFURCOAGUILYISEROMUSTRBHDELFVNVUZUEATIDDLOAKTPJXADOUTMEETHICURCHLUIDIFGRAIXNGJGYWQXRHPVGZTCSUKRIJMBGISCRGMPZEEBYRALLEOCCUREATYEFTRSDNTDJQGTTHIPSANOFSUFULNBSYKPKCOTFMDHCSOXWM
SYNTHETIC_P04	19	-2655.62210178	-2704.35613958	SSECKAOOEISGKACYKWI	EEWMXIMAFURDJEGUILYIWEROMUSTRBFOWLFVNVUZUEATIDDDOBETPJXAHOUTMEETHISUPOHLUIDAFERAIXNGJLYWQXRHPVKZXCSUKRIJCBGISCRGMHZCDBYRALLJODJUREATYEJVRSDNTDZQEFTHIPSANFESUFULNGSIEPKHQTFMDHCIOUIM
SYNTHETIC_P04	19	-2656.36388731	-2705.0979251	SWMEQAOOESKIYEOYOWM	ENWLXIMAFURCOCAUGLYIBETOMUSTRBHDAXFZNVUZUDSTIDDLOAKTPJXAFOUTOLETHICURCHLUIDEFNRMNXNGJGYWQXRHPVIZACUBKRIJMBGISCRGMLZAMAYRALLEOCCURELTYENDTSDNTDJQGTTHITSANDASUFULNBSYKPKLYTFMDHCSOXWM
SYNTHETIC_P04	19	-2658.41356659	-2707.14760438	SWMAKAOOEMWOOICQKWI	ENWAXIMAFURTHAGUILYIBEPOMUSTRBMSELFVNVUZUSATIDDBOKWTPAXAHOUTLEETHIWUXTHLMIDAFNRBIXNGJJYWQXRLPVKZACQUKRIJGBGISCJGMHZAMCYRALLHOTHURIATYENDPSDNTDDQNJTHAPSANDASUFULNESECPKLYTFMDHCMOCMM
SYNTHETIC_P04	19	-2659.18556356	-2707.91960136	SWMEQAOOEICGKIMYKWM	ENWLXIMAFURDJABUILYIBETOMUSTRBFOEVFVNVUZUDSTIDDDOBETPJXAFOUTOLETHISUPOHLUIDEFNRMNXNGJLYWQXRHPVIZACUBKRIJCBGISCRGMLZAMAYRALLJODJUREATYENDTSDNTDZQEFTHIPSANDASUFULNGSIEPKLYTFMDHCIOUIM
SYNTHETIC_P04	19	-2659.18556356	-2707.91960136	SWMEQAOOEIYGKIMYKWM	ENWLXIMAFURDJABUILYIBETOMUSTRBFOEVFVNVUZUDSTIDDDOBETPJXAFOUTOLETHISUPOHLUIDEFNRMNXNGJLYWQXRHPVIZACUBKRIJCBGISCRGMLZAMAYRALLJODJUREATYENDTSDNTDZQEFTHIPSANDASUFULNGSIEPKLYTFMDHCIOUIM
SYNTHETIC_P04	19	-2660.85026836	-2709.58430616	SCQEQAOOEIQGKIMYKWQ	EMWLXIMAFURDJABUILYIGETOMUSTRBFOEVFVNVUZUDSTIDDDOBETPJXADOUTOLETHISUPOHLUIDIFMRMNXNGJLYWQXRHPVGZHCUBKRIJCBGISCRGMPZKKAYRALLJODJUREATYETHTSDNTDZQEFTHIPSANALSUFULNGSIEPKRCTFMDHCIOUIM
SYNTHETIC_P04	19	-2665.40622234	-2714.14026014	SWMEQAOOEICGSAMQKWI	ENWLXIMAFURDFEBUILYIBETOMUSTRBFWWVFVNVUZUDSTIDDDOBATPAXAHOUTOLETHISUPWHLMIDAFNRMNXNGJLYWQXRLPVKZACUBKRIJCBGISCJGMHZAMAYRALLJODFURIATYENDTSDNTDZQENTHAPSANDASUFULNGSIAPKLYTFMDHCIOUQM
SYNTHETIC_P04	19	-2667.81082058	-2716.54485837	SWMAKIGKWEEIYYEYKOM	ENWAXETUJURCOFFUICYIBEPOUNPLRBHDUNFVFVUZUSATMFHUOAKTPJXEFOUTLEELDAPURCHLUIVEFNRBIXNIAAYWQXRHPVIZACQUKREBYBGISCRGMLZAMCYREACLOCCUREATYENDPSDFPVVQGTTHIPSANDASUBUANISYKPKLYTFUDDCEOXWM
SYNTHETIC_P04	20	-2571.92771339	-2623.22670054	MKOOYCESGWEEKQGISAWS	HENDVFFLERTOMMUNALSCCOFCOOKXVRBDONOFDRVTSAMILEFORLEPVCYHFOURSUIEDUIDVEJHKMJOLEWEENNEDYWHXRTAVOEAIDALWLQJCWAHISDWGNFOURASSIGHTAFRAHEYWQQHLQURKPNEQBZTHHISAXUEDSPFUSALBXDCGEDLODWMEYES
SYNTHETIC_P04	20	-2580.60640144	-2631.90538859	MKOOYCESGWECOGGIUGMG	HENDVFFLERTAKEUNMYSICOFCOOKXVRBASDOFFWVHSAMILEFORLEPVHYHEOURSUIEDUIDVEJHKCJONEWEENNEDYWHXRTBVOEAHAFEWLQJCWAHISDUGNFOWXQGSIGHTAFRAHEYWQQHKQBRKPNEQBZTHHISAXUEFSEFUSALBXDCGEDLODWMEYES
SYNTHETIC_P04	20	-2585.61904383	-2636.91803098	MKOOOMKUYWEEKQGISAIG	HENDVACKIRTOMMUNALSICOFCOYQZNRBDONOFDRVHSAMIDMUERLEPVCYHFOURSUIETEPEVEJHKMJOLEWEENNEIFWGXRTAVOEAIDHEWLQJSHAHISDWGNFOURMGSIGHTICREHEYWQQHLQDRKPNEQLFTHHISAXUEDSAFUSALGXSBKEDLODMMLAWS
SYNTHETIC_P04	20	-2589.04776764	-2640.34675479	MKOOYCESGWECYGOSMWAG	HENDVFFLERTAFEANDASICOFCOOKXVRBACDXFXNVHSAMILEFORLEPVHYCIOURSUIEDUIDVEJHKCJYFEWEENNEDYWHXRTBVOAILFLEWLQJCWAHISDUGNNYONEGSIGHTAFRAHEYWQQCBQHRKPNEQBZTHHISAXUOXSSFUSALBXDCGEDLODWMEYES
SYNTHETIC_P04	20	-2590.05770779	-2641.35669494	MKMCOWOQYWEEKQGISAWO	HENJVIAMIRTOMMUNALSECOFQOIUVNRBDONOFDRVPSAABDHAGRLEPVCYHFOURSUGETOSAVEJHKMJOLEWEENNYIAWIXRTAVOEAIDAUWLQWSRAHISDWGNFOURAPSIHATDAREHEYWQQHLQURKPLSQVJTHHISAXUEDSPFUSBEGXLYKEDLORMMOXWS
SYNTHETIC_P04	20	-2590.38904858	-2641.68803573	MKOOYWYAAWECCQGISAOI	HENDVIIHURTADMUNALSHCOFCOIEFORBAGNOFDRVJSAMILHIBRLEPVCYHFOURSUIEDOCKVEJHKMJOLEWEENNEDAWDXRTBVOEAIDEDWLQJCRAHISDUGNFOURSISIGHTDIRDHEYWQQHLQARKPNEQVTTHHISAXUEDSGFUSALBXGLJEDLODWMYGYS
SYNTHETIC_P04	20	-2590.8429966	-2642.14198375	MKSOWCESGWECCQGISAWO	HENDVFFLERTADMUNALSECOFCOOKXVRBAGNOFDRVPSATIMEFORLEPVCYHFOURSUNEBUIDVEJHKMJOLEWEENNEEYWHXRTBVOEAIDAUWLQJAWAHISDUGNFOURAPSIEHTAFRAHEYWQQHLQURKPREQBZTHHISAXUEDSPFUSLLCXDCGEDLODUMEYES
SYNTHETIC_P04	20	-2591.0630126	-2642.36199975	OKOOYCESGWEEKQGYYWOS	GENDVFFLERTOMMUNKASCEOFCOOKXVRBDONOFJNVTSAMILEFORLEPVCYMCOURSUIEDUIDVEJHKMJEREWEDNNEDYWHXRTAVOEFFFELYLQJCWAHISDWGNFEANSSLIGHTAFRAHEYWQQMIQARNPNEQBZTHHISAXUUJSGFUSALBXDCGEDLODWMEYES
SYNTHETIC_P04	20	-2591.89135647	-2643.19034362	OKOOYCESGWECCQOIUOWI	GENDVFFLERTADMANMESHEOFCOOKXVRBAGNXFFFVJSAMILEFORLEPVCYHEOURSUIEDUIDVEJHKMJONEWEDNNEDYWHXRTBVOAAHJADYLQJCWAHISDUGNNOWFAILIGHTAFRAHEYWQQHKQURNPNEQBZTHHISAXUEFSPFUSALBXDCGEDLODWMEYES
SYNTHETIC_P04	20	-2592.14694118	-2643.44592833	OKOOIWYEYWEEYSEIUWOS	GENDVIIFIRTOFUFNMASCEOFCOIEJNRBDCONFFNVTSAMIGHIMRLEPVBYHEOURSUIENOCOVEJHKOJONEWEDNNELAWBXRTAVOFAHFELYLQJMRAHISDWGNDOWNSSLIGHTDIREHEYWQQHKQARNPNEQVTTHHISAXUEFSGFUSALJXGJKEDLODGMYKWS
SYNTHETIC_P05	1	-2942.35530806	-2944.92025741	E	RVXUNEBXDWTRNHDPEYVHCUNEUXTUUPFRLOVOECNMQEGZRQCNSDEHLSRIINVNIUYEOGOAEVDISLNSXMGBWPNTOMEWEIAQXYERCQBIMRXFKJYUGWJSAZCEEDBYUONPDICOSLICJARGLETDAYHXLXXLGEDFMLIIJMDZKJREZSOSNMDGEKUPIVZX
SYNTHETIC_P05	2	-2900.0884304	-2905.21832912	GU	RAUNRGFVHJZPPIHXFLATEDXKITWEAUQDHLQUGDFSSLEHPHQLNJDRLHUVGLPQUYVQTEHYLSWAIDMOSVNPYNONRJNYAFKSQTYPLGSKEATBIYLYAYZGNHBECQEAHNQFMHLOTANOFRCSEJGVBMBDGAYXKSGHLAMACSOTERLYYOSWNINUMKNSZZUP
SYNTHETIC_P05	2	-2900.24448299	-2905.37438171	MK	RFUDRLFLEBFFPAHNCDGJBNDBFTWEKUWDEDWKDILISDEXPMQBNBDHIMALDDVQUYVQTJHOOSDAFISESVNPYNONRBNOKKQIQTYPILYABFZRFYRYKYFGHMGUSQLAENWFJMREAFSECRISBBMLLWHSDFENHSMHIFSQMSUTBRRYYOSWNSNLJCTIZZUP
SYNTHETIC_P05	2	-2900.51091766	-2905.64081638	US	RBULRHFTATNMPJHVLVOQKELIBTWEGUEDAMESWESQSMEFPRQINKDPEIITMMDQUYVQTFHWESKABEAMSVNPYNONRKNWGGYQQTYPEHGIKBHZBYZYGYNGDIOCIQSAANEFFIZMJBAMVRRSKKUTHAPBMXMUDSUHEBAYISCTKRZYYOSWNJNSFLBQZZUP
SYNTHETIC_P05	2	-2916.97296619	-2922.10286491	OI	RGUBRMFJDCHDPSHKBEIHAJFYETWEJUYDDEYICJNGSEEVPAQZNCDFORDICEXQUYVQTKHMHSEAEJUCSVNPYNONRTNNJLSGQTYPHMAYAGBPEYTYQYGGGAISLQMADNYFIATCMGUCBRKSUCPJRFIRCGGLGSOHHGUOLSWTARTYYOSWNBNIIDVGZZUP
SYNTHETIC_P05	3	-2866.81343269	-2874.50828077	KSM	FLHULCABACHFSJAHUWRUHGJCTGUWEUIXCWEWILQIRMMPREIRTHHDPOFACPLVYMOURETFMBWCIAXQNSEYNHIPBFANWEFHTWAZLHIWIRZYFFRQGSJCGBBJKLIKIOSVEOAKEUISMNNGSGPRDCBHFEVDUKJFELOSAOGTSHZCOEISSFAMTOXZZVCV
SYNTHETIC_P05	3	-2869.5162878	-2877.21113588	KCC	FGMUVSAJFCRVSETHENRUMGJSTBUWEUIXHWEMIGQIBMMPREIRTCMDZEFIHPVLYHOURETAEBGSIIXQXSEYNHIPBAFNGUFCTWKZLCAWSHZYKFRGGSBCGRBECLSAIOSVEOAFJUSIMNNGSGPRICBXFMVDEKJAJLYIAOLTSXZKOESSSOFMCEXZZVCV
SYNTHETIC_P05	3	-2869.70056629	-2877.39541436	ICY	GGBUVOBJHARRSEHHEIRUBGJOTBUWEUJXJUEIJGQGBMAPRCIRTCNDZBGIJNVHYHOURETAGBGOJIXOXSFYNFIPCAHNGQXCTVKZMCOUSCZYMFRCHSDAGNCEEJSWJOSTEOBFLSSEANNESGPRWCBSGMVBEKKALJYEBOARSTZKOESSSOHMCAGZZSCV
SYNTHETIC_P05	3	-2871.98399544	-2879.67884351	IYW	GICURMBLIANPSGIHAGRUCGJMTDUWEUJXKUEGJIQGXMAPRCIRTECDVYGKKNRFYJOURETOHBDMJWXOSSFYNFIPCOINDOXQTVHZMEDUOBZYAFRAHSEAGLCGFJOUJOSTEOBHMSOCANNESGPRLCBRGNVBBKKCMJUCBOBRSRZMOEOSSCIMZYGZZSCV
SYNTHETIC_P05	3	-2877.64626503	-2885.3411131	AYM	KIHURCFLASNFSGAHAWRUHGJCTDUWEUAXCMEWAIQYXMEPRUIRTEHDVOKKCFRVYJOURETOMBDCAWXGSSJYNXIPGOANDEKQTMHZDEIMORZYFFRQLSJSGBGGKBOKAOSLEOSHELOSENNWSGPRDCBHKNVTBKBCEBUSFOGJSHZMOEOSSCAMZOKZZKCV
SYNTHETIC_P05	3	-2879.02279902	-2886.71764709	QCW	CGCUVMKJIIRPSEIHEGRUCGJMTBUWEUFXKCEGFGQOBMJPRKIRTCCDZYXIKUVFYHOURETAHBGMFIXWXSBYNNIPLAINGOCCTCKZICDCSBZYAFRADSEIGLLEFRSUNOSAEOKFMASCJNNMSGPRLCBRCMVJEKGAMRYCKOBZSRZKOESSSOIMCYCZZACV
SYNTHETIC_P05	3	-2881.82027864	-2889.51512672	WGY	MEBUZOHXHOURSCHHIIRUBGJOTMUWEUCXJIEICEQUFMGPRQIRTANDDBMGJBZHYFOURETLGBKOCGXCBSWYNSIPILHNKQMATIOZFAOIWCZYMFRCASDOGNICEXWWCOSHEOHDLGWEGNNSSGPRWCBSMKVPIKDOLXDEHOAFSTZYOEXSSLHMHAMZZGCV
SYNTHETIC_P05	3	-2893.47401762	-2901.16886569	GSU	HLDULKCBTYHMSJJHUERUDGJKTGUWEUKXLSEEKLQERMBPRAIRTHDDPWHALLLDYMOURETFSBWLKAXMNSGYNDIPDFTNWNHHTSAZAHESIZZYBFRYISFYGJDJGHISKOSREOCKAQIABNNCSGPRMCBPHEVZUKLFAHOACOCPSPZCOEISSFJMTWHZZQCV
SYNTHETIC_P05	3	-2900.93784428	-2908.63269235	EMK	IBNUFBDEBWBDSMBHOURUNGJBTJUWEULXDQEULBQCLMCPRYIRTKIDJMIDDJFTYCOURETIABQALDXKHSHYNBIPEIBNQCIKTQUZBKJQCPZYGFROYSKXGZEMLFCILOSPEODAFOCQCNNASGPRECBFIHVXOKMIFFIQDOHNSFZFOECSSITMNNIZZOCV
SYNTHETIC_P05	3	-2921.61086655	-2929.30571462	SGI	BEJUZYSXCLUBSCCHISRUJGJYTMUWEUEXEEESEEQQFMIPRMIRTAJDDKBGVXZQYFOURETLBBKYEGXYBSAYNPIPKLCNKABATEOZHAKEWNZYHFRMCSLKGXKCQTWHEOSDEOJDGCWOINNOSGPRFCBDBKVLIKFOGTDOJOIBSDZYOEXSSLCMHKBZZCCV
SYNTHETIC_P05	4	-2842.77831554	-2853.03811297	MGEG	UKCQVYVRCNPSEARBLBUNGEHIPUQEXEUFADWNWGPGXBABFSYIQKMRDCGBFXUYVRNIRDOSGLALWHSFSATHWORDPMTIGHBDREQPKLFHYXJTLVQYRYVSADDAGREWISPRWEPJMIGRTACOMMRWMGDBHFNSEIKRJIDSSMIPFJYLQZEWODAENGHAZZUP
SYNTHETIC_P05	4	-2851.60425758	-2861.86405501	MUIG	UDAQVMZRCDPSEPRBLHUNGSHIPUQEXEUFAJWNWUPGXHLBFGCIQDKRDQKBFXUYVRNIRJOSGZALWASFSOTHWORDPMTIGAMDRSUPKEDHYLNTLVQYRYVSAJBAGFIWISPRWEPJMBERTOGOMFRWMUDBHLNSEWKRJBBSSAMPFCYLQZEWOJLENULAZZUP
SYNTHETIC_P05	4	-2873.56821203	-2883.82800946	WMCG	UHDQVETRKHPSOHRBGLUNQKHIPUQEXEUFITWNGNPGXLBBFYWIQHARDIEBAXUYFRNIRAOSGRALLESFDGTHWORDPMTIBECDBKOPFOGHICHTGVQYBYVSIAEAQXCWDSPRGEPJHFHRDGAOHJRWWMDBCCNSOOKREFESCSGPAGYLAZEWOTPENNEAZZUP
SYNTHETIC_P05	4	-2876.31851578	-2886.57831321	WIQG	UNJQVBHRKJPSODRBGAUNQGHIPUQEXEUFICWNGIPGXAHBFUKIQJGRDESBAXUYFRNIRTOSGMALLGSFDCTHWORDPMTIBGIDBGCPFKMHIZVTGVQYBYVSICKAQTQWDSPRGEPJHHARDCOOHLRWWIDBCENSOKKREHKSCOUPAIYLAZEWOCHENITAZZUP
SYNTHETIC_P05	4	-2879.42826366	-2889.68806109	SIKY	UNMQVBBRMJPSKDRBIAUNMGHIPUQIXEUXKCWNCIPGXAPFFUFIQJJRDEMBCXUYBRNIRTOGGMACAGSJZCTZWORHPMTADGLHXGWHHKULEZOLIVQYXYVSTCSENTLOOSPFDEPAJHDRZCIOJLRWSIDBEENSKKKRGHASYOOPYIYCXZEOOCKININSZZUP
SYNTHETIC_P05	4	-2880.08530235	-2890.34509978	WOGG	UGBQVGXRKGPSOJRBGKUNQMHIPUQEXEUFIMWNGOPGXKMBFAAIQGLRDKIBAXUYFRNIRMOSGTALLDSFDITHWORDPMTIBDADBMSPFHEHIFLTGVQYBYVSIMCAQZGWDSPRGEPJHEFRDIEOHIRWWODBCVNSORKREESSCULPAFYLAZEWOMMENOJAZZUP
SYNTHETIC_P05	4	-2881.42884159	-2891.68863902	AYAM	UBEQVQRRIBPSSTRBEFUNUWHIPUQBXEULGHWNKYPGXFCLFKUIQBORDUDBLXUYJRNIRHOMGDAQJLSCHSTNWORAPMTOMLDAFWMVDCHEMPFZEVQYFYVSGHFKUJACBSPLKEPOFMIRHSYOFDRWAYDBAJNSSAKRCMFSGEEPLAYOEZEDOHCBNYDGZZUP
SYNTHETIC_P05	4	-2891.30817223	-2901.56796966	AYCG	UBDQVQTRIBPSSTRBEFUNUWHIPUQEXEUFGHWNKYPGXFBBFKWIQBARDUEBLXUYJRNIRHOSGDALJLSFHSTHWORDPMTIMLCDFWOPDCGHMPHTEVQYFYVSGHEAUJCWBSPRKEPJFMHRHSAOFDRWAYDBAJNSSAKRCMESGEGPLAYLEZEWOHPENYEAZZUP
SYNTHETIC_P05	4	-2892.57683182	-2902.83662925	UAAM	UAEQVSRRLAPSMVRBHEUNOYHIPUQBXEULJGWNEAPGXECLFMUIQAORDWDBBXUYDRNIRGOMGFAQMXSCBVTNWORAPMTOZKDAYYMVQBHEHRFZHVQYZYVSJGFKOLACESPLEEPOILIRBUYOICRWUADBDINSMCKRFLFSAGEPBMYOYZEDOGCBNADGZZUP
SYNTHETIC_P05	4	-2894.47327805	-2904.73307548	KEOC	ULKQVWFRDLPSCZRBMCUNECHIPUQGXEUBBEWNUEPGXCIDFQIIQNHRDBQBGXUYTRNIREOEGJAGEISHRYTDWORFPMTEHIJFPCALLMAJWVTPMVQYPYVSBELCEPOSJSPDUEPEAJBRRYMOSPRWLFDBIGNSCGKRKJLSQKSPGKYAOZESOEIGNERWZZUP
SYNTHETIC_P05	5	-1726.56166744	-1739.38641423	AWYCI	NGERSUPPRESSTHERAGETHATBURNEDWITHINMEIDOREFUSEITIREPLIEDANDNOTORTURESHALLEVEREXTORTACONSENTFROMMEYOUMAYRENDERMETHEMOSTMISERABLEOFMENBUTYOUSHALLNEVERMAKEMEBASEINMYOWNEYESSHALLICREAT
SYNTHETIC_P05	6	-2820.28458643	-2835.67428257	GEUGIM	RBHSXTVXLQFMVGHBDHGHECDKQUPKGVWFVESCCGXBLLEDNGFZLCFXFCDBWBXNTORTOMVQETGQCGXGYNNZSHMPQACHMAMINEMLEXEJHFTUYTVSKRJTBKYGITCWMROCTEREPINGETSMRDCTGWINKDOOKXYHLRIGURBJHOOSOCMYPFYHIGNEWAOL
SYNTHETIC_P05	6	-2835.88751984	-2851.27721598	OAEAUC	RDCSXFVTVQFDVICEUNGDOWOBQUPAAVWFVYECLIXEFDMZNAFPHEAXMHDXGBJDTORTOEVQETGGLIXJYNVVSBMPQPKKGFMFXYYBAKMMBKBRINHIGRETICGGSTOMIROFJJZEPCYWATSCHIKTGQVDGFOOEXGDLRUGARJMBOXSYWYYPHJXCLNAHVAB
SYNTHETIC_P05	6	-2836.80994177	-2852.19963791	GEOYIM	RBKSXTVXFQFMVGKFDHGHYUDKQUPBGVWFVWSCCGXFLLEDNYFZLCIXFCDBQBXNTORTOMVQETGQCGXKYNNZSZMPQAFLMAMIHWMLEXHAHFTUSLVSKRMTBKYGCTCWMROGTEREPANGETSDRDCTGOINKDOOKXYHLRIGUREAHOOSIUMYPFELIGNERSOL
SYNTHETIC_P05	6	-2845.01879501	-2860.40849116	GIQYIE	RMJSXEVBHQFFVEJFDLGLAUDCQUPBGVWFVWSCCEXFLCEHNYFRLAHXFGDFSBXFTORTODVQETGICEXKYNNDSZMPQLELMEMMJWMDEGGAHJTZULVKKRLTBBYGETCOMROGTIREPANYETSDRHCTGOIFKSOOKXYKLRIGURDAHOOSKUMYPDDLIKNITSOD
SYNTHETIC_P05	6	-2845.65541267	-2861.04510882	GOOYAM	RQKSXTVGFQFMVVKFHHGQYUVKQUPBKVWFVWKCCBXFCLENNYFZLKIXJCDLQBPNTORTOMVQETGQCBXKYNNJSZMPQIFLDAMSHWELEDHALFTFSLNSKRMTFKYGCTUWMROGGEREPAEGETSDEDCTGOBNKLOOBXYRLRAGUREALOOSIUEYPUELMGNPRSGL
SYNTHETIC_P05	6	-2848.8307519	-2864.22044804	GIKIIM	RMMSXTVBBQFMVEMADHGLUEDKQUPJGVWFVGSCCEXRLLEHNJFZLAKXFCDFMBXNTORTOMVQETGQCEXFYNNDSJMPQLHGMAMMDGMLEGJIHFTZOVVSKRBTBKYGYTCWMROSTEREPLNGETSLRDCTGYINKSOOKXYKLRIGURGIHOOSEEMYPDGGIGNINCOL
SYNTHETIC_P05	6	-2849.43590069	-2864.82559683	WEAYYM	RBESXTVXRQFMVGEFIHGHKUTKQUPBLVWFVWICHGXFDLUDNYFZDCCXKCDBCBNNTORTOMVQETGQHGXKYNDZSZMPQAMLEAMITWCLJXBAMFJUELLSCRGTGKOGOTSWEROGHEHEPACGJTSDFDSTGOZNCDOOCXOHLRYGJRLAMOFSUUCYPFLLAGNEDSEL
SYNTHETIC_P05	6	-2850.245893	-2865.63558915	WAQYYC	RDJSXFVTHQFDVIJFINGDAUTBQUPBLVWFVWICHIXFDDUZNYFPDEHXKHDXSBNDTORTOEVQETGGHIXKYNDVSZMPQPELEFMFJWCBJKGAMKJRULLICRLTGCOGETSMEROGHJHEPACWJTSDFISTGOZDCFOOCXODLRYGJRDAMOFSKUCYPHDLALNATSEB
SYNTHETIC_P05	6	-2850.44130611	-2865.83100226	GEUEWM	RBHSXTVXLQFMVGHCJHGHEARKQUPLMVWFVCGCCGXCELEDNEFZLCFXLCDBWBLNTORTOMVQETGQCGXHYNNZSFMPQACIFAMINCALEXEKAFTUYRJSKRJTHKYGITQWMRODIEREPGAGETSAGDCTGUXNKDOODXYHLRWGURBKAOOSOAAYPFYIBGNEWYCL
SYNTHETIC_P05	6	-2852.37844849	-2867.76814463	WISYYC	RMRSXFVBIQFDVEIFINGLCUTBQUPBLVWFVWICHEXFDDUHNYFPDAGXKHDFUBNDTORTOEVQETGGHEXKYNDDSZMPQLDLEFMMLWCBJGFAMKJZWLLICRKTGCOGGTSMEROGHJHEPACWJTSDFISTGOZDCSOOCXOKLRYGJRCAMOFSMUCYPDCLALNIVSEB
SYNTHETIC_P05	7	-2768.9555192	-2786.9101647	UGAUWOO	QBFXTBGVZQRFOHHEACUYMEDUSHJELTTWCUQECNFGOOINTGCHRPJRLEGDBFOTORTCRMJUQFACIALENYBHOSONPJKGIJKMLSSBMAZILHVQEYTMBERSGMHACOLORBKVAIBFEDCAMEWGOUPLAKINHHOPOSMPRLZERYBEHYOJSQKSPELABFNGDOCN
SYNTHETIC_P05	7	-2770.64028645	-2788.59493195	UGCGSIA	QBEXTEAVZSRFITHEMJUYGEDWEHJQLTFWEDQECOFCJOINTANKRPJRXBADBFOTORTCRMJUQFACHHAHNYBJASINPJXAKQEMLVEXHMZIKBVQLYTONEREGMGHEOFORDWRAUBFRNEDGEWJBQPXAKHNSKOPOUMKLLZEDYDHBYOKSMEEPEKHZINGFAZH
SYNTHETIC_P05	7	-2770.7254467	-2788.6800922	GCOKQIA	QDLXTEAVVERFITBGGHUYGQZIIHJQVTMWNDQRCAFBJOCNTLFKRBJRBYADIHOTORTORMJUQFHEBFBHNKXVESINPLDLLQEMHGIVHMJKEMVQLLPAREREABUFFOFANOAPAUIHKIFDGQSUEOPXHMBNKKOBKGMJLLJGKYEHBLOWSKEEPGEFEINCREWH
SYNTHETIC_P05	7	-2775.93740368	-2793.89204918	KUMUOGW	QHMXTFCVNCRFGPMKHCUYTURGSHJNDTAWGEQUCYFYHOANTGGLRFJRLWYDGLOTORTSRMJUQFFICACINOPTOSGNPZEGMARMYESTEJHBFHVQAPHYBERALPBAGOHEENKNAQGLLDGEIUKSOMPTFDCNLLOFCEMHJLHKLYFIDPOUSICAPKFAFJNUPOUF
SYNTHETIC_P05	7	-2776.45220709	-2794.40685259	WYMUKIU	QFMXTEDVRCRFINGIHCUYJGVGSHJKKTAWIDQGCYFUJOHNTGIKRRJRLSADAJOTORTERMJUQFMGCAEHNATTOSINPAEGBQHMDESPHGBMFHVQBBLYBERYFDBAIOIQJNKJAOAJLDIDJGOSOIPRMBCNAKORGEMDLLBILYHHEBOUSEEYPIFAHINYPOQH
SYNTHETIC_P05	7	-2778.5085125	-2796.463158	YQOKCIA	QRLXTEAVIERFITRMGHUYGJNIIHJQJTMWMDQICAFMJOGNTLMKRTJRBKADMAOTORTGRMJUQFLSBFIHNCKVESINPEDLFQEMVGIHHMADEMVQLDDAREREEHUFNOFSBOAAAUMAKINDGIGUEBPXLFBNEKOTYGMVLLAMKYLHBDOWSWEEPMEFLINQREIH
SYNTHETIC_P05	7	-2779.05755615	-2797.01220165	UGMGSIO	QBMXTEGVZCRFIHHEHJUYMEDGEHJELTAWEDQECYFCJOINTANKRPJRXBADBFOTORTCRMJUQFACCHAHNYBTASINPJEAKQKMLEEXHAZIFBVQEYTYNERSGMBHEOLORNWRAIBFLNEDMEWSBQPLAKCNSKOPOEMKLLZELYDHHYOUSMESPEFHZINGPAZH
SYNTHETIC_P05	7	-2779.69429207	-2797.64893757	UQMUWOQ	QRMXTBFVICRFOJHMHCUYLENGSHJGLTAWCUQECYFGOOINTGCHRPJRLEGDBAOTORTCRMJUQFASCALENYKTOSONPEEGIJJMVESBMCZDFHVQDYDYBERUGHBACOSOBNKVALBALDCATEGSOUPMAFCNHHOPYEMPRLZMLYBEGYOUSQKUPMFABFNQPOCN
SYNTHETIC_P05	7	-2781.07123709	-2799.02588259	QIGKOIO	QACXTEGVBWRFIHJDNHUYMAFBIHJEATDWGDQACSFYJOSNTLGKRKJRBWADDEOTORTYRMJUQFXBFFCHNVDNESINPIHLMQKMNYITHAEHIMVQEVVSRERSILEFGOLKTHANAIDEBIGDMAYMEMPLCJFNLKOLQYMHLLEDBYFHHVOOSIESPDIFFINIJEUH
SYNTHETIC_P05	7	-2781.85822535	-2799.81287085	UUMUWOO	QHMXTBGVNCRFOHHKHCUYMERGSHJELTAWCUQECYFGOOINTGCHRPJRLEGDBLOTORTCRMJUQFAICALENYPTOSONPZEGIJKMYESBMAZBFHVQEYHYBERSGPBACOLOENKVAIBLLDCAMEKSOUPLADCNHHOPCEMPRLZKLYBEHYOUSQKSPKFABFNUPOCN
SYNTHETIC_P05	8	-2792.88743877	-2813.40703363	COOCUCIS	RLDTVMLJVGFREDBHLAYTFGQLWNHILSETGJSVADPINOOHTAMTPDCVBJDCCLRBJDNKOLYMMXBMHSAGLANNOMQPZJMKONSFNGARAFEKHHQYOFTOHIFQBADMESLIXZOTSADEMGATIPRAIIMPQSHJAHOXFYBJVRKQUGIPINNEOTPLHYFSTWTWZZUP
SYNTHETIC_P05	8	-2795.17198753	-2815.69158239	SMMSWSYK	RMETVEDAVEDRETRZDBYTELQCMLHINIELLKSVXIPMDMOHUQMLPEDVABIGCJPBLTDCOMYELXGDHQAWNADFOAQGZBEBONSUNWQJFGFCRMQYEDREIYFQGBEEDSDMNXMJUATWEHBTHPREYGKPSSHBFIOXEYGALPKQWGYHANNJOTPUXYFITWTPZZUP
SYNTHETIC_P05	8	-2798.42604017	-2818.94563503	KUYSWOQO	RILTVGHLVMPREPJDHKYTEAQUETHINEEOCGSVXKPKVUOHUMMPPAKVADMECRBBLPVGOIYELXKBHYAWNAVJOJQGZDITONSUNSIMJCMCRBQYWLDEIUFQPKLEDSHKEFYJUALAIDITHPRCQOWPSSHFOEOXEYKSCXKQWGQKENNJOTPAPYFITWTSZZUP
SYNTHETIC_P05	8	-2799.07520485	-2819.59479971	UUYSWOMO	RILTVGPLVMPREPEDCKYTEAQUOTHINEEOKGSVXKPKFUOHUMMPPAKVADBECRBBLPRGOIYELXMBHYAWNARJOJQGZDKTONSUNSEMECMCRBQYGLDEIUFQFKLEDSJKPFYJUAHANDITHPRCBOWPSSHFEEOXEYMSNXKQWGMKMNNJOTPAZYFITWTSZZUP
SYNTHETIC_P05	8	-2799.11221838	-2819.63181324	SMOCUOYK	RMDTVGDAVEFREPRZDBYTFAQCMLHILEELLKSVAKPMDMOHTMMLPECVBDIGCJRBJPDCOMYMMXGDHQAGLADFOAQPZDEBONSFNSQJFGEKHBQYEDTOHUFQGBDMESDMNXOTSATWEHATIPREYGMPQSHBFIOXFYGALPKQUGYHANNEOTPUXYFSTWTPZZUP
SYNTHETIC_P05	8	-2801.7043438	-2822.22393866	SAECUSYA	RFXTVEDFVSURETRPDHYTFLQHMZHILIEBLDSVAIPEDAOHTQMBPKHVBBILCXHBJTDSOFYMMXGIHEAGLADVOGQPZBEGONSFNWQZFMJKHMQYERJOHYFQGHIMESDENLETSATMEAFTIPRJYUCPQSHRFOOXFYGFLCKQUGYXANNEOTPHXYFSTWTEZZUP
SYNTHETIC_P05	8	-2801.90834665	-2822.42794151	KAYSWSOK	RFLTVEIAVSPRETHZHHYTELQCEZHINIELCDSVXIPMVAOHUQMLPKKVABAGCXBBLTTCOFYELXLDHEAWNATFOGQGZBQBONSUNWHJJMMCRMQYWRDEIYFQPHLEDSIMELYJUAJWIAITHPREQUWPSSHBOOOXEYLACCKQWGOHENNJOTPUPYFITWTPZZUP
SYNTHETIC_P05	8	-2803.15696049	-2823.67655535	KMMSWOWO	RMETVGELVEDREPPDHBYTEAQUELHINEEOCKSVXKPKVMOHUMMPPEDVADJECJPBLPBGOMYELXHBHQAWNABJOAQGZDFTONSUNSOMJGFCRBQYWDREIUFQPBEEDSEKEXMJUARAIHBTHPRCQGKPSSHFOIOXEYHSCPKQWGWKENNJOTPAPYFITWTSZZUP
SYNTHETIC_P05	8	-2805.52655888	-2826.04615374	UOOSWOMO	RLDTVGPLVGFREPEDCAYTEAQUONHINEEOKJSVXKPKFOOHUMMPPDCVADBECLRBLPRGOLYELXMBHSAWNARJOMQGZDKTONSUNSEMEFECRBQYGFTEIUFQFADEDSJKPZOJUAHANGATHPRCBIMPSSHFEHOXEYMSNRKQWGMKMNNJOTPAZYFITWTSZZUP
SYNTHETIC_P05	8	-2805.75362015	-2826.27321501	CAYSWAIS	RFLTVNLJVSPREABHLHYTEHQLWZHINQETGDSVXEPINAOHUYMTPKKVAKDCCXBBLBNKOFYELXBMHEAWNANNOGQGZKMKONSUNEARAMMCRIQYORDEIGFQBHLEDSLIXLYJUADEMAITHPRAIUWPSSHJAOOXEYBJVCKQWGIPINNJOTPLHYFITWTWZZUP
SYNTHETIC_P05	9	-2687.49655819	-2710.58110241	AUMGMEEMK	SAAFNPDMBUNDRFEXACTPBAUPNXVGJCWFEWEUEFRESLEQNYSNGFRZJQLLITOCTOSEMURMJVQEJBNGOREOTHOTHMPAIODGOEEOKFGMCZOZARDOGSKPBILOATGATHOFDIEDHEASARWKKSALOATHBEXPFSDIHTWKQMGFIRSETPUJXGHELSXSJMMN
SYNTHETIC_P05	9	-2697.74393988	-2720.82848409	WUGGOSOUA	SADFNGLIGUNXRFTHISTPEAUGNXVGJWWFTWEUGFRESEMQNUSNGFFJJQALLTOITOSAMORMJVQELBNGORMOTDOTHMPKIOFGOEDOFBLICZOBABLEISAPABGEFPGUTJCPKYGDKETSIRWGKMAMOKTHDEXPESLEMPWKQOGPQHSETPUYXCMELSXSWMUD
SYNTHETIC_P05	9	-2699.07370758	-2722.1582518	AUMGGOYUK	SAAFNIGIBUNDRFPRICTPBAUINXVGJCWFPWEUEFRESNHQNYSNGFATJQLLITOKTOSEMURMJVQEJBNGORHOTHOTHMPUIODGOEHOABGMCZOTALLOGSKPEDBEATGATBYZKIEDHEDSDRWKKSAFOUTHBEXPISGEHTWKQGGZQRSETPUEXCHELSXSTMUN
SYNTHETIC_P05	9	-2701.97694778	-2725.061492	AUMGMEEUU	SAAFNPDITUNDRFEXINTPBAUPNXVGJCWFEWEUEFRESLEQNYSNGFRZJQLLITOCTOSEMURMJVQEJBNGOREOTHOTHMPAIODGOEEOKBBMCZOZARLYGSKPBILEITGATHOFKSEDHEASARWKKSALOATHBEXPFSDECTWKQMGFQBSETPUJXCCELSXSJMUX
SYNTHETIC_P05	9	-2705.44488144	-2728.52942566	KAGGGOYUK	SKDFNIGIBUTXRFPRICTPEAUINXVGJWWFPWEURCRESNHQNJYNGFATJQGILTOKTOSOSORMJVQEELNGORHOTRUTHMPUIOLDOEHOABGWIZOTALLOBSAPEDBEADGUTBYZKIMAKEDSDRWUQMAFOUTHOOXPISGEHCDKQGGZQRSBTPUEXCHERSXSTMUN
SYNTHETIC_P05	9	-2712.11235857	-2735.19690279	AUMGGUAMK	SAAFNFFMBUNDRFVTACTPBAUFNXVGJCWFVWEUEFRESDGQNYSNGFHVJQLLITOHTOSEMURMJVQEJBNGORGOTHOTHMPWIODGOEHOMFGMCZOTANDOGSKPEANOATGATBEADIEDHEDSCRWKKSAFOWTHBEXPISFIHTWKQGGBIRSETPUBXGHELSXSZMMN
SYNTHETIC_P05	9	-2713.62708521	-2736.71162943	AUSGGUAMM	SAKFNFFMAUNJRFVTAETPLAUFNXVGJIWFVWEUEFRESDGQNYSNGFHVJQLLFTOHTOSEMARMJVQEJBNGORGOTHOTHMPWIODGOEHOMFFMCZOTANDQGSQPEANOSTGHTBEADLEDEEDSCRWKKYAFOWTHBEXPISFIGTWKQGGBITSETPUBXGGELSXSZMMP
SYNTHETIC_P05	9	-2714.17660809	-2737.2611523	AUMGMEEOQ	SAAFNPDLLUNDRFEXCITPBAUPNXVGJCWFEWEUEFRESLEQNYSNGFRZJQLLITOCTOSEMURMJVQEJBNGOREOTHOTHMPAIODGOEEOKEDMCZOZARFUGSKPBILHKTGATHOFEOEDHEASARWKKSALOATHBEXPFSDHETWKQMGFKXSETPUJXFEELSXSJMOT
SYNTHETIC_P05	9	-2714.3929491	-2737.47749332	AUMGGOACU	SAAFNIFETUNDRFPTQNTPBAUINXVGJCWFPWEUEFRESNGQNYSNGFAVJQLLITOKTOSEMURMJVQEJBNGORGOTHOTHMPWIODGOEHOMKBMCZOTANTYGSKPEDNAITGATBYASSEDHEDSCRWKKSAFOWTHBEXPISFACTWKQGGBYBSETPUEXLCELSXSTMCX
SYNTHETIC_P05	9	-2715.0473218	-2738.13186601	UWMGMEEOQ	SMAFNPDLLUPDRFEXCITPBAUPNXVGJCWFEWEUHERESLEQNSUNGFRZJQBKITOCTOSYOURMJVQEMANGOREOTBQTHMPAIOQFOEEOKEDHEZOZARFUTSKPBILHKMGATHOFEOHCHEASARWEMSALOATHEDXPFSDHENYKQMGFKXSDTPUJXFEENSXSJMOT
SYNTHETIC_P05	10	-2712.38011408	-2738.02960765	AGYCAMUACQ	KDJNCMIGHAUZORENMOULDEDMXVTGINQXECWEUYNCNDENOLFKWAFTTIQDCTDNOSOSYHWKEVUQFSGQBETBQPZJQAGEAIOMTEMRMYGODISPARTTEINMEREYUTUHGXSKILDAGLKEPEEGEQILACCOBEPYESUPRNSOKQCHASOFPUYKZEFYFSTWTEMR
SYNTHETIC_P05	10	-2716.8151722	-2742.46466577	AGYMAMKACQ	KDJNCMAGHAUZORENCOULDEDHXVTGINQXEMWEUYNCNDENOLKKWAFTTIQDSTDNOSOSYHWKEVUQFSGQBETBQPZEQALEAIOMTOMRCYGODISPARTTEINMEREYUTUHGXSFILIAGLKEPOEGUQILACCOBEPYESUPRNSOKQCHASOAPUYKZEFYFCTWTEMR
SYNTHETIC_P05	10	-2724.88114357	-2750.53063714	AGYMACSMCQ	KDJNCESAHAUZOREDLAULDEDHXVTAINQXEMWEUKNCNDENODGEWAFTTIQTAFDNOSOSYMWEEVUQFSGGBQTBQPZEQFHLAIOMTOMHKKGODISPARTTEINMEREYUTUHGXSFIDEHGLKEPOEWCCILACCOBJPYESUPRNSEKQCHASOAPUYEZEFYFCTWTQMR
SYNTHETIC_P05	10	-2727.55150986	-2753.20100343	KOQGACIEKQ	FMANCEBEDAUHGREDASCLLAHKXVTEENAFEGWEUCVCNMINODLIWAFBLIQTQXDNOSOSYMWIAVUQFSGGBIBBQPZHQFMCJIOMTIMHACOOLESPARTTAIXUEREYUTCHBXSIIDJLCLUEPIEWSUQLILGOBJPYSSEXJNSEKQLHISODPUYIZEPYFWTWTIMR
SYNTHETIC_P05	10	-2727.89389515	-2753.54338872	YAYMAMIEKQ	LGJNCMBEDAUTORENASCLEHDHXVTEENOREMWEUCVCNTENOLLIWAFMTIQDQXDNOSOSYHWIAVUQFSGQBIBBQPZEQAMCJIOMTOMRACOOELSPARTTAILGEREYUTCHHXSFILJLCLIEPOEGSUQLBFCOBEPYSSSJRNSOKQLHBSOAPUYIZEDYFCTWTIMR
SYNTHETIC_P05	10	-2728.96185493	-2754.61134851	YCQMACIEKQ	LFANCEBEDAUVGREDASCLEGHHXVTEENOTEMWEUCVCNFINODLIWAFPLIQTQXDNOSOSYMWIAVUQFSGGBIBBQPZEQFMCJIOMTOMHACOOEKSPARTTAILIEREYUTCHHXSFIDJLCLIEPOEWSUQLBSGOBJPYSSSKJNSEKQLHBSOAPUYIZEDYFCTWTIMR
SYNTHETIC_P05	10	-2729.68492889	-2755.33442247	SOYMAMAUUY	BMJNCMFJLJUHORENSIMTHADHXVTJMNIFEMWEUSFCNMENOLCAWJFBTIQDINDVOSOSYHWASVUQFSGQBYKBQPZEQADHEEOMTOMRSSYWHESPARTTIEFUEREYUTMHKXSFILADKHCEPOEGKKATELCOBEPYISMXRNSOKQUHESOAPUYAZZXYFCTWTYMY
SYNTHETIC_P05	10	-2730.16252136	-2755.81201494	SOYMACSMCI	BMJNCESAHEUHOREDLAUDHADHXVTAINIFEMWEUKNCNMENODGEWEFBTIQTAFDFOSOSYMWEEVUQFSGGBQTBQPZEQFHLAQOMTOMHKKGHHESPARTTEMFUEREYUTUHKXSFIDEHGCCEPOEWCCIDELCOBJPYESMXRNSEKQCHESOAPUYEZIXYFCTWTQMJ
SYNTHETIC_P05	10	-2730.73387909	-2756.38337266	SWKMACSMCI	BIDNCESAHEUPAREDLAUDHJKHXVTAININEMWEUKNCNILNODGEWEFJFIQTAFDFOSOSYMWEEVUQFSGGBQTBQPZEQFHLAQOMTOMHKKGHHASPARTTEMFCEREYUTUHKXSFIDEHGCCEPOEWCCIDEHOOBJPYESMFCNSEKQCHESOAPUYEZIXYFCTWTQMJ
SYNTHETIC_P05	10	-2730.90036392	-2756.5498575	KOGMAMAUKQ	FMFNCMFJDAUHWRENSICLLAMHXVTJENAFEMWEUSVCNMANOLCAWAFBBIQDINDNOSOSYHWAAVUQFSGQBYBBQPZEQADHJIOMTOMRSSOOLESPARTTAIXUEREYUTCHBXSFILADCLUEPOEGKKQLILLOBEPYSSEXZNSOKQLHISOAPUYAZEPYFCTWTYMR
SYNTHETIC_P05	11	-2695.66973257	-2723.8841755	WYGSKOUQUIU	TVKPSLTALARVRXRFONENCQNLVTTCDUQSLEYWEUNEDHEFRDHAVEAUBEEROPLDLXBIIYXGFXEENBORJADXAPIALSINFELLXOCYBALAWTBZOHBGZYJXNOSPHOICALSADLESBOUEWRNAFGVFIKESTHILOCBPRNBYLAIGIOTLUAOOSELYZEZSZZUP
SYNTHETIC_P05	11	-2707.75915289	-2735.97359582	WYGSKOUSQAU	TVKPSLTMAERVRXRFONGJUQNLVTTCDUISLEYWEUNEDCEFRDHAVEAUDIEROPLDLXBEAYXGFXEENAOEJADXAPIANSBNFELLXOCYDELAWTBZOHBCRYJXNOSPHOSTALSADLESBLNEWRNAFGVESBESTHILOCBKJNBYLAIGIOTCUAOOSELYZERSZZUP
SYNTHETIC_P05	11	-2709.63077974	-2737.84522268	SYMUKOUQUIU	TVHPSLTALARVRDRFONENCQNLVTTCDUQSLEYWEUNEDHEFRDXMVEAUBEEROUNDLXBIIYXGCXEENBORJADDAPIALSINHEIKXOCYBALWWZDZOHBGZYLXHESPHOICAHSHELESBOUEARNMFGVFIKEPTHKLOCBPRNDYIMIGIOTLUWOUSELYZEZSZZUP
SYNTHETIC_P05	11	-2716.01695395	-2744.23139688	WYGSKOUQAGU	TVKPSLTAIBRVRXRFONETAQNLVTTCDUDSLEYWEUNEDMEFRDHAVEAULFEROPLDLXBOGYXGFXEENBOBJADXAPIALSHNFELLXOCYLBLAWTBZOHBMXYJXNOSPHOFDALSADLESBUSEWRNAFGVFFLESTHILOCBVPNBYLAIGIOTMUAOOSELYZEXSZZUP
SYNTHETIC_P05	11	-2716.207654	-2744.42209693	WYGKOOUQUIU	TVKPSLTALARVRXRFONENCQNLVTTCDUQSLEYWEUNEDHEFRDHEVEAUBEEROPDDLXBIIYXGFXWENBORJADXASIALSINFELCXOCYBALAWTTZOHBGZYJXNJLPHOICALSAUOESBOUEWRNEDGVFIKESTHAPOCBPRNBYLEGGIOTLUAOOSILYZEZSZZUP
SYNTHETIC_P05	11	-2718.47539043	-2746.68983337	WMMSKOUUAAU	TCHPSLTLIERVEDRFONITUQNEVTTCDUDSLEMWEUNEDMEFRJXAVEAULIERCULDLXBOAYXMCXEENMOEJARDAPIAPSBNFKILXOCYLELAKZBZOHBMRYJXHOSPHOFTALSHDLESBUNEWRNAFGVDFBESTHILOCBVJNBYIAIGIOTCUAOUSELYZERSZZUP
SYNTHETIC_P05	11	-2718.79252911	-2747.00697204	SYMUMOEQKIU	TVHPSLEADARVRDRFOWEDCQNLVTTCLULSLEYWEUNODWEFRDXMVEIUGEEROUNDLHBYIYXGCXDELBORJADDARILLSINHEIKXOKYYALWWZDZORBXZYLXHEMPCOACAHSHEMECBEUEARNMEGVFAKEPTHKNOCBFRNDYIMHGDOTLUWOUSGLIZEZSZZUP
SYNTHETIC_P05	11	-2719.62055492	-2747.83499786	WYGKOOEQKIU	TVKPSLEADARVRXRFOWEDCQNLVTTCLULSLEYWEUNODWEFRDHEVEIUGEEROPDDLHBYIYXGFXWELBORJADXASILLSINFELCXOKYYALAWTTZORBXZYJXNJLPCOACALSAUOECBEUEWRNEDGVFAKESTHAPOCBFRNBYLEGGDOTLUAOOSILIZEZSZZUP
SYNTHETIC_P05	11	-2719.75785732	-2747.97230025	YYMUMOEQSIS	TVHPSLEAMARVRDRFOWELCQNLVTTCLUHSMEYWEUNODEEDRDXMVEIUCEFROUNDLHBGIWXGCXDELBORKADDARILLSINEEIKXOKYCAMCWZDZORBEZWIXHEMPCOJCBNSHEMECBMUCKRNMEGVFJKFVTHKNOCBNRLAYIMHGDOTLUCOUSGLIZEZSZZUP
SYNTHETIC_P05	11	-2720.05465794	-2748.26910087	YWGSKOUQUIU	TKKPSLTALARVOXRFONENCQNMVTTCDUQSLEWWEUNEDHEFREHAVEAUBEERMPLDLXBIIYXHFXEENBORJABXAPIALSINEFLLXOCYBALCUTBZOHBGZYIXNOSPHOICANSADLESBOUEKRNAFGVFIKEVTHILOCBPRNAYLAIGIOTLUCOOSELYZEZSZZUP
SYNTHETIC_P05	12	-2688.58761454	-2719.36700683	WIKOYEYAWAAQ	VNKSSEVIGEUFUABREERPOURBTTWGIQSVMEPRWEVMJCLFHAOHYGCYJMHBGTOSDFNAMEDSERMILORMOTEPZXQLDDTOMOUIPMSTRELESANRITSQIYPALLEQAZUSHYVKBLIGHCEWHEOQCYIRCUZPEHASCZIEAMLOOKLRYHZWCGEOPDGDAKNINIED
SYNTHETIC_P05	12	-2694.77640486	-2725.55579715	WGOOYEYAWAAK	VKPSSEVIGEUIUZEREERPOURBTTWGIQSVMEPRWEVMJCLFHAOHYHAYJMHBGTOSDDRAMEDSERMILLRMOTEPZXQTDATOMOUIPMSMRFJESANRITSQIWTALLEQAZUSHYVKBLIGHCEWHEOQCYIRCUZPEILSCZIEAMLOOILRYHZWCGEOPEEDAKNGRIED
SYNTHETIC_P05	12	-2696.12050581	-2726.8998981	WOOSOEYAWAAQ	VGPSSEVIGEUFUHEREERPOURBTTWEAQSVMEPRWEVQZCLFHAOHYDAYBMHBGTOSDLRACEDSERMILHRKOTEPZXQLDITSMOUIPMSTRBJCLANRITSQIETEALEQAZUSHYVIGLIGHCEWHEOUSYIRCUZPEELSHZIEAMLOOQLROHZWCGEOPUEBFKNPRMUD
SYNTHETIC_P05	12	-2701.226264	-2732.00565629	WOOGCEYAWAAQ	VGPSSEVIGEUFUHEREERPOURBTTWKGQSVMEPRWEVENCLFHAOHYDAYVMHBGTOSDLRAREDSERMILHRDOTEPZXQLDITGMOUIPMSTRBJIEANRITSQIETSOLEQAZUSHYVRMLIGHCEWHEOJGYIRCUZPEELSOZIEAMLOOQLRDHZWCGEOPUEHLKNPRAID
SYNTHETIC_P05	12	-2701.84515238	-2732.62454467	WOOSOEYAMIIO	VGPSSEVILAUGUHEREERPECRBTTWEAQSVERPRWEVQZCLFXJOHYDAYBMHBLTOSDLRACEDSURMILHRKOTEPZXQMDITSMOUIPMSRRBJCLANRATSQIETEALEQQZUSHYVIGLIGMLAWHEOUSYIRSCHPEELSHZIEFIHOOQLROHZWSOMOPUEBFKNPRMUD
SYNTHETIC_P05	12	-2705.92040348	-2736.69979577	WIKGCEYAWAAQ	VNKSSEVIGEUFUABREERPOURBTTWKGQSVMEPRWEVENCLFHAOHYGCYVMHBGTOSDFNAREDSERMILORDOTEPZXQLDDTGMOUIPMSTRELIEANRITSQIYPSOLEQAZUSHYVRMLIGHCEWHEOJGYIRCUZPEHASOZIEAMLOOKLRDHZWCGEOPDGHLKNINAID
SYNTHETIC_P05	12	-2706.95091057	-2737.73030286	WOOGCEYAMIIO	VGPSSEVILAUGUHEREERPECRBTTWKGQSVERPRWEVENCLFXJOHYDAYVMHBLTOSDLRAREDSURMILHRDOTEPZXQMDITGMOUIPMSRRBJIEANRATSQIETSOLEQQZUSHYVRMLIGMLAWHEOJGYIRSCHPEELSOZIEFIHOOQLRDHZWSOMOPUEHLKNPRAID
SYNTHETIC_P05	12	-2707.29784822	-2738.07724051	ECOOYEYAWAUQ	VMPSSEVIGEUFUVEREERPOURBTTWGIQSVMEPRWEVMJCLFHAOHYJAYJMHBGTOSDZRAMEDSERMIHARMOTEPZXQLLWTOMOUIPMSTCHJESANRITSQRSTALLEQAZUSDYVKBLIGHCHWPEOQCYIRCUTPAKLSCZIEAMBOWELRYHZWCGYOPGEDAKNCRIED
SYNTHETIC_P05	12	-2709.39532423	-2740.17471652	WUCSOEYAWAAM	VDBSSEVIGEUHUNTREERPOURBTTWEAQSVMEPRWEVQZCLFHAOHYAGYBMHBGTOSDRFACEDSERMILERKOTEPZXQADOTSMOUIPMSPRLQCLANRITSQIKGEALEQAZUSHYVIGLIGHCEWHEOUSYIRCUZPEYESHZIEAMLOOXLROHZWCGEOPKKBFKNUFMUD
SYNTHETIC_P05	12	-2710.58946419	-2741.36885648	WOOOYEYAMIIO	VGPSSEVILAUGUHEREERPECRBTTWGIQSVERPRWEVMJCLFXJOHYDAYJMHBLTOSDLRAMEDSURMILHRMOTEPZXQMDITOMOUIPMSRRBJESANRATSQIETALLEQQZUSHYVKBLIGMLAWHEOQCYIRSCHPEELSCZIEFIHOOQLRYHZWSOMOPUEDAKNPRIED
SYNTHETIC_P05	13	-2713.94488144	-2747.28922309	CSUIGCIUAGSCU	NGSSTHEREENZUVLKQECBJSBQAHNLGSFXAFRUJNJURECTFSUPGRAMAKEADOSOSYNIXQTYAPQMJUQESGBZXQTCREDAFGAYJOMTEMYSEXBHFSQPEXJOFMIAIHYUTZGXSURSTSIRDFXMEDSOFAABPRTHSIUDBNKMINDBLTLKYXZLLSPELYEKTWSH
SYNTHETIC_P05	13	-2715.56486988	-2748.90921153	CSUIGCIUAGGGU	NGSSTHEREENZUVLKQECBJSBQAHNLGSFXAFRUCKJURECTFSUPGFFMAKEADOSOSYNGXQTYAPQMJUQESGBZXQTCREDALEAYJOMTEMYSELFHFSQPEXJOFMBLIHYUTZGXSURGXSIRDFXMEDSOLLABPRTHSIUDBBOMINDBLTLKYXZJLSPELYEKTWSL
SYNTHETIC_P05	13	-2720.48762035	-2753.831962	CSUIGCIUAEUCU	NGSSTHEREFNZUVLKQECBJSZQAHNLGSFXAFRUINJURECTFSUPGTAMAKEADOSOSYNIXQTYAPQMJUQESGBZXQTCREDBEGAYJOMTEMYSCZBHFSQPEXJOFAHAIHYUTZGXSUPUTSIRDFXMEDSOEAABPRTHSIUDBPKMINDBLTLKYXZLLSPELYEKTWSH
SYNTHETIC_P05	13	-2727.53147984	-2760.87582148	CSUEYCIUAGGGU	NGSSTHEREENZUVLKQECBJSBQAHNLGSJXAFRUCKJURECLFSUPGFFMAKECHOSOSYNGXQTYWHQMJUQESGBZXQTCREDALEAYJOMTEMYSELFHFSQPIXJOFMBLIHYUTRGXSURGXSIRDHXMEDSOLLABPRTHSIUDBBOMINDDOTLKYXZJLSPACYEKTWSL
SYNTHETIC_P05	13	-2729.37886238	-2762.72320403	CSUIGMQUAGGGU	NGSSTCAREENZUVLKQEMJJSBQAHNLGSFXJFRUCKJURECTFAUPGFFMAKEADOSOSYNGXQTYAPQMJUQESGBZXQTKREDALEAYJOMTOMYSELFHFSQPEXFOFMBLIHYUTZGFSURGXSIRDFXHVDSOLLABPRTHCRUDBBOMINDBLTHKYXZJLSPELYEKTWSL
SYNTHETIC_P05	13	-2735.74244452	-2769.08678616	SMUIGCIUAGGMM	NPSSTHEREENZUVEKQECBJSBQAHNBGSFXAFRUCHAULECTFSUPGFLMFTEADOSOSYNDXGMYAPQMJUQESGGZXQTCREDALBEOJOMTEMYSELLZKSQPEXJOFMBOSXYUTZGXSURGCLARDFXMEDSOLIERPRTHSIUDBBUEANDBLTLKYXZGBSPELYEKTWSR
SYNTHETIC_P05	13	-2738.59102964	-2771.93537129	SSUEYCIUAGGMM	NGSSTHEREENZUVLKQECBJSBQAHNLGSJXAFRUCHAURECLFSUPGFLMFKECHOSOSYNDXGTYWHQMJUQESGGZXQTCREDALBEOJOMTEMYSELLZKSQPIXJOFMBOSXYUTRGXSURGCLARDHXMEDSOLIERPRTHSIUDBBUEANDDOTLKYXZGBSPACYEKTWSR
SYNTHETIC_P05	13	-2740.45868349	-2773.80302514	CSUIGMAAQUSCU	NGSSTCIERUNZUVLKQEMTOJOQAHNLGSFXECRUJNJURECTFKAPGRAMAKEADOSOSYNIXQTYAPQMJUQESGBZXQTKRBIGFGAYJOMTOMEISXBHFSQPEXAOSPIAIHYUTZGPSLESTSIRDFXHINSOFAABPRTHCABDBNKMINDBLTCHYXZLLSPELYEQTWSH
SYNTHETIC_P05	13	-2745.60757399	-2778.95191563	CSUIGMAAAGMSU	NGSSTCIEEENZUVLKQEMTOSBQAHNLGSFXECRUSEJURECTFKAPGKRMAKEADOSOSYNAXQTYAPQMJUQESGBZXQTKRBDAILAYJOMTOMESERRHFSQPEXAOFMLFIHYUTZGPSURMJSIRDFXHINSOIFABPRTHCABDBHAMINDBLTCHYXZDLSPELYEQTWSX
SYNTHETIC_P05	13	-2746.16638613	-2779.51072777	CSUIGCIUIEGGU	NGSSTHERAFNZUVLKQECBJAZQAHNLGSFXAFRUCKJURECTFSUPGFFMAKEADOSOSYNGXQTYAPQMJUQESGBZXQTCREMBLEAYJOMTEMYACLFHFSQPEXJOBABLIHYUTZGXSCPGXSIRDFXMEDSOLLABPRTHSIUDBBOMINDBLTLKYXZJLSPELYEKTWSL
SYNTHETIC_P05	14	-2702.97824621	-2738.88753722	UKAUISUSQAOSOG	PAFTVMHIMAZUYDVDQQETMGJUQBHIIVKRLIKSFGQEOBEDNESTPHPZNSETOSOSYNWXSIXAEKDQNIUQFSHFAXEAOLDEDBEDYYKVJYMOSTNRGBZOBABXFMBSCXICARNEADPUBLGAPEAEOUSBEFCYBJOZMREDELOSSMAVKRRGOOUMPCLAIDNKDOOR
SYNTHETIC_P05	14	-2707.15426207	-2743.06355307	UKAUISGCCEOSOG	PAFTVMBDGLZUYDVDQQETYQVYQBHIIVKRLIESNEQEOBEDNESTPHADNSETOSOSYNWXSGXAEKDQNIUQFSHJAXEAOLDEDBLLYYKVJYMOSTNRSLZOBABXFMBSCXCKHRNEADPUBLGABOMEOUSBEFCYBJOZGREDELOSSMAVKRDGOOUMPCLAIDNKDOOR
SYNTHETIC_P05	14	-2712.94221449	-2748.85150549	UKAUISWOSAOSOG	PAFTVMGKLAZUYDVDQQETOCLUQBHIIVKRLIJSEGQEOBEDNESTPHRZNSETOSOSYNWXSIXAEKDQNIUQFSHFAXEAOLDEDBDFYYKVJYMOSTNRIXZOBABXFMBSCXHEMRNEADPUBLGARACEOUSBEFCYBJOZLREDELOSSMAVKRTGOOUMPCLAIDNKDOOR
SYNTHETIC_P05	14	-2714.2560873	-2750.16537831	UUMUAIGIIAOSOG	PIMTVEBADAZUYDVNCQEJYWBUQBHIIVERCRESJGQEOBEDZEKIPHHZNSETOSOSYNWXSIXAEKDQNIUQFSHFAXEAOGKEHGLIYYKVJYMYETFHSRZOBABXFHISGXCHERNEADPENLYABUSEOUSBEAPYFSOZDREDELOCFMSKKRJGOOUMPKFAMINUPOGH
SYNTHETIC_P05	14	-2716.79563808	-2752.70492909	UGQUUIYSCEOSOG	PCKTVEFIGLZUYDVZGQEJQGVYQBHIIVCRPRISNEQEOBEDDEFIPHADNSETOSOSYNWXSGXAEKDQNIUQFSHJAXEAOAIEKGCDYYKVJYMKITZHKBZOBABXFBGSJXGCHRNEADPQRLSATEMEOUSBEHHYISOZGREDELOOIMMKKRDGOOUMPEDACINGTOAH
SYNTHETIC_P05	14	-2723.1227684	-2759.03205941	UUQOIOWWSAOSOG	PIKTVBGGLAZUYDVNGQEPOKLUQBHIIVCRLKJSEGQEOBEDDESPPHRZNSETOSOSYNWXSIXAEKDQNIUQFSHFAXEAOGIHDDDBYYKVJYMYINNNIFZOBABXFHGLCXHAMRNEADPEREGARICEOUSBEAHYBLOZLREDELOCIMARKRTGOOUMPKDDIFNUTION
SYNTHETIC_P05	14	-2726.75855255	-2762.66784356	UUQOOIGCCEOSOG	PIKTVEBDGLZUYDVNGQEJYQVYQBHIIVCRIRESNEQEOBEDDEYIPHADNSETOSOSYNWXSGXAEKDQNIUQFSHJAXEAOGIHAGLLYYKVJYMYINTHSLZOBABXFHGLTXCKHRNEADPERENABOMEOUSBEAHYLSOZGREDELOCIMGKKRDGOOUMPKDDFINUTIUH
SYNTHETIC_P05	14	-2727.56001186	-2763.46930287	UGUOOIGIIAOSOG	PCSTVEBADAZUYDVZLQEJYWBUQBHIIVARIRESJGQEOBEDHEYIPHHZNSETOSOSYNWXSIXAEKDQNIUQFSHFAXEAOAGHAGLIYYKVJYMKMNTHSRZOBABXFBELTXCHERNEADPQVENABUSEOUSBEHFYLSOZDREDELOOMMGKKRJGOOUMPEYDFINGWIUH
SYNTHETIC_P05	14	-2727.68243599	-2763.59172699	UUQUCIYSCEOSOG	PIKTVEFIGLZUYDVNGQEJQGVYQBHIIVCRBRISNEQEOBEDDEMIPHADNSETOSOSYNWXSGXAEKDQNIUQFSHJAXEAOGIEGGCDYYKVJYMYITHHKBZOBABXFHGSFXGCHRNEADPERLAATEMEOUSBEAHYESOZGREDELOCIMUKKRDGOOUMPKDALINUTOIH
SYNTHETIC_P05	14	-2728.97894287	-2764.88823388	UUQOIOWGOAOSOG	PIKTVBGBAAZUYDVNGQEPOUHUQBHIIVCRLKJSGGQEOBEDDESPPHNZNSETOSOSYNWXSIXAEKDQNIUQFSHFAXEAOGIHDDDJYYKVJYMYINNNIPZOBABXFHGLCXHIBRNEADPEREGARSYEOUSBEAHYBLOZUREDELOCIMARKROGOOUMPKDDIFNUTION
SYNTHETIC_P05	15	-2663.6410861	-2702.11532646	GWEKAASQASWWYCQ	SHEDVEIMADUYTPMVOURFAKFSMRBGEABECCSNKINFRELWASFPKPHRPMSFITJQNWXSVKWDAWDGHATURETHEBURBAREWSJAYRIQCKPERITSITFYPMBEGEEJCFQUBNNCGFGJJICWXNVQEOMFUCHHNVOUSGJAMEANJOGGJYXLZGSKREPATUPAZEST
SYNTHETIC_P05	15	-2667.30196095	-2705.77620131	CWESOACWWUSIUEQ	SHEMVEDJCCUYTAMVOURFAULOORBGHADECLSNFFNERLAWAOFPSPHBVMUFUPJQNWXSVKWACWFAJMTURETHEBANBWDAYSLAYRBQKHEDICTSIPFYPABOMBGEOFQUDNNLMFBGLHEWANVMEOUTUMNDPRORSGLAMAGNSOIFLYXKZCSKZSPLTQRWZEUT
SYNTHETIC_P05	15	-2669.09892225	-2707.57316261	AWYYAOEGKWAWUYQ	SHHJVKCEIBUYTDMVOORFOWVCQRBGBAEERISNEANDREAWAMFIYPHDFMWFIPJQNWXSVDWINWBGJCTURETHSBKABERASSMAYRIQJCKCEITSINFYPMBQWPIMCFQUENNIGLABEGAWANVKEOAFIOXRRZORSGMACKANDOBEHYXAZASEFEPMTETEZEOT
SYNTHETIC_P05	15	-2671.22801924	-2709.7022596	CWEKKAAQASWWYOQ	SHEDVEEMADUYTIMVOURFASFSMRBGRADECCSNGINFRELWAOFPKPHZPMSFITJQNWXSVKWDAWDGHHTURETHEBURBAREISLAYRDQLKPERITSIPFYPWBMGEEJCFQUDNNCBFCJJICWXNVMEOMPUKHHNVOUSGLAMEINFOGGJYXFZCSKROPITUPAZEET
SYNTHETIC_P05	15	-2671.72567272	-2710.19991308	AWYYKOWYIAWWYOQ	SHHJVKGINMUYTIMVOORFOONBURBGRAEERISNIENBRELWAMFIYPHVXMAFITJQNWXSVDWMJWDGHHTURETHSBCZBAREISMAYRDQAGLARITSINFYPWBIONMJCFQUENNIBLEFFECWXNVKEOAPIGPPVVOUSGMACKINHOCCJYXFZASEFOPETCXAZEET
SYNTHETIC_P05	15	-2676.5655427	-2715.03978306	AWESOACWWUSIUQG	SHEMVEDJCCUYTHEVOURFAULOORBGTQEECLSNFFNERLAWFMFPSPHBVMUFUPJQNWXSVKWACWFAJGTURETHEBANBWDAKSMAYRBQKHEDICTSANFYPABOMBGEOFQKENNLMFBGLHEWANVKEOUTUMNDPRORSGMAMAGNSOIFLYXEZASKZSPLTQRWZEGT
SYNTHETIC_P05	15	-2676.62423038	-2715.09847075	CWESOACWWUSIEOQ	SHEMVEDJCCUYTIMVOURFAULOORBGRADECLSNFFNERLIWAOFPSPHBVMUFUZJQNWXSVKWACWFAEHTURETHEBANBWDKISLAYRBQKHEDICTSIPFYPABOMBGEOFQUDNNLMFBGLHEWINVMEOUTUMNDPROBSGLAMAGNSOIFLYXFZCSKZSPLTQRWZEET
SYNTHETIC_P05	15	-2677.31345081	-2715.78769118	AWYYKOWWWAWWYOQ	SHHJVKGJCMUYTIMVOORFOOLOURBGRAEERISNIFNBRELWAMFIYPHVVMAFITJQNWXSVDWACWDGHHTURETHSBANBAREISMAYRDQAHEARITSINFYPWBIMBMJCFQUENNIBLEGLECWXNVKEOAPIGNDVVOUSGMACKINHOICJYXFZASEFOPETQXAZEET
SYNTHETIC_P05	15	-2677.92391109	-2716.39815146	AWYOAKGGKOAWMOQ	SHHBVMBEIFUYTIMVOORFKYVCIRBGRAEERUSNDANHREEWAMFIPPHFFMOFIHJQNWXSVFWINWBGAHTURETHOBKABERSISMAYRIQICKNEITSINFYPMBSWPBMCFQUENNAGAMBERAWENVKEOQFEQXRIZOJSGMACCANCOBIHYXFZASEVEPOTELEZEET
SYNTHETIC_P05	15	-2679.11409473	-2717.5883351	AWYGQAEGKWAWUYQ	SHHFVECEIBUYTDMVOORFAWVCQRBGBAEERESNEANDREAWAMFIGPHDFMWFIPJQNWXSVKWINWBGJCTURETHEBKABERASSMAYRAQJCKCEITSINFYPCBQWPIMCFQUENNELFABEGAWANVKEOIVUOXRRZORSGMACGFNDOBEHYXAZASENUPMTETEZEOT
SYNTHETIC_P05	16	-2673.16729784	-2714.20648756	SCKIQAYECSUOICQO	SFDEREILLLYTPGIAUUAQEARSUNRAHEALLENTIAOCBBMVYJMECDPHPYMFFFPJRTZGXIYJBOFEATQIZXITGHANHADYINSONOMJJBIALGSQBUANKSPRETOUCHEQHZVTAGESIMEXFVNDOFEXLKKSZXIPMSGVCTDACKINESOCPUYIZDXYFYTWTIMT
SYNTHETIC_P05	16	-2674.82332468	-2715.8625144	SCKIQAYECSUOWMQO	SFDEREILLLYTPUIAUUAQEARSUNRAHPALLENTIAOCBBMVYEMECDPHPYMFFFPJRDZGXIYJBOFEATQIZXITGHANHADYINSONOMJJBIALGSQBUANDSPRETOUCHEQHZVTOGESIMEXFVNDOFEXEFKSZXIPMSGVCTDAQUINESOCPUYIZDXYFYTWTIMT
SYNTHETIC_P05	16	-2677.53555298	-2718.5747427	SUKIAWOKWUMOICQG	STDERGAIBUYTPGIEUNAQEWHYOORAHEADLINTDCOMEADVYJMICVPHZUMLFHHJRTZYXMYJJOKBOJQIZXITGZANRATEDOSONOMJJFIATISQEUENKSPRELOUNDEQBZVTAGESIDEXAVNADEIXLKKSZPIPWSGBXVDACKINESOCPUYFZCXYFYTWTOMV
SYNTHETIC_P05	16	-2678.66130877	-2719.70049848	SCKIQAYECSUOMSQO	SFDEREILLLYTPLIAUUAQEARSUNRAHUALLENTIAOCBBMVYBMECDPHPYMFFFPJRJZGXIYJBOFEATQIZXITGHANHADYINSONOMJJBIALGSQBUANISPRETOUCHEQHZVTEGESIMEXFVNDOFEXJCKSZXIPMSGVCTDAGAINESOCPUYIZDXYFYTWTIMT
SYNTHETIC_P05	16	-2680.28623772	-2721.32542744	SUKKWAYKWUMOICQG	STDDREIIBUYTPGIEUNAQEARYOORAHEADLINTFAOMEADVYJMICVPHVYMLFHHJRTZYXMYILOFBOJQIZXITGZAPNADEDOSONOMJJFIMIGSQEUENKSPRELOWIHEQBZVTAGESIDEXCVNADEIXLKKSZPIPSSGBXVDACKINESOBPUYFZCXYFATWTOMV
SYNTHETIC_P05	16	-2681.7862215	-2722.82541122	SUKIAWOKWUMOMSQG	STDERGAIBUYTPLIEUNAQEWHYOORAHUADLINTDCOMEADVYBMICVPHZUMLFHHJRJZYXMYJJOKBOJQIZXITGZANRATEDOSONOMJJFIATISQEUENISPRELOUNDEQBZVTEGESIDEXAVNADEIXJCKSZPIPWSGBXVDAGAINESOCPUYFZCXYFYTWTOMV
SYNTHETIC_P05	16	-2684.53690624	-2725.57609596	SUKKWAYKWUMOMSQG	STDDREIIBUYTPLIEUNAQEARYOORAHUADLINTFAOMEADVYBMICVPHVYMLFHHJRJZYXMYILOFBOJQIZXITGZAPNADEDOSONOMJJFIMIGSQEUENISPRELOWIHEQBZVTEGESIDEXCVNADEIXJCKSZPIPSSGBXVDAGAINESOBPUYFZCXYFATWTOMV
SYNTHETIC_P05	16	-2685.19089508	-2726.2300848	SCKOQAKKWUMOICQO	SFDBRECIBUYTPGIAUUAQEADYOORAHEALLENTIAOMEADVYJMECDPHPYMLFHHJRTZGXIYGBOMBOJQIZXITGHATHAPEDOSONOMJJBIKLGSQEUENKSPRETOACHEQBZVTAGESIMEXFVNADEIXLKKSZXIPMSGBXVDACKINESOMPUYFZCXYFETWTOMV
SYNTHETIC_P05	16	-2687.04923964	-2728.08842935	SCKIQAYECSUOWQWS	SFDEREILLLYTPMQUUUAQEARSUNRAHSHOLENTIAOCBBMVYCJCCDPHPYMFFFPJRHFKXIYJBOFEATQIZXFTGHANHADYINSONOSJJBIALGSQBUANDSERETOUCHEQHZVTOGLSIMEXFVNDOFEXEDHSZXIPMSGVCTDAQYONESOCPUYIZDXYFYTWTIMT
SYNTHETIC_P05	16	-2687.88405657	-2728.92324629	SCKIQAYKWUMOICQO	SFDEREIIBUYTPGIAUUAQEARYOORAHEALLENTIAOMEADVYJMECDPHPYMLFHHJRTZGXIYJBOFBOJQIZXITGHANHADEDOSONOMJJBIALGSQEUENKSPRETOUCHEQBZVTAGESIMEXFVNADEIXLKKSZXIPMSGBXVDACKINESOCPUYFZCXYFYTWTOMV
SYNTHETIC_P05	17	-2641.27851009	-2684.88264917	GQECQGMQAGUCEMGWY	TAGRREHEHITPUKEEBUIVQEHEETBQBGORTSTILARMXBIYXGJCLICPGCANGFDVJRTMEDTALREALAPEXQJQROQFOWBIWWASRMORIOMSYNQPFXNOMPEOITIMIVFERJYVSEHOTONEDEASLGXPDCMOMERYKYLWBHQCAKOFMTJKQEGGSEEDILEILKAB
SYNTHETIC_P05	17	-2645.65036058	-2689.25449966	GQECQGASAOUCEMGWY	TAGRREADHETPUKEEBUIVQEHSGTJQBGORTSTILARMXAIYXGJCLICPGCANGFFVJRTMEDTALREALAPDXQJQROQFOWBIWWASTMORIOMSYNQPFXNOFPEOITIMIVFERJYVSSHOTONEDEASLGXPDCFOMARYKYLWBHQCAKOTMTRKQEGGSEEDILEILKAB
SYNTHETIC_P05	17	-2664.39683437	-2708.00097345	QCECYGMQAGIQMYGGY	THGRREHEHITPUEEMBUUVQEHEETBQBGARDSTCLARMXBIYXMFVLDCPGCANGFDVJRHURDDAGREAHAPEXQCQROQAOGBIWEASRMOFIOMSINQPFXNOMPEOBLEGIVFERJYVSEHOTCAMPEASGOXPMCMOMERYGYLGBRDCASOFMTJKQMGGDEMYILASWKAJ
SYNTHETIC_P05	17	-2666.51980066	-2710.12393974	MSQCYGMYMGUCGCGUA	TMARREHABITPUCEFAUKHQEHEMFBQBGERRUTHFARMXKCYXGIHLJOPGOANGFLHJRTOUDRDORLAHAPZXQJQROQGODBUWEASYMORIOMSWNQPMXNOMPLOITHEIVEERVYVSEHATONGTEAUIFXPMCMOGERYJYLMANSCASOFMFJKQGGGRGUCCLAPNWAJ
SYNTHETIC_P05	17	-2668.31102133	-2711.9151604	MYECQGMQAGACGCGUA	TVGRREHEHITPUCEFAURVQEHEETBQBGERRUTELARMXBIYXGIHLJOPGCANGFDVJRTOUDRDOREALAPEXQGQROQGODBIWWASRMOXIOMSWNQPFXNOMPEOFTHEIVEERJYVSEHOTUNGTEAUICXPDCMOMERYJYLMANYCAKOFMTJKQGGGRGUMILEPTKAB
SYNTHETIC_P05	17	-2671.12890196	-2714.73304104	CIQCIGASAOACGCAOC	TEARREADHETPUCHIMUAHQEHSGTJQBGELLWTMFARMXAIYXGIHBMAPGOANGFFVJRTOUDLEARLACAPDXQGQROQJOSBUWOASTMOXIOMSQNQPMXNOFPEOFTHELVDERVYVSSHOTUNGTYAWOKXPHCFOMARYJYBCMCICACOTMTRKQGGALIGHCLIEDWAT
SYNTHETIC_P05	17	-2671.16279554	-2714.76693462	GQECQGMQAGIEAMEGY	TAGRREHEHITPUKUMBUIVQEHEETBQBGOODSTILARMXBIYXFLCMDCPGCANGFDVJRVIEDDALREALAPEXQCQROQAOWBIWWASRMOFIOMSINQPFXNOMPEOBEKMJVFERJYVSEHOTCOADCASLGXPDCMOMERYMYMGBHQCAKOFMTJKQAGEDEEDILEILKAB
SYNTHETIC_P05	17	-2671.41495609	-2715.01909517	QYUCYGMQAGIQMYGGY	TVLRREHEHITPUEEMBURLQEHEETBQBGARDSTEDARMXBIYXMFVLDCPGSANGFDVJRHURDDAGRJAHAPEXQCQROQAOGBYWEASRMOFIOMSINQPKXNOMPEOBLEGIVFERZYVSEHOTCAMPEASGCXPMCMOMERYGYLGBRYCASOFMTJKQMGGDEMMALASTAAJ
SYNTHETIC_P05	17	-2671.61085606	-2715.21499513	MSQCYGMQAGIEAAGEA	TMARREHEHITPUDEAAUKHQEHEETBQBGCRBUTHFARMXBIYXFLILEOPGOANGFDVJRVISDBDORLAHAPEXQCQROQQODBUWEASRMOFIOMSHNQPMXNOMPEOBEKFIVEERVYVSEHOTCOAREAUIFXPMCMOMERYMYLHANSCASOFMTJKQAGGBGUCCLAPNWAJ
SYNTHETIC_P05	17	-2671.98327827	-2715.58741735	GYUCAKSSAOUCEMGWY	TVLRRCEDHETPUKEEBURLQELKGTJQBGORTSTEDARKXAIYXGJCLICPGSANKFFVJRTMEDTALRJAGLPDXQJQROQFOWBYWGESTMORIOMSYNQPKXNOSPEOITIMIVFERZYVSLHOTONEDEASLCXPLASOMARYKYLWBHYCAUSKMTRKQEGGSEEMALMITAAL
SYNTHETIC_P05	18	-2642.01000309	-2688.17909152	YICEKYCYKYOMYYISMK	VEDRUBLIGHPUEILEEDUBSQFYUNDSRAHBTOGICAPIWJYXUMBITCATISWHMFFLWJROWEDUKBALELZIQTCFOQQIULKDFGECTEMPYJOMSPNDARRIDRASBLEMDRGHITSGLERGRSEIDOIAIYIFOURFIAYZGOIBIGHTDUHBGHRKKQKGDURETOHSDOQY
SYNTHETIC_P05	18	-2644.09216118	-2690.26124961	YICESEMOAUGSIGYSMK	VEDRULGALJPUMEDEEDUBSQFEEDTORAHJJOGICAPIWVFXUBFFTOFTISWHMFFQHJRKOKDDABALELZIQTKKOQQFUHCDFGECTEMPIJOMSVNLQRRIDRASTIMEIRNEDTSGLERGRSNONEYABESFOURFIAYZCODGAILTLUMBGHRKKQSGNKHALORSTOQY
SYNTHETIC_P05	18	-2651.03014326	-2697.1992317	UKCESEMOAUAKIYISMC	VDDRULGALJPUMILEEHUDSQFEEDTORAHBTOGAERPIWVFXUBIOTCATIESIMFFQHJRKIDDUKBACGPZIQTKKOQQJULKDFKAFTEMPIJOMSNNDARRAFRASTIMEIRAIDTSGLINGRSNONEYAUWSFOURXKMYZCODGAIBTLUHBGLNMKQSGNKHAFORSDOQY
SYNTHETIC_P05	18	-2651.85608435	-2698.02517278	GGCESEMOAYCMIMISMG	VFDRULGALHPUMULEEFUZSQFEEDTSRAHOTOGELBPIWVFXUMHITIATICEFMFFQHJROKEDIKBAGAMZIQTKKOQQIUEKDFIMATEMPIJOMSPNRARREMRASTIMEIRMHDTSGLGZGRSNONEYAWYSFOURBERYZCODGAGATLUHBGJZJKQSGNKHEHORSDOQY
SYNTHETIC_P05	18	-2653.15554237	-2699.32463081	OICISEMOKOSUYOISOU	VEDRULGAGMPUEALEDLUBSQFEEDDIRAHRTOISHAPGWVFXUEMETHATOIMHMJFQHJREAMDKKBDUJLZGQTKKOQQEUDKDEBUCTIMPIJOMSXNTARTSIRASTIMEDREDITSGKMHGRSNONEIAMGIFOUTPAAYZCODGILFTDUHBFCHKKQSGNKRUXOHSDOSY
SYNTHETIC_P05	18	-2653.31619835	-2699.48528678	WGCESEMOAUYSYYUSOG	VFDRULGALJPUEIPEDFUZSQFEEDTORAHBEOIEDBPIWVFXUBJFTCHTOCUFMFFQHJRKGKDUWBDGFMZIQTKKOQQFULEDEICATEMPIJOMSVNDMRTEERASTIMEIRBEITSGKGPGRSNONEYASEIFOUTBURYZCODGAIOTDUBBFJOJKQSGNKHACOHSPOSY
SYNTHETIC_P05	18	-2653.56539822	-2699.73448665	YICEWOCWAOKMYYISMK	VEDRUGLJLMPUEILEEDUBSQFOULTIRAHBTOGICAPIWBYXUEDITCATISWHMFFBWJRESEDUKBALELZIQTCGOQQIULKDFGECTEMPYJOMSPNDARRIDRASIDEAIRIHITSGLERGRSQYDMYAEYIFOURFIAYZYOICALJTDUHBGHRKKQXGDSHUPOHSDOQY
SYNTHETIC_P05	18	-2653.91313887	-2700.0822273	YYUISEMOAYMIEOISMK	VVHRULGALHPUBALEEDUQKQFEEDTSRAHRTOGICFPGWVFXUMCKTHATISWXMJFQHJROUADKKBALEDZGQTKKOQQKUDKDFGESTIMPIJOMSLNTARRIDRESTIMEIRHJUTSGLERGJSNONEYAGUPFOURFIFYZCODGAGITAUHBGHRAKQSGNKHERONSDOQY
SYNTHETIC_P05	18	-2655.55262947	-2701.72171791	UKCESEMOSEMSYOISMC	VDDRULGACEPUEALEEHUDSQFEEDLYRAHRTOGAERPIWVFXUJCFTHATIESIMFFQHJRUUKDKKBACGPZIQTKKOQQFUDKDFKAFTEMPIJOMSVNTARRAFRASTIMEVRHEITSGLINGRSNONERAGEIFOURXKMYZCODGESITDUHBGLNMKQSGNKZLROHSDOQY
SYNTHETIC_P05	18	-2658.18625259	-2704.35534103	OICISEMOAUYSIQWSOU	VEDRULGALJPUMMEEDLUBSQFEEDTORAHTHOISHAPGWVFXUBJFTGGTOIMHMJFQHJRKGKDMYBDUJLZGQTKKOQQFUXDDEBUCTIMPIJOMSVNUORTSIRASTIMEIRBEDTSGKMHGRSNONEYASESFOUTPAAYZCODGAIOTLUABFCHKKQSGNKHACORSROSY
SYNTHETIC_P05	19	-2606.28768587	-2655.02172366	OQCQKSMMGSUIQSWKUAE	VRDUNDBFDGUQUGCFLGTVJSRESFBYNQAHVGGOYGXBVDFUYCLKEALOSJILLNRFDFJQCOLDETALLYSMMQDOQQOUXFCHDIKLYSAMOYIOMTONWNHURITYOREADFILASPIMANAMILNDOGABEEXEOVZDAIDESOBEGINISIAMUYGZZUWHOTSHILYFYSX
SYNTHETIC_P05	19	-2609.53920841	-2658.2732462	AICAKSMMGWUIWEUGQGO	VADUNDBFDEUQUADHADTVASRESFBYRQAHHECKEGXFVLFUYCLIEAIOILKIGNJFNFJQCOPDEZAIHUYWGQDOQQOUXDCHACLAYSIMOYIOMTONANHADGPYOBLEDAILASPGMACHANANSAYABEEXEOZZDHUBBOOKLKINISIAMUYGZZGOHOTSHILYFYSX
SYNTHETIC_P05	19	-2614.62075472	-2663.35479251	OQCCKSWMGIGOKOEEICE	VRDUNDUFDLUQUILIEFTVJSRESOBYDQAHROACAGXBVKFUYCLCLKTODMBKLNRFPFJQCOBDKMASFMUMMQDOQQOUXKZEGKVBYSAMOYIOMTONMYNONRNYOREADMILISPAGRICILENDOGABEEHEOLLIVELYGOBEGINISDAMUYDZZUWHOTSRILYFESX
SYNTHETIC_P05	19	-2615.38264751	-2664.11668531	AICKUAYMIAKOKIEGQGO	VADUNMIFCCUQULLHADTVASREARBAVQAHLOCKEGXFVYAUYCKGJKTODLKIGNJFWPJQCQTDKMASHUYWGQDOQQOUXBHEGAVAYSIMOYIOMTONEDNOHRPYOBLEDIDHHSPEERIFINANSAYABOMJEODPIVYLBOOKLKINDSCALUYDZZGOHODSTINYFESX
SYNTHETIC_P05	19	-2616.22315931	-2664.9571971	OQCQKSMMGAKOAIUKAQE	VRDUNDBFDCUQULDFILTVJSRESFBYVQAHLEGUOGXBVDFUYCLGJKGOIJFDLNRFDFJQCOTDKDAILEIMMQDOQQOUXBHELALLYSAMOYIOMTONEDNEHGTYOREADFILASPEERAFAIINDOGABEEXEODPILYBEYOBEGINISIAMUYDZZUWHOTSHILYFESX
SYNTHETIC_P05	19	-2617.45527887	-2666.18931667	OQCQKSMMGAMSQOEEICE	VRDUNDBFDCUQUILIEFTVJSRESFBYVQAHROACAGXBVDFUYCLGIILODMBKLNRFDFJQCOTDOTASFMUMMQDOQQOUXBGCDKVBYSAMOYIOMTONEFRUNRNYOREADFILASPEDINCILENDOGABEEXEODRNAELYGOBEGINISIAMUYBZZUWHOTSHILYFISX
SYNTHETIC_P05	19	-2618.38794613	-2667.12198392	AICAKSWEIAKOKIEGQGO	VADUNDUJCCUQULLHADTVASRESOTAVQAHLOCKEGXFVLFUYGKGJKTODLKIGNJFNFJQUQTDKMASHUYWGQDOQQOFXBHEGAVAYSIMOYIOMTHNEDNOHRPYOBLEDAILISPEERIFINANSAYABEEHEODPIVYLBOOKLKINISDELUYDZZGOHOTSRANYFESX
SYNTHETIC_P05	19	-2618.85066748	-2667.58470527	OGKAKSMMGWUIWEUGQGE	VBMUNDBFDEUQUADHADTVYARESFBYRQAHHECKEGXGVLFUYCLIEAIOILKILNHFNFJQCOPDEZAIHUYMMQMOQQOUXDCHACLAYSAMOGIOMTONANHADGPYOREFRAILASPGMACHANANDOWJBEEXEOZZDHUBBOOBELENISIAMUYGZZUMPOTSHILYFYSX
SYNTHETIC_P05	19	-2619.59069633	-2668.32473413	IQCSUMYMIAKOKOEEIGG	VRDUNGIFCCUQUILIEDTVJSREMRBAVQAHROACEGXBVCAUYCKGJKTODMBIKNRFFPJQCQTDKMASFMYOCQDOQQOUXBHEGKVBYSMMOYIOMTONEDNONRNYOTHADEDBHSPEERICILENCIGABOYJEODPIVELYGODHGINDSCALUYDZZOWHODSTINYFESX
SYNTHETIC_P05	19	-2620.1765089	-2668.9105467	OSCAKSMMGAMSQIEGQGO	VIDUNDBFDCUQULLHADTVKSRESFBYVQAHLOCKEGXWVLFUYCLGIILODLKIGNSFNFJQCOTDOTASHUYWMQDOQQOUXBGCDAVAYSIMOYIOMTONEFRUHRPYOBEMDAILASPEDINFINANSOIABEEXEODRNAYLBOOKEFINISIAMUYBZZUYHOTSHILYFISX
SYNTHETIC_P05	20	-2623.24055147	-2674.53953862	EWOKCCKUCQCWYCAWGOKC	RGANZGGJBMQUPMKKDTWNUOFQEDDIVKQBHEKSANHIYMAYHABERTASCELCGXSVFJJIRSTMCMEANCEOPQNJQOUFOLGBDACASPARDMACONTNMHDSHOPEYPMASFOODEREDMEAMANSCOOMMESSOFPNHXULIKBPVTGMGOCBLSOBPUYAZEJYFATWTYMR
SYNTHETIC_P05	20	-2624.89698935	-2676.19597649	EWOKCCKUCQCWOMSIGOKC	RGANZGGJBMQUPHBEDTWNUOFQEDDIVKQBHOCEANHIYMAYHABERTASOMYNGXSVFJJIRSTMCMEACMXBPQNJQOUFOLGBDACASPERDMACONTNMHDSHOPEYPEASFOODEREDMEAMANSHOOGMESSOFPNHXULIKBPLTGYGOCBLSOBPUYAZEJYFATWTYMR
SYNTHETIC_P05	20	-2626.88830185	-2678.187289	EWOOESEMAKAWECKIGOKC	RGANZLYACCQUPMXEDTWNUOFQETWATEQBHEVEANHIYMAYGFTIRBOSMEGNGXSVFJJIRIMECHDATCOBPQNJQOUDODYFEDDASPIRDMACONTRMXWKFINEYPWASFOODERCREHEADASMOOGMESSOFPRINODGEYPBTGYGOCBLSOMPUYEZHJYFETWTQML
SYNTHETIC_P05	20	-2626.97226238	-2678.27124953	EWOOESEMAKKWYCAWGOKC	RGANZLYACCQUPMKKDTWNUOFQETWATEQBHEKSANHIYMAYGFTIRBJSCELCGXSVFJJIRIMECHMANCEOPQNJQOUDODYFEDLASPARDMACONTRMXWKFIXEYPMASFOODERCREHEADISCOOMMESSOFPRINODGEIPVTGMGOCBLSOMPUYEZHJYFETWTQML
SYNTHETIC_P05	20	-2630.95947552	-2682.25846267	EAGCASEMAKUMOMSIGOKC	REENZLYACCQUPHBEDTWNUSXQETWATEQBHOCEANHIYKEYIFTIRBESOMYNGXSVFNBIRIMECHWACMXBPQNJQOUJODYFEDQFSPERDMACONTFMXWKFIGUYPEASFOODCRIEEHEADDSHOOGMESSOFPFFNODGESPLTGYGOCBLSOFPUYEZHJYFSTWTQML
SYNTHETIC_P05	20	-2636.70751286	-2688.0065	EEGOESEMAKAWOKOAGOKC	RCENZLYACCQUPIDIDTWNUWXQETWATEQBHMYWANHIYIEYGFTIRBOSOSEAGXSVFRBIRIMECHDACLSSPQNJQOUDODYFEDDASPNRDMACONTRMXWKFINEYPBASFOODARCREHEADASHOOKMESSOFPRINODGEYPLTGQGOCBLSOMPUYEZHJYFETWTQML
SYNTHETIC_P05	20	-2637.2127986	-2688.51178574	EWOOICKUCQAWUCSIGOKC	RGANZGGJBMQUPMBEDTWNUOFQEDDIVKQBHECEANHIYMAYEABERTOSEEYNGXSVFJJIRSTMCMDAJCXBPQNJQOUDOLGBDADASPERDMACONTRMHDSHONEYPEASFOODERCAMEAMAASEOOGMESSOFPRNXULIKYPRTGYGOCBLSOMPUYAZEJYFETWTYMR
SYNTHETIC_P05	20	-2638.522542	-2689.82152915	KAGKCMKUEIAWECSSAMOC	REENZBGJADQUPMBMGAWNUSXQENDIXCQBHECOUKHIYKEYHOBERCOSMEYEJXSVFNBIRDTMCFDATCXKJQNJQOUFOGGBREDASPERTALCONTNMRDSIGNEYPEANDSOACREDHEALEASMOOBCFSSUFPNHHULKCYPBTGIAMCBISOBPUYAZIPYFATWTYMJ
SYNTHETIC_P05	20	-2638.6454525	-2689.94443965	WWOKCCKUCQCWCESIGOWQ	RGANZGGJBMQUPLBEDTWNUOFQEDDIVKQBHGCEANHIYMAYHABERTASADYNGXSVFJJIRSTMCMEAREXBPQNJQOUFOLGBDACASPERDMHIONTNMHDSHOPEYPEASFACHEREDMEAMANSAOOGMESSGFPNHXULIKBPZTGYGOCBNSOBPUYAZEAYFATWTYMR
SYNTHETIC_P05	20	-2639.24950504	-2690.54849219	KAGKCMKUEIAWECSSAMGS	REENZBGJADQUPMBMGAWNUSXQENDIXCQBHECOUKHIYKEYHOBERCOSMEYEJXSVFNBIRDTMCFDATCXKJQNJQOUFOGGBREDASPERTASHONTNMRDSIGNEYPEANDLEACREDHEALEASMOOBCFSSUFPNHHULKCYPBTGIAMCBISOBPUYAZIPYFATWTYMJ
SYNTHETIC_P06	1	-2983.67542934	-2986.2403787	E	JACBRACTEKDCWBEKCJRDDIGDSCMAYEVAJLMISJREVLDDXUFQCLMCWZLHIGDYTUCJNIINLDPTUJRVKBMEUAZXPTTQYZMAYHTCXYSFRSHECLVBDPUATVMVOKEGMCCXJAKGHKNJHYJEIWCZRIVWUTJKADMETNDNAVLXTKCAWROABPPBPOOWMYBE
SYNTHETIC_P06	2	-2890.94126701	-2896.07116573	EU	DRBTQHBLEIKSOJBNUHILELIPSEDOTVFSMOKUUHJQTSKJBUUQFEKNNNZNDSGOVHVSPXIUJFCXYRJFNOBYZZADXJTESOZUUTGUUSZPNMSKELLNEKPQROUBNJLYRHDBNZASGNLLLYYKDRWPKLIMOYTELECEAIMTCDVFDHKSTORMEFPJZOODLGYY
SYNTHETIC_P06	2	-2916.9015007	-2922.03139942	WS	HRTTQRBIIJCQOKBNURIIIMANSFDMTVFSOODUUIJOTSKJFUMQJFCLNNZNHSYOVIVQPBITAGUVYRJFCOSYZZADXKTCSOZUUTGUUSZPNASIIMDLIUHPROUBNKLWRIDZCZTSKNDLCYQKHROPBMAKOYTECOUDPJFRGENDHIKQTORMIGHHZFOACHQW
SYNTHETIC_P06	2	-2924.5022459	-2929.63214462	AE	FRXTQCBVGDGCOEBNUCIVGGEZSMDYTVFSBOGUUCJATSKJDUQQHMGXNNZNFSCOVCVCPIIFLAYHYRJFAOWYZZADXETOSOZUUTGUUSZPNHSUGGHXGFLAROUBNELIRCDLAZXSINHLAYUKFRSPMGEWOYTEAMYOCDIDELRPFCKCTORMGALTZMOMABUI
SYNTHETIC_P06	2	-2934.77173662	-2939.90163534	CA	ERZTQEBRFFIYOGBNUEIRFIGVSBDUTVFSAOIUUEJWTSKJCUSQGBITNNZNESEOVEVYPKIBKCADYRJFMOYYZZADXGTKSOZUUTGUUSZPNJSQFIJTTHMWROUBNGLEREDHMZZSHNJLMYWKERUPLIGSOYTENBBKBFKZDATLEEKYTORMTCMPZBOIMDWE
SYNTHETIC_P06	3	-2870.46977711	-2878.16462518	GQE	BTCDTADLSUILTVCANKSLGCIJLMJDLAYOMBGKBBVJMFHIFFMULEWNJDHKDISGRANUPIKYAPQDBSZIFVEEZGUBTEYSBRIMTDUGSYRZOEBTGHLLEDTQNBLFTWXKRKYDXXGVLIXLIRIALEBEGBIIYTASELDHDGUNKBEXAWGLODHQMCPREAOFBWUY
SYNTHETIC_P06	3	-2886.13005829	-2893.82490636	YWE	FTCVTATISNOLTVCANKSIGCOJCJJDRAYOMBGKFWVJTFLFFXSUCBWFPDLHDAYGRKNUVIBYAHQDFSZIFVIBZYABTBYSHRMJTVAGSYRZOEFTGZLLIATITBCCTODKRHYDDXKVLAXLMRISLEFBGTOIYTASELHEDYANBLEPGWKTOVMQDMPJKAONBWBY
SYNTHETIC_P06	3	-2892.21452236	-2899.90937043	SQA	ITEPTWKLFGIGTVEANGSLICIFFMYDLXYOBBGGIBVJMFBIHRMQFEWZJDXKFVSCRANUPINYCAQZISZIFVLEZSUBTEYSBRCMTPUGSYRZOEITITLHLDTCNBFFTIXKRKLDXSAVAUXHCRKMLAIEINIEYTCSEHKHFSUJEBGJASALOPHQGCPDEAOFDWUU
SYNTHETIC_P06	3	-2897.90979576	-2905.60464383	EWO	CTKBTKEILSOUTVKANUSIBCOTMJEDRKYOHBGUCWVJTFIFADSEMBWLPDIHLGYQRKNUVILYINQNCSZIFVFBZEABTBYSHRJJTBAGSYRZOECTBFLVUATPTBMCTUDKRHEDDGHVGGXVJRDYLOCBBZOSYTISEVEELEAXLLMVGGHTOBMQAMPPKAONJWBI
SYNTHETIC_P06	3	-2903.01468754	-2910.70953561	UIW	HTGRTSJCHIACTVGANCSCKCABEDADDSYOOBGDHFVJEFAMJTEMEIWBBDASHWLYRENUHIDYEDQVHSZIFVKIZUMBTIYSTRBDTRMGSYRZOEHTKVLDKHTEFBEJTKPKRBADPOMVCWXDBRMOLWHIKPAAYTESEDJLHUMFDWILTOMCORZQPGPEWAOJFWMQ
SYNTHETIC_P06	3	-2915.27715778	-2922.97200586	UUA	HTERTWJTFINGTVEANGSTICNFEUYDOXYOBBGGHMVJQFAGHTQQECWBNDAIFWWCRLNUTIDYCDQZHSZIFVKZZUZBTCYSFRBKTRYGSYRZOEHTIVLHKBTERBENTKAKRILDBSMVAWXHBRKOLAHCIPMEYTCSEHJFFUYJDMGLESMJORLQPAPEIAODDWYU
SYNTHETIC_P06	3	-2922.83332682	-2930.52817489	OIM	KTRLTJMCMCASTVLANSSCVCAQHDFDDIYOIBGSKFVJEFDMBNECHIWVBDDSMQLORENUHIGYJXQLKSZIFVUIZPMBTIYSTREDTLMGSYRZOEKTCPLTAHTYFBHJTEPKRBFDPECVHQXTEREILMRIVIARYTJSETMLMOMVGWAFTECCOLZQIGPZWAOJQWMH
SYNTHETIC_P06	4	-2853.85923433	-2864.11903176	KKYA	BREEHSVTBECGRJXUOATIIACTUGHIDEVEVSIEQVDERXEHKJWWHENARDDHGTJENOTUTIMPILGRSZNBJFUSYPXTADXYVYIGYVUEYRNJYOEWKATURDBIWOBGUAPGSGBMDQRSAWNLQKICORAIDPSSTKBOSEESMKFASJHXXEHBLJVQXKZBVYAKILEO
SYNTHETIC_P06	4	-2858.01360893	-2868.27340636	QKUA	TRGEMSRTLEEGXJTUOATIIACTUGJIDEREASKEXVZERXGHKJSWEENAXDDHDTLETOPUTIBPILCRSZNBJFUSYPXTADXYVYKGYVQEYRNJYOEWHATUXDBIWODGUALGSGDMDQNSKWNLWKICGRCIIPOSTKNOSEBSJKHAYJDXXEJBLJRQCKZBAYAKFLKO
SYNTHETIC_P06	4	-2882.50021362	-2892.76001105	IOYI	CREAFSVBCCCCPNXCOLTEIECBUEHEDIVMESIAPVDMRXEDKJWEICNJPHDPHTJALOTCTGMPIPGRSZNKJFUAYPXTADXYVYITYVUNYRNFYOEELLTUPHBIWOBCUAPOSEBIDURABWNHOKIKKRAEAPSATIBOSEESAIFJQNHFXCHKLNVYGIZKSCASJJCS
SYNTHETIC_P06	4	-2883.60654354	-2893.86634097	OSQK	MRIMLSNDMAGBVRPEOJTDIICDUCTDDMMOBSMMVVVORXICKJOGFANIVLDRETAMROLETEDPITYRSZNOJFUDYPXTADXYVYMBYVMOYRNEYOEGISTUVKBIWOFBUAHQSCFHDYJCLWNGUKIMHREDGPKCTGFOSEWSKGJIWRZHXATJLRMADGZJYGAUGHIW
SYNTHETIC_P06	4	-2883.95092869	-2894.21072612	USGA	JRAERSDTJALGBRFUOJTIIICTUCDIDMDELSEEBVLERXAHKJEWCANABLDHYTFEWOBUTEIPITORSZNBJFUSYPXTADXYVYEGYVCEYRNJYOEWFSTUBKBIWOKGUAXGSCKMDYZSIWNLAKICERJIMPASTGKOSEMSHGBACRPXXADBLRDQAGZBEGAKDHOW
SYNTHETIC_P06	4	-2884.50186586	-2894.76166329	UOWI	JRFARSTBJCDCBNVCOLTEIECBUEIEDITMLSJABVBMRXFDKJUECCNJBHDPYTVAWOQCTGAPIPERSZNKJFUAYPXTADXYVYJTYVSNYRNFYOEEFLTUBHBIWOCCUANOSECIDUPAIWNHAKIKERBEMPQATICOSECSHIGJCNFFXCIKLNTYAIZKECASDJOS
SYNTHETIC_P06	4	-2884.5486412	-2894.80843863	MOUC	ARGDJSRVACEFTNTWOLTHIECVUEJHDIRGCSKDTVZGRXGGKJSYGCNMTHDJFTLDPOPWTGBPIPCRSZNAJFUUYPXTADXYVYKFYVQGYRNIYOEYJLTUTHBIWODFUALISEDLDUNUMWNKSKIEIRCHEPOUTINOSEBSLIHMUNDZXCJALNRSEIZAWCAMHJGS
SYNTHETIC_P06	4	-2885.25492573	-2895.51472316	MOWU	ARFHJSTNACDJTNVOOLTLIECNUEILDITYCSJHTVBYRXFKKJUQGCNNTHDAFTVHPOQOTGAPIPERSZNEJFUMYPXTADXYVYJJYVSYYRNMYOEQJLTUTHBIWOCJUANASECCDUPMMWNYSKIXIRBLEPQMTICOSECSLIGDUNFRXCIELNTKEIZEWCAEHJGS
SYNTHETIC_P06	4	-2891.13656807	-2901.3963655	AWCI	GRCAXSZBGLACHVBCOHTEIMCBUAFEDQZMISGAHVHMRXCDKJAEMLNJHPDPLTHADOXCTCKPIXKRSZNKJFUAYPXTADXYVYGTYVYNYRNFYOEECHTUHPBIWOMCUATOSAMIDCVAFWNHGKIKBRLESPWATEMOSEISREDJJVLFXLFKLVZYKEZKKKASAFUA
SYNTHETIC_P06	4	-2893.10237122	-2903.36216865	KUUS	BRGIHSRLBWETRSTNOSTMILCLUBJMDORWVSKIQVZWRXGUKJSPHMNERNDZGTLINOPMTDBPIVCRSZNFJFUKYPXTADXYVYKKYVQWYRNAYOEOKITURNBIWODKUALYSBDDDANKAWNCQKIUORCMDPOKTFNOSEBSMFHESTDPXWJFLSRIXFZOVIADIGEY
SYNTHETIC_P06	5	-2842.95486116	-2855.77960795	GKMKC	BQROTCTICADDRUREFAMISAIUYLFKJCOVMUDAHTVGXQBJDLIKHTNIXSEDRYMENKXBNUIJAJRAZNOTVJEUPXTHYBDWYTDHXUSCPGVDRBCPETBNLJOWOIFBCUASYIGOICRECYYMEADINGLDEOFTPLCXGTCMJRMHOVILWBIKQLJIBROAOIQAUOSW
SYNTHETIC_P06	5	-2876.32996845	-2889.15471524	GAUUC	BQHETCTRNADIRUREVAMISFEUYLVSJCOVIUDAHBVGXQKEDLISRTNAXSEDHYMENCXJNUYJKJRSZNOTKJEUPXTCYBDWYTDMXUSCFGVDRGLPETRVLJOWODFBCUASYACEICHMNYYEAIDIDOLDEBBTPLTXGTCEFHMHEDTLWGEFQLZQLROSODQALOCW
SYNTHETIC_P06	5	-2884.53905392	-2897.3638007	OIGUS	KQBETKTDNATERUINDAMZLBLUYSDEJCOVCUIAHNVWXQEERLIERINJXSJDPYMUNLXJNUGJKJRBZNOTTJEUPXTCYBDWYTMIXUSKNGVDRCFPJTZHLZOWODKBCUAIYJZEACPZNOYAHIIILALTAKITPTBXGTLAMHNPMPTAWCOFQLHDLROBODQASOCW
SYNTHETIC_P06	5	-2887.34382915	-2900.16857594	WAGCM	GQBATSTDVAIIRULUVAMTHFLUYAVEJCOVCULAHNVQXQEALLIEZDNAXSMDHYMONCXFNUYJSJRSZNOTKJEUPXTLYBDWYTIMXUSSFGVDRGFPMTRHLTOWOMABCUACYAZADCHZVIYEHELIDALNJBITPBTXGTHEMDHXEPBVWGOBQLZDTROSOMQALOKW
SYNTHETIC_P06	5	-2897.06309271	-2909.8878395	GMEKK	BQCOTCTBCADCRUMEHAMRSMOUYLHDJCOVSUMAHKVOXQFJMLICHBNHXSADTYMMNJXBNUKJAJRMZNOTXJEUPXTHYBDWYTDGXUSCRGVDRAGPATDFLROWOIBBCUAAYHKOECTWCGYLIAMIPYLLEIJTPLFXGTCLARIHQNITWAMKQLLABROMOIQAWOSW
SYNTHETIC_P06	5	-2897.82518768	-2910.64993447	WAMUM	GQRETSTINAIIRULUVAMTHFIUYAVKJCOVMULAHTVQXQBELLIKRDNAXSMDHYMONCXJNUYJKJRSZNOTKJEUPXTCYBDWYTIMXUSSFGVDRGCPMTRNLTOWODABCUACYAGEDCHENIYEEILIDGLNJBFTPBTXGTHEJHHXEVTVWGIFQLZILROSODQALOCW
SYNTHETIC_P06	5	-2898.12255478	-2910.94730157	CIIUM	DQAETYTFNAFERULADAMTEBKUYGDGJCOVBULAHPVQXQDELLIGRDNJXSMDPYMONLXJNUGJKJRBZNOTTJEUPXTCYBDWYTFIXUSYNGVDRCEPMTZJLTOWODABCUACYJIEDCPANIYAGILILCLNGKHTPHBXGTEALHHDMRTVWCKFQLHELROBODQASOCW
SYNTHETIC_P06	5	-2898.4276185	-2911.25236529	GQOCC	BQKATCTLVADARURELAMISSHUYLKMJCOVLUDAHVVGXQAADLIMZTNFXSEDXYMENHXFNUOJSJRKZNOTBJEUPXTLYBDWYTDEXUSCVGVDRLBPETHPLJOWOMFBCUASYFFAICXGVYYJDEDITILDEGETPLJXGTCJIDMHUXBLWLHBQLPKTROKOMQAAOKW
SYNTHETIC_P06	5	-2899.61803627	-2912.44278306	CIGAA	DQBBTYTDTAFERUEADAMHEBLUYGDEJCOVCUEAHNVEXQEBELIEXRNJXSFDPYMCNLXGNUGJQJRBZNOTTJEUPXTMYBDWYTFIXUSYNGVDRCFPFTZHLHOWOAGBCUAQYJZBJCPZTWYAHFEILALBGKITPHBXGTEAMEADMPZJWCOCQLHDRROBOAQASOIW
SYNTHETIC_P06	5	-2900.09086514	-2912.91561192	CIIMK	DQAITYTFFAFERUMADAMREBKUYGDGJCOVBUMAHPVOXQDIMLIGJBNJXSADPYMMNLXANUGJCJRBZNOTTJEUPXTGYBDWYTFIXUSYNGVDRCEPATZJLROWOHBBCUAAYJIIECPAFGYAGMMILCLLGKHTPHBXGTEALLIDMRLTWCKJQLHEDROBOHQASOUW
SYNTHETIC_P06	6	-1746.26537943	-1761.65507557	UUUMQC	GREATERTREASURESTHANALITTLEFOODORRESTIREQUIREDKINDNESSANDSYMPATHYBUTIDIDNOTBELIEVEMYSELFUTTERLYUNWORTHYOFITTHEWINTERADVANCEDANDANENTIREREVOLUTIONOFTHESEASONSHADTAKENPLACESINCEIAWOK
SYNTHETIC_P06	7	-2750.60553932	-2768.56018482	UECMCCS	HOFASFARTYEATHIEVBSEFACJCCVWOVSURWMETBHJUXHFAZINETATRPDZHVMJJFNWPWGUAJZLOTULDTOIFUUPOGYBTZBSORKYVOREVJETLFBTDDLYTUALRECUATTLHUMNKRXEIWWILIENBEPNOBKYWXGSFYJDDEIFOCBSXVFKCMSINCESAWOK
SYNTHETIC_P06	7	-2769.83792019	-2787.79256569	UEWWKCS	HOIISFARTSOATHIEVJSEFACJMCVWOVSUMWMETBHQUXHFDZENETANRXDZHVCEFFNWPQQUAJZLOTULDTOIFUUPOGYJTZBSORUYVOREVESTLFBTNKLYTUDGRECUANDLHUMNARXEIWWCLIENBEPNOBKYWXGSFYJDGMEFOCBMHDFKCMSDNCESAGOK
SYNTHETIC_P06	7	-2797.06927776	-2815.02392327	QECMKAI	JOFASGFNTYEARXKEVBSFKWCJCCTMOVSUMWEETBHQUNJFAZENJPATRXDPJVMJFGNSPWGUYJZLOTUMITOIFUSFOGYBTZGSORKYVEREVJSTUFBTDKLPTUALRFHUATTLFKWNKRXFATWILICDDEPNOCCUWXGSFOLDDEEGOYBSXDDKEMSINDASAWOI
SYNTHETIC_P06	7	-2797.46824694	-2815.42289244	QEUCUAI	JOJFSGFNTQUARXKEVGSFKWCJSCTMOVSUHWEETBHAUNJFEZMNJPALRHDPJVDBAGNSPOWUYJZLOTUMITOIFUSFOGYGTZGSORAYVEREVBITUFBTTVLPTUERRFHUALILFKWNBRXFATWALICDDEPNOCCUWXGSFOLDHJMGOYBKNNDKEMSANDASAMOI
SYNTHETIC_P06	7	-2808.3556242	-2826.3102697	MUCCKAI	ROFFSGFITYUARXMJVGSFKSSJSCTMOVSUMWEETBHQUNLKAZENJLQTRXDPLVMBFGNOPWWUYJZDOTUMITEIFUSFOLYGTZGSERAYVERJVBSTUFRTTKLPTUARRFHUATILFKDNKRXFAOWILICDFTPNOCCQNXGSFOAIDJEGOURSNDDKGESANDWIAMOI
SYNTHETIC_P06	7	-2812.26779652	-2830.22244202	MUCMCAY	ROFASGKITYEARNMJVBSFOSSJCCTDOVSURWJETBHJUDLKAZINBLQTRPDFLVMJJGNOPWGUYJZDOTUMATEIFUSVOLYBTZXSERKYVVRJVJETIFRTDDLETUALRFMUATTLFADNKRXFFOWILICTFTPNOCHQNXGSFEAIDEIGOURSXVDKGESINDWIAWOI
SYNTHETIC_P06	7	-2820.74535465	-2838.70000015	MECMKGC	ROFASDIITYEAXRMEVBSCASCJCCZGOVSUMWHETBHQUHLFAZENMLATRXDJLVMJFDNOPWGUEJZLOTUZZTOIFUZYOGYBTZJSORKYVYREVJSTGFBTDKLITUALRSKUATTLKEDNKRXCDOWILIIXFEPNOMFQWXGSFIADDEEDOUBSXDJKGMSINAWSAWOO
SYNTHETIC_P06	7	-2823.48988724	-2841.44453274	WMAWKAS	GOGISGATTWOARHHAVJSFFCKJMCTWOVSUMWMETBHQUXGBBZENEVIRRXDZGVAEFGNYPUQUYJZHOTUMDTWIFUSPOCYJTZBSWRUYVORAVESTLFJTNKLYTUBGRFCUARDLFULNLRXFIYWGLICNAAPNOCKAEXGSFYIMEMEGOEJQHDDKBISDNDGAAGOI
SYNTHETIC_P06	7	-2823.68186474	-2841.63651024	SMCMCCY	IOFASFKPTYEATNJAVBSEOYKJCCVDOVSURWJETBHJUDIBAZINBRITRPDFIVMJJFNUPWGUAJZHOTULATWIFUUVOCYBTZXSWRKYVVRAVJETIFJTDDLETUALREMUATTLHAANKRXEFUWILIETYAPNOBHXEXGSFEKMDEIFOAJSXVFKDISINCCAAWOK
SYNTHETIC_P06	7	-2828.20395851	-2846.15860401	UECCCUO	HOFFSJCRTYUALDIEVGSIHACJSCNSOVSURWBETBHJUTHFAZINGTATRPDVHVMBJJNWPWWUSJZLOTUCFTOIFUMLOGYGTZDSORAYVKREVBETAFBTTDLUTUARRIEUATILZQMNKRXIRWWILIWIBEPNOFMYWXGSFUJDDJIJOCBSNVXKCMSANGESAMOC
SYNTHETIC_P06	8	-2805.91286707	-2826.43246193	UUWCUWIK	ETIETLKBRSSUBNXCUSSAKACVILDUZQHIMVIEHMQCAVAHJTEANASEYIEMAMCIZNLMVKARIZNJJVFRTYSUZYSOVAUBBDXYSHQIORTHPHCUZPFZTNJKUOGRIAJHUBNIKALIHXSDERIVBKIFOLISPTESHERISECTSHIPPGIBXPZJLTTTQMAODGOY
SYNTHETIC_P06	8	-2808.36431313	-2828.88390799	CUWKUWIK	ATIATLKBZSSCBNXCUSSOKACVILDDZQHIIVIAHMQCIVAPJTEAMASAYIEMJMCQZNLMVKARIZNJJVFRTYSUZYSOVAUBBDXYSHQIORTDPHCUZPFHTNJKUOGMIAJHUBNRKALIRXSMERIVIKINOLISPTESHERISECTSHIPPGIKXPZJLTTBQMAOMGWY
SYNTHETIC_P06	8	-2808.6538372	-2829.17343206	SUEKMOEY	FTEATCMHPSACBFTQUSSOBEEVILDDRIDIAVEALDQUYVIPJLEPEASAYMGFZMCQZNHAVKJRSFNCJVNRKRSIZYSOVEUHBDXYSZQWORTDPLEUZPFHTFFKUOCMMELAUBVRKSHWIXSMIRKVZKINGLESPTASLICBSEKTKZFDPGEKXPZOLTBBQMADEGMY
SYNTHETIC_P06	8	-2808.74341393	-2829.26300878	UUYKUWIK	ETHATLKBRSUCBNXCUSSOKACVILDDZQHIMVHAHMQCAVCPJTEANASAYIEMAMCQZNLMVKMRIZNJJVHRTYSUZYSOVAUBBDXYSHQIORTDPHCUZPFHTNJKUOFMIAJHUBPRKALIHXSMERIVBKINOLISPTPSHERISEFTSHIPPGHKXPZJLTVBQMAODGOY
SYNTHETIC_P06	8	-2809.40123558	-2829.92083044	WUEKMOEK	DTEATCMBTSACBFTCUSSOBEEVILDDRIDILVEALDQCCVIPJLEACASAYMGMDMCQZNHMVKJRSFNJJVNRKRSUZYSOVEUBBDXYSZQIORTDPLEUZPFHTFFKUOCMMELHUBVRKSHIGXSMIRKVDKINGLESPTASLICISEKTKZFPPGEKXPZJLTBBQMAOCGQY
SYNTHETIC_P06	8	-2811.52709389	-2832.04668875	KUEKMOEC	JTEATCMFHSACBFTUUSSOBEEVILDDRIDIEVEALDQGQVIPJLESIASAYMGDRMCQZNHEVKJRSFNAJVNRKRSMZYSOVEUFBDXYSZQAORTDPLEUZPFHTFFKUOCMMELLUBVRKSHAMXSMIRKVRKINGLESPTASLICMSEKTKZFHPGEKXPZALTBBQMAGIGEY
SYNTHETIC_P06	8	-2813.78626442	-2834.30585928	KMWKUWMU	JTIATLITHSSCBNBNUMSOKAAVICDDZQLIEVIAHMQKQVAPJTEKIESAYICHRECQZNPWVBARIZNEJNFRTYSEZYSOVAUJBDXYSHQSORTDPHTUZPFHTNMKUOGMIAHCUBNRKAPSMXSMERGVRKINOLMSPTESHELDSECTSHNZPKIKXPZELLTBQMAYIKEQ
SYNTHETIC_P06	8	-2813.82651997	-2834.34611483	KMEKMOEY	JTEATCMHHSACBFTQUMSOBEEVICDDRIDIEVEALDQUQVIPJLEPIESAYMGFRECQZNHAVBJRSFNCJNNRKRSIZYSOVEUHBDXYSZQWORTDPLEUZPFHTFFKUOCMMELAUBVRKSHWMXSMIRKVRKINGLESPTASLICBSEKTKZFDPKEKXPZOLLBBQMADIKEQ
SYNTHETIC_P06	8	-2814.25564432	-2834.77523918	UUWCUEME	ETIETHIERSSUBVBWUSSAKJAVILDUZYLIMVIEHIQFAVAHJBEUNASEYECCAMCIZNPGVKARIKNMJVFRTHSOZYSOVJUEBDXYSPQCORTHPDTUZPFZTVMKUOGRIJHKUBNIKIPCHXSDERGVBKIFOLMSPTESHALLSECTSPNJPGIBXPZMLTTTQMAIDGOY
SYNTHETIC_P06	8	-2815.83638	-2836.35597486	UUWIYOES	ETIBTCMKRSSABFTKUSSKIEEVILDADIDIMVIBFDQLAVANJLEINASBYMGIAMCOZNHUVKARGFNOJVFRXRSDZYSOVEUKBDXYSZQQORTEPLEUZPFFTFFKUOGAGELDUBNPKSHQHXSACRKVBKILSLESPTESFICESECTWZFXPGILXPZFLTTZQMAWDGOY
SYNTHETIC_P06	9	-2800.97487068	-2824.0594149	CWIMOEMOM	FTBAWMABLYSEFBVAHSAUHABOYHIDOMHMJDIIXFUORUIFDJSECLILLDDKJPDENEPEZKOJYVMJUZZFIXTFYIEVELZNTBEARNWORTVZAGUCCZPFACTUORLLYMTACVBDVKKRGMKMLZCEXOLIGHKMTEBRICHWASFPSNPNTUBMPZODIGQZMQMAIWCA
SYNTHETIC_P06	9	-2805.49215221	-2828.57669643	CQCMWEMOM	FTEAWMABLYSYFBVAHSAMKAKOYHIDJGHUJDIIXIUORUIFDJMECLILLDDAMPMENEPETEORYVMJUZZFEXTFYIEVETZNTBEDRNWORTVZUGUCCZPFAFTUORLLYMNACVBDVKKRJMGMLZCEXILIGHKMTHERECHWASFJSVPNTUBCPZODIGQZGQMAIWCA
SYNTHETIC_P06	9	-2808.30180836	-2831.38635257	MQUMWUMKM	ATIAWEADLISQFBLADSIMBAKOYJIDJYHUJDEIXIUORUIHDJMECLILHDLADPMJNGPOTWOROVIJUZZFEXTHYIEVETZNPBMDRNWERTVJUGUCTZPFIFTUORLAYWNACVBDRKFRAMGELZCOXALIWHKMTHIREHHEASFBSVFNOUJCPZOIIIQJGQMAYWYA
SYNTHETIC_P06	9	-2811.01497746	-2834.09952167	CWKUYUMUW	FTATWEALGYSGMBLANCAUGJJOYEDDOOPWJDOSXFUERUICLJSELLILRNDKIPLJNBPEZMOTOVSJUZZBDXTZYIEVMVZNYBEARNWERTVZAGUCTZPFACTUORLIYMTACVBDBKKRFIFELZKEXQLIWHKWTEARDHHMISFRSXFNYEBMPZOIIDQZMQMAYWIA
SYNTHETIC_P06	9	-2815.61386967	-2838.69841388	CQCMWUMKM	FTEAWEADLYSYFBLADSAMKAKOYJIDJGHUJDEIXIUORUIHDJMECLILHDDAMPMJNGPETEOROVIJUZZFEXTHYIEVETZNPBEDRNWERTVZUGUCTZPFAFTUORLAYMNACVBDRKKRJMGELZCEXILIWHKMTHEREHHEASFJSVFNOUBCPZOIIIQZGQMAYWYA
SYNTHETIC_P06	9	-2816.11104584	-2839.19559005	YQKAWESOM	HTAGWMKBLUSGTBVGHSCMGGKOYHIDJOVUJDIIXIUBRUFFDJMERLIRLDFAIPMENEPATMORYVMJUZZLEXKFYIEVSTZSTBGDRNWORTVVUGUCCZPFCFTUORRLYINACVBIVKMRFFGMIZCAXQLIGNKMTHARECEWASFRSVPTTUDCPZODOGQVGQMAIDCA
SYNTHETIC_P06	9	-2816.31847095	-2839.40301517	CWMEKUSOM	FTMEWEKBLYSIXBLGHSAUFEDOYHIDOQZIJDIIXFUMRUFFDJSEVLIRLDDKHPFJNEPEZOOFOVMJUZZYKXKFYIEVXHZSTBEARNWERTVZAGUCTZPFACTUORRLYMTACVBIVKKREDMEIZCEXSLIWNKMTEMRKHEWASFTSJFTTUBMPZOIOGQZMQMAYDCA
SYNTHETIC_P06	9	-2818.75299025	-2841.83753446	IKKMOEMOM	CTAAWMABLESGFBVAHSKCGABOYHIDDOHMJDIIXQUORUIFDJHECLILLDADIPDENEPKNMOJYVMJUZZFIXTFYIEVELZNTBBGRNWORTVFOGUCCZPFKITUORLLYSHACVBDVKHRFMKMLZCKXQLIGHKMTKARICHWASFRSNPNTUPFPZODIGQEAQMAIWCA
SYNTHETIC_P06	9	-2820.15688324	-2843.24142746	CWMEIESOM	FTMEWMKBLYSIXBVGHSAUFEEOYHIDOQZGJDIIXFUMRUFFDJSEVLIRLDDKHPGENEPEZOODYVMJUZZYPXKFYIEVXEZSTBEARNWORTVZAGUCCZPFACTUORRLYMTACVBIVKKREDAMIZCEXSLIGNKMTEMRLCEWASFTSHPTTUBMPZODOGQZMQMAIDCA
SYNTHETIC_P06	9	-2820.16031742	-2843.24486164	YQKUYUMKM	HTATWEADLUSGMBLADSCMGJJOYJIDJOPWJDEIXIUERUIHDJMELLILHDFAIPLJNGPATMOTOVIJUZZBDXTHYIEVMVZNPBGDRNWERTVVUGUCTZPFCFTUORLAYINACVBDRKMRFIFELZCAXQLIWHKMTHARDHHEASFRSXFNOUDCPZOIIIQVGQMAYWYA
SYNTHETIC_P06	10	-2779.75216007	-2805.40165365	MKOKUCAWCM	ASMEOFIGGLISLDBSPOILADHYEAIHURRENJDWXBFSUOFEDNAXEMKJNHLRNCIEYKVCYDFZNIUJJBJDJRBOSJVYUTZXUSBDWZSNRVZVTCETHAWOMATAPLAVAINIVILEDYEXERDRGCQSDWILHOPTPSEPDHQDWGSFGTBXTKDKZOSDMKLJKAQMAAMA
SYNTHETIC_P06	10	-2787.4747014	-2813.12419498	EUCAMOQWCM	ESFWOMAGGLASZSBEFOILELAYIHAHURJOBJDINBFSUOLJHNFXEMKJBXDRDCIEYFVHYKKZNIUTJRJPZRBOSEVYUMZXUSBDWZSYRVZVTKKTLHWOMATKDLSHAINIVNEWHYJXERDAUTISTWILLEPTPSJPDHIMWGSFWTBXTFJCZOSDMKLTYQQMAAMA
SYNTHETIC_P06	10	-2788.49726677	-2814.14676034	MKOKYOQWCM	ASMEOMAGGLISLDBEFOILADHYCHAHURRENJDINBFSUOFEBNFXEMKJNHPRDCIEYKVCYKKZNIUJJBJPZRBOSJVYUMZXUSBDWZSYRVZVTCETFHWOMATAPLEHAINIVILEBYJXERDRGCUSTWILHOPTPSJPDHQDWGSFWTBXTKDKZOSDMKLJKAQMAAMA
SYNTHETIC_P06	10	-2789.88107443	-2815.530568	EKOKUUAACE	ESMEOJIEGCASLDBKPSIDEDHYEEIFURJENJDOXFFSUOFEDNAXEDKJNHLRNCIWYKVCYHFZNMUJJBJVJRBGSJVYUJZKUSBDWZSERYZVTCETHEWOMETAPLANAINAVILEDYEXERDRGCQSDWILLOPTPSEPDLIDWGSFGTBPTKDKZOSBMBLJKAQMAEMS
SYNTHETIC_P06	10	-2792.19711304	-2817.84660661	MKOKUCSICM	ASMEOFMAGLISLDBSHAILADHYEAMBURRENJDWPNFSUOFEDNEXEMKJNHLRFCIEYKVCYDJZNIUJJBJDBRBOSJVYUTZGUSBDWZSNRGZVTCETHAWOMATAPLAVAINIVILEDYIXERDRGCQSVWILHOPTPSIPDHQDWGSFYTBXTKDKZOSKMKLJKAQMAMMA
SYNTHETIC_P06	10	-2792.81676483	-2818.46625841	MEQAMOQWCM	ASTWOMAGGLISMSBEFOILAGGYIHAHURRYPJDINBFSUOEJHNFXEMKJPXDRDCIEYAVHYKKZNIUDJRJPZRBOSMVYUMZXUSBDWZSYRVZVTFDTLHWOMATURLSHAINIVLKWHYJXERDLITISTWILHMPTPSJPDHQWWGSFWTBXTACCZOSDMKLDMQQMAAMA
SYNTHETIC_P06	10	-2795.94230032	-2821.59179389	EKAKYOQMCE	ESGEOMALGCASXDBEFEIDEDBYCHAMURJEZJDINRFSUOZEBNFXEDKJYHPRDCIWYKVCYKKZNMUJJBJPZRBGSJVYUMZEUSBDWZSYRKZVTCLTFHWOMETABLEHAINAVIFEBYJXERDRSCUSTWILLOPTPSJPDLIDWGSFWTBPTKKKZOSIMBLJWAQMAQMS
SYNTHETIC_P06	10	-2796.25338125	-2821.90287483	EUSKSOQWCM	ESKEOMAGGLASPDBEFOILELFYFHAHURJORJDINBFSUODEENFXEMKJRHJRDCIEYFVCYKKZNIUTJBJPZRBOSEVYUMZXUSBDWZSYRVZVTKCTIHWOMATKTLYHAINIVNSEEYJXERDALCOSTWILLEPTPSJPDHIMWGSFWTBXTFBKZOSDMKLTOAQMAAMA
SYNTHETIC_P06	10	-2798.66172028	-2824.31121385	EKMASOQGCE	ESAWOMABGCASJSBEFYIDEDIYFHASURJELJDINKFSUOGJENFXEDKJLXJRDCIWYKVHYKKZNMUJJRJPZRBGSJVYUMZHUSBDWZSYREZVTCFTIHWOMETANLYHAINAVIMWEYJXERDRETOSTWILLOPTPSJPDLIDWGSFWTBPTKECZOSLMBLJIQQMAKMS
SYNTHETIC_P06	10	-2798.94708252	-2824.59657609	EKKWSWQMCE	ESBLOTALGCASHPBNFEIDEDJYFDAMURJEJJDQNRFSUOHWENFXEDKJJSJRDCIWYKVJYGKZNMUJJNJXZRBGSJVYUIZEUSBDWZSGRKZVTCGTIDWOMETALLYPAINAVIALEYJXERDRCOOSTWILLOPTPSJPDLIDWGSFWTBPTKFEZOSIMBLJGMQMAQMS
SYNTHETIC_P06	11	-2744.72213697	-2772.93657991	IGSSWWQMYOC	BTAFTKJBFHEETPLANEEFMAHOFMHJRDVTEHIDNTBETBGJJNBSHATCRVMZRECCPCTYNEINFKUBZYPDFRQQVSGJEVHYSYIEWORAVPSZUOWGVDLZPFORRSACZIKBNBDVBMDKRANDEYLOATHHOITCKTTOOLEDGWFDFGFIPEDFORDIDPZLKUEQJACK
SYNTHETIC_P06	11	-2749.50920343	-2777.72364637	IGSSWCIMYOC	BTAFTHABFHEETPLATWEFMAHOFMHGRDVTEHIDNTHETBGJJNBSHKTCRVMZRECCVCTYNEINFKULZYPDFRQQVSMJEVHYSYIEWORAVPSZUOWGVDLZPFORRSAMZIKBNBDVBMJKRANDEYLOATLHOITCKTTOODEDGWFDFGFFPEDFORDIDPFLKUEQJACK
SYNTHETIC_P06	11	-2753.12572861	-2781.34017154	IGSSWWSMYUE	BTAFTKIBFEDETPLANGEFSCHOFMHJRDVTSHIDNTBETBGKJNBSHATCRVLZRECCPCTYNGINFKUBZYPAERQQVSGJEVNASYIEWORAVPSZUOWGVDLZPFORRSACZIKLNBDVBMDKRATDEYLOATGHOFTCKTTOONEDMWFDFGFIPEDCORDIDPZLKUKQJACK
SYNTHETIC_P06	11	-2753.45803642	-2781.67247935	IGSSWCIIMUE	BTAFTHADLEDETPLATWATSCHOFMHGRFVTSHIDNTHETBGKJNBSHKTERVLZRECCVCPYNGINFKULZYPAERQQVSMJEVNASYIEWORCVPSZUOWGVDHZPFORRSAMZKDLNBDVBMJKNOTDEYLOATLNIFTCKTTOODBQMWFDFGFFPGJCORDIDPFLGIKQJACK
SYNTHETIC_P06	11	-2753.67966795	-2781.89411088	IGSSWCAMYUE	BTAFTHEBFEDETPLATOEFSCHOFMHGRDVTSHIDNTHETBGKJNBSHKTCRVLZRECCVCTYNGINFKULZYPAERQQVSMJEVNASYIEWORAVPSZUOWGVDLZPFORRSAMZIKLNBDVBMJKRATDEYLOATCHOFTCKTTOOVEDMWFDFGFFPEDCORDIDPFLKUKQJACK
SYNTHETIC_P06	11	-2754.79660225	-2783.01104518	IGSSWWQQGEE	BTAFTKJMBODETPLANEINDCHOFMHJRBVTSHIDNTBETBGKJNBSHATARVLZRECCPCXYNGINFKUBZYPIERQQVSGJEVXASYIEWORLVPSZUOWGVDPZPFORRSACZGGGNBDVBMDKVIDDEYLOATHFLATCKTTOOLIKWWFDFGFIPCMKORDIDPZLOCUQJACK
SYNTHETIC_P06	11	-2755.98930264	-2784.20374557	IGSSWWQQCOC	BTAFTKJMRHEETPLANEIIMAHOFMHJRBVTEHIDNTBETBGJJNBSHATARVMZRECCPCXYNEINFKUBZYPDFRQQVSGJEVHYSYIEWORLVPSZUOWGVDPZPFORRSACZGIBNBDVBMDKVENDEYLOATHFAITCKTTOOLIGGWFDFGFIPCBFORDIDPZLOYEQJACK
SYNTHETIC_P06	11	-2758.05049229	-2786.26493522	EWESWWSMWAC	DTHFTKIBGBEATBLANGEDYAJOMMHJRDVTEDIDNTBETBGJLNISHATCRVMVRQCCPCTYNEKNOKUBZYPKFNQDVSGJEVTYSYCEWORAVPSZUAWGVDLZPFORRSACZILINBDVBMDKRYZDGYFOATGHDCTYKFTOONEASWHIMGFIPEEMONTUDPZLKSQQLFYA
SYNTHETIC_P06	11	-2758.62465668	-2786.83909961	EWWUUQWGEUW	DTWETAGECEHATSNAHKYLSUJODLIMRGVTHDIDPRVETBGDLNMSIDTFRVCVRICAJCNYNYKNDJUEZYPAINQUXSAJEVNSSYGDWORDVPSZUSYGVDFZPFORRSBFZLHLNBDVBKXKLGTDGYJOBTEKMFTYKXTMORYIMWHIDPGLPHACONTMENTLEAKQLFYA
SYNTHETIC_P06	11	-2758.72491837	-2786.9393613	IWECWOQMYOC	BTHATBJBFHEETBVAFEEFMAHOMHHARDVTEHIDXTTETBGJJNISHETCRVMZRQCCHCTYNEINOFUZZYPDFRQDFSZJEVHYSYCMWORAVPSZUAGGVDLZPFORRSAGZIKBNBDVBMVKRANDEYFOATHHOITCKFTOOLEDGWFIMBFMPEDFORTUNPRLKUEQJFCA
SYNTHETIC_P06	12	-2664.0863266	-2694.86571889	UEKMUEEAUUKQ	JHJAVCFEEIBARSHEBUSTASILVDCLWVTSHALMDZHQETAHAUOUBEVLVNAKJNGHBWDSZMGDWPELYAFACYDBVYUTIEUERZFEADWYPSTBYECOMEITZPFITVELAMAISHIFHXDRERZACKCERSGXALISRAMNWEDEAWBGSERTTOFEDSTMCMSINBESAWOM
SYNTHETIC_P06	12	-2667.86214495	-2698.64153724	QEKMQMGAUUKQ	THJAVLEEEIBAMSHEBCUTASILVDCLWVTSHALMDZHQETAHAUOUYEVLVNMKJNGHWWDSZMIDWPELYAFAEYCBVYUTIEUENZHEADWYPSTBYABOMEITZPFITDGLAMAISHIFJXCRERZACKCENSIXALISRAMNBACEAWBGSERTOWHEDSTMEMSINKASAWOU
SYNTHETIC_P06	12	-2670.20536995	-2700.98476224	QESMWMGAUUKS	THFAVLEEEIBMMSPEBCUTASINVDULWVTSHALLDZOQETAHAUOWYEVLVNMKJNGGWWDSZMIDWPENYABABYCBVYUTIEUETZHEADWYPSTBYABOMEITZPFITDGLAMAISHEFGXCRERZMCKKETSIXALIURAINLACEAWBFSEZTUWHEDSTOEMSINKASAWOU
SYNTHETIC_P06	12	-2671.13319397	-2701.91258626	QEKMKCEAUUKQ	THJAVDFEEIBAMSHEBSSTASILVDCLWVTSHALMDZHQETAHAUOUYEVLVNAKJNGHWWDSZMGDWPELYAFAHYDBVYUTIEUEHZFEADWYPSTBYFCOMEITZPFITTELAMAISHIFMXDRERZACKCEHSGXALISRAMNETDEAWBGSERTINFEDSTMEMSINCASAWOK
SYNTHETIC_P06	12	-2671.86216164	-2702.64155393	UCIMGMGAUUKS	JIKAVLEEEIBMRSFEBCUTASINVEDLWVTSHALLDXFQETAHAUOWBFVLVNMKJNGGBUDSZMIDWPENYBGAJYCBVYUTIEUEDZHEADWYPSTBYABOMEITZPFITDGLAMAISINFBXCRERZMCIBEDSIXALIURBANGACEAWBFSEPTEWHEDSTOCASINKEQAWOU
SYNTHETIC_P06	12	-2673.05578423	-2703.83517652	QEKMSCCAUMYQ	THJAVDGEESHAMSHEBSQTALWLVDCLWVTSHEEMDZHQETAHAUCUYEVLVNPKJNMHWWDSZMFDWPSLYAFADYEBVYUTIEUEPZDEADWYPSTBYFDOMIBTZPFITTCLAEAISHIFIXERERZACKCEPSEXALISRAMNATEEADHGSERTQNDEDLHMEMSINCASAWOK
SYNTHETIC_P06	12	-2673.31835985	-2704.09775214	QEKMSCCAUUKQ	THJAVDGEEIBAMSHEBSQTASILVDCLWVTSHALMDZHQETAHAUOUYEVLVNPKJNGHWWDSZMFDWPELYAFADYEBVYUTIEUEPZDEADWYPSTBYFDOMEITZPFITTCLAMAISHIFIXERERZACKCEPSEXALISRAMNATEEAWBGSERTQNDEDSTMEMSINCASAWOK
SYNTHETIC_P06	12	-2674.89387178	-2705.67326407	KCIMGEEAUUKS	BIKAVCFEEIBMHSFEBUSTASINVEDLWVTSHALLDXFQETAHAUOWGFVLVNAKJNGGRUDSZMGDWPENYBGAJYDBVYUTIEUEDZFEADWYPSTBYECOMEITZPFITVELAMAISINFBXDRERZMCIBEDSGXALIURBANGEDEAWBFSEPTEOFEDSTOHASINBUQAWOM
SYNTHETIC_P06	12	-2677.56247616	-2708.34186845	UEKMUEEOMMKI	JHJAVCFKISBERSHEBUSHSLIDVDCLWVTSLELDDZHQETAHSUOMBEVLVNADANGLBWDSZMGROPEDYAFACYDHVYUTIEUERZFSADWYPSTBYECOWIITZPFITVELTEAISHIFHXDRIRZECKCERSGXSLIKRAMNWEDKXDBKSERTTOFSULTECMSINBESAWOM
SYNTHETIC_P06	12	-2678.27761412	-2709.05700641	QEKMUWUAUUKQ	THJAVGKEEIBAMSHEBMITASILVDCLWVTSHALMDZHQETAHAUOUYEVLVNFKJNGHWWDSZMWDWPELYAFACYIBVYUTIEUERZVEADWYPSTBYTHOMEITZPFITMULAMAISHIFHXIRERZACKCERSWXALISRAMNWIIEAWBGSERTTGVEDSTMEMSINFASAWOE
SYNTHETIC_P06	13	-2728.71162987	-2762.05597151	WAMQEGUUUOCGK	WOAAREREITHESSTIJAWIMANBAAGJVTSRAQKHDEOSEFSBGBUYTICFNPELLYFLUEDCZYMPSHOPPVNIXJDIYUTJXKSERNEWEBCWYSFRMYUGOATUMBRSYGLLWDTAIPDBDUASNKVLBOJTFNEIFMSICHLESNOOGGYXEDAHXPCESOMANLFTKFQKQMBK
SYNTHETIC_P06	13	-2730.7652874	-2764.10962905	WAMQEGUUUOKWK	WOAAREREITDJSSTIJAWIMANJQAGJVTSRAQKHMJOSEFSBGBUYTISFNPELLYFLUEMHZYMPSHOPPVNINJDIYUTJXKSERNEWEBCWYSFRMYUGOATUMBRSYGHOWDTAIPDBDUAACKVLBOJTFNEIBESICHLESNOOGOOXEDAHXPCESOIFNLFTKFQKQMBA
SYNTHETIC_P06	13	-2732.9938612	-2766.33820285	WAMGAOWUYOCGK	WOAFRAGEGTHESSTIZAELMENBAAGJVTSRMQIHDEOSEFSBGDUCTICFNPEDAYELUEDCZYMPIDORPVNIXJDIYUTFXKSERNEWEBCWYSFRMYUGOATUBKRSYGLLWDTAILLBDUASNKVLBOLTENCIFMSICHLASPOSGGYXEDAMXIBESOMANLFJKMSKQMBK
SYNTHETIC_P06	13	-2733.73101902	-2767.07536067	WAMOAWAUUOCGK	WOABRJEEITHESSTIHAMPMANBAAGJVTSRKQKHDEOSEFSBGHUYTICFNPEMAYCLUEDCZYMPQDOVPVNIXJDIYUTBXKSERNEWEBCWYSFRMYUGOATUBGRSYGLLWDTAILTBDUASNKVLBOLTCNEIFMSICHLASTOOGGYXEDAIXEMESOMANLFRKUWKQMBK
SYNTHETIC_P06	13	-2735.63735485	-2768.9816965	WAMQEIAUUOKWK	WOAARDEEITDJSSTIJAYPMANJQAGJVTSRKQKHMJOSEFSBGHUYTISFNPELLYCLUEMHZYMPSHOVPVNINJDIYUTIXKSERNEWEBCWYSFRMYUGOATUMARSYGHOWDTAIPFBDUAACKVLBOJTCNEIBESICHLESTOOGOOXEDAHXLMESOIFNLFTKGWKQMBA
SYNTHETIC_P06	13	-2737.08483648	-2770.42917813	WSSAEGUUUOCYK	WOKIREREITHISSTOTAWIMANBSAGAVTSRAQKHDIOSWFSBGBUYTIUFNPXGLYFLUEDGZYMUCHOPPVNIPJDMYUTJXKSERNEWWBCWYSFRMYUGOETUMBRSYGLCWDLAIPDBDUASFKVCLOJTFNEIFDSIUNLESNOOGGQXEHKCXPCESOMENDLDKFQKQMBC
SYNTHETIC_P06	13	-2743.77789783	-2777.12223948	CKEQEIAUUOKWK	IOEARDEEITDJSZTAJAYPMANJQADEVTSRKQKHMJOYOFSBGHUYTISFNPILLYCLUEMHZYMHSHOVPVNINJODYUTIXKSERNEDOBCWYSFRMYUGAITUMARSYGHOWIDAIPFBDUAACKVGFOJTCNEIBESIMZLESTOOGOOXBLEHXLMESOIFTVXTKGWKQMBA
SYNTHETIC_P06	13	-2744.42441607	-2777.76875771	WAMQEGUUUOAQK	WOAAREREITIMSSTIJAWIMANZKAGJVTSRAQKHEMOSEFSBGBUYTIMFNPELLYFLUEEKZYMPSHOPPVNIHJDIYUTJXKSERNEWEBCWYSFRMYUGOATUMBRSYGMGWDTAIPDBDUAQXKVLBOJTFNEIGHSICHLESNOOGEIXEDAHXPCESOAINLFTKFQKQMBU
SYNTHETIC_P06	13	-2745.36141205	-2778.7057537	WAMOAOUUCGEYK	WOABRAREEDGISSTIHAEIMIEDSAGJVTSRAQGLCIOSEFSBGBUGLIUFNPEMAYFLUICGZYMPQDOPPVFIPJDIYUTFXKSIRNEWEBCWYSFREYUGOATUBKRSYKKCWDTAILLBDUAUFKVLBOLTFNAMEDSICHLASNOWYIQXEDAIXICESOLENLFRKMQKQMBC
SYNTHETIC_P06	13	-2747.20769978	-2780.55204142	WAIWGIAUUOCGK	WOCKRDEEITHESSTEPAYPMANBAAGJVTSRKQKHDEOSEFSBGHUYTICFNPGIKYCLUEDCZYMLYJOVPVNIXJDIYUTIXKSERNEWEBCWYSFRMYUGOATULARSYGLLWDTAIRFBDUASNKVLDOITCNEIFMSICDLGSTOOGGYXEDCEXLMESOMANLBZKGWKQMBK
SYNTHETIC_P06	14	-2640.62634754	-2676.53563855	QUUCIAOAIIAKCY	GTVDUEOFCEHASONSQUARDSOHYEBMTSRXMUHEUKZENNETAHOUTFIFFBLJDPLGYESMNKGULASPPXVZJRIIJQABUIYDNWHETVPATITFQAYULFHVDJZPNZEIVALJNHEFERVALILFQYCOTCYTHIRPRNCTBAKEFCUNWHTFUSHSBPLWEESANDAIAMOI
SYNTHETIC_P06	14	-2644.71376419	-2680.6230552	QUUCIAOACUGKCY	GTVDUEOFFLEASONSQUARDSITEEBMTSRXMUHEUEZENNETAHOUTFIRFBLJDPLGYESMNEDULASPPXVZJRIUPQABUIYDNWHETVPATITFQAYULFHVDJZPNZEIVALJNBBFERVALILFQYCAZCYTHIRPRNCTEHHEFCUNWHTFUSBEHPLWEESANDAIAMOI
SYNTHETIC_P06	14	-2647.36286974	-2683.27216074	QUUCIAOACUAUCY	GTVDUEOFFLHISONSQUARDSITYOBMTSRXMUHEUEZMNNETAHOUTFIRFLLJDPLGYESMNEGULASPPXVZJRIUJQABUIYDNWHETVPITITFQAYULFHVDTZPNZEIVALJNBEAERVALILFQYCATMYTHIRPRNCTEHKMFCUNWHTFUSBEBZLWEESANDAIAMOI
SYNTHETIC_P06	14	-2648.15725899	-2684.06654999	WUUCIAOACUGKEO	DTVDUEOFFLEASOTSQUARDSITEEBMTSRXMUHEUEZENNETAHOUTFIRFBLJAPLGYESMNEDUKFYPPXVZJRIUPQCRUIYDNWHETVPATATFQAYULFHVDJZPNZEIVALJNBBFDRVALILFQYCAZCATEIRPRNCTEHHETHANWHTFUSBEHPMMBESANDGIAMOI
SYNTHETIC_P06	14	-2649.83375454	-2685.74304554	WUUCIAOAMUSKEO	DTVDUEOFALLASOTSQUARDSSTQEBMTSRXMUHEUEZENNETAHOUTFIRFBLJAPLGYESMNEKUKFYPPXVZJRIUBQCRUIYDNWHETVPATATFQAYULFHVDJZPNZEIVALJNBIFDRVALILFQYCALCATEIRPRNCTSHBETHANWHTFUSKETPMMBESANDGIAMOI
SYNTHETIC_P06	14	-2651.6505003	-2687.5597913	WUUCIAOACUAUIO	DTVDUEOFFLHISOTSQUARDSITYOBMTSRXMUHEUEZMNNETAHOUTFIRFLLJAPLGYESMNEGUIFYPPXVZJRIUJQGRUIYDNWHETVPITATFQAYULFHVDTZPNZEIVALJNBEABRVALILFQYCATMETEIRPRNCTEHKMCHANWHTFUSBEBZRMBESANDGIAMOI
SYNTHETIC_P06	14	-2653.64164066	-2689.55093167	WUUCIAOACCGKMG	DTVDUEOFFHEASOTSQUARDSIBEEBMTSRXMUHEUAZENNETAHOUTFIZFBLJAPLGYESMNODUGJYPPXVZJRIDPQKJUIYDNWHETVPATETFQAYULFHVDJZPNZEIVALJNKBFMRVALILFQYCIZCITEIRPRNCTEDHEALANWHTFUSBMHPVEBESANDGIAMOI
SYNTHETIC_P06	14	-2654.32762861	-2690.23691962	QUUCIAOAMUSCIY	GTVDUEOFALLESONSQUARDSSTQWBMTSRXMUHEUEZWNNETAHOUTFIRFSLJDPLGYESMNEKUIASPPXVZJRIUBQGBUIYDNWHETVPETITFQAYULFHVDBZPNZEIVALJNBIXBRVALILFQYCALVETHIRPRNCTSHBICCUNWHTFUSKETHRWEESANDAIAMOI
SYNTHETIC_P06	14	-2656.23464775	-2692.14393876	QUUCIAOCMUAKCY	GTVDUEOEALHASONSQUARDUSTYEBMTSRXMUHDUEZENNETAHOUTHIRFBLJDPLGYESLNEGULASPPXVZJTIUJQABUIYDNWHDTVPATITFQAYULHHVDJZPNZEIVALINBEFERVALILFQACATCYTHIRPRNCTSHKEFCUNWHTFUSKEBPLWEESANDAIAMOI
SYNTHETIC_P06	14	-2656.84686327	-2692.75615427	QUUCIAOACQKUIY	GTVDUEOFFACISONSQUARDSIPIOBMTSRXMUHEUGZMNNETAHOUTFINFLLJDPLGYESMNGBUIASPPXVZJRIQTQGBUIYDNWHETVPITITFQAYULFHVDTZPNZEIVALJNYMABRVALILFQYCXDMETHIRPRNCTEJFMCCUNWHTFUSBALZRWEESANDAIAMOI
SYNTHETIC_P06	15	-2738.63333511	-2777.10757548	WMEGEEUUAECWCCW	IVCERMITIFEHOUASTAYBUINHCARANCXKFORFOCWLNNJEHBHKVIIJRFVLJAYMRSZKOEKZZJPMTZYVKJWIFCQYGTHIFVGAVPSEUYTCOLONITRHVDDYPFATMDLCYLICCOHZIYUDYTECTWYBSXWGKJZXKXLAMPBEFACKOHAMQXRMENBLESGKUYSQ
SYNTHETIC_P06	15	-2751.45573092	-2789.92997128	WCAMUUKUACUGGCW	IVEBREATIGICOUASTWEBKYNHASBANCXCHOHKOCWMNNHEHBHGVZYJRFTLJEYMREZHOJCZZKPHTZYVBJCIVSQYETRIFVGFVPSJUYTDOGLNITHHVDTYPFYTWGLCYRKMHOMZIYULITECISERSNWGKJJAKXLFBJGJKACLOCOMQXHILDRBESEKEDSQ
SYNTHETIC_P06	15	-2755.70242739	-2794.17666775	YMEGEEUUAKUMUOU	HVCERMITICIMOUBUTAYBUINHISHANAXKFORFOCWNNNASSBHKVIIJRFALJSLLRSZKOEKZZGPETZYVKJWIFCQYMTXIFVFAVPSEUYTMODENJVRHVDDYPFGTCULAYLICCOHZIYUIBTFCTWYBSXWGKJPOKVKAMPBEFACHOSEGQZRMENBLESMKLQEQ
SYNTHETIC_P06	15	-2758.23076534	-2796.7050057	MMAIMUWUAKUMUSE	AVEDRESTICIMOUJITWABKLNHISHANKXKHOLKOCWNNNAJDBHGVRYJRFALJSOURSZJOJJZZGPETZYVKJYIVEQYMTXIFVRAVPSJUYTMODENEIRHVDTYPFGTCULKYLKBROGZIYUIBTPCTSAISZWGKJPOKEDABLKJEACHOSEEQNRIHVRNESMKLQIQ
SYNTHETIC_P06	15	-2761.51737976	-2799.99162012	EMWQQOQUACUGGES	EVGMRHKTIGICOUCATSIBEENHASBANYXKJOJAOCWMNNHDJBHCVVSJRFTLJEAIRSZFOMMZZKPHTZYVKJGIPYQYETRIFVCAVPSTUYTDOGLNKBRHVDMYPFYTWGLYYLMKJOJZIYULITGCTOINSTWGKJJAKTHADHIMHACLOCOLQFREPZLHESEKEDUQ
SYNTHETIC_P06	15	-2761.66111183	-2800.13535219	MCAQQOQUAGEMUWY	AVEMRHKTIEDMOUMITWIBEENHECHANEXCHOJAOCWKNNAHGBHGVVSJRFXLJSSOREZFOMMZZIPETZYVBJGIPYQYITXIFVRFVPSTUYTBODENHIHHVDMYPFCTCULEYRKKJOJZIYUIBTDCISINSTWGKJPOKZDFBHIMHACJOSECQNHIPZLHESIKLQMQ
SYNTHETIC_P06	15	-2762.64510822	-2801.11934858	MYUGEEUUAGEWMCE	AVHERMITIEDHOUJITQYBUINHECRANKXEKORFOCWKNNEEDBHAVIIJRFXLJKYURGZKOEKZZIPMTZYVXJWIFCQYITHIFVRHVPSEUYTBOLINEIDHVDDYPFCTMMLKYFACCOHZIYUDFTPCFMYBSXWGKJZGKEDHOPBEFACJOHIMQNDDENBLESIKUISQ
SYNTHETIC_P06	15	-2763.98387337	-2802.45811373	MISCCCWIWAUMUWY	AVIGRASCKHIMOUMITOUBSLADYSHANEXMLODGOIWANNAHGBHYVHGJFFRLJSSORBZMOFJZBLPETZYVHJSIDEQVCTXIFVRTVPSFUYTEODENHIMHVDBYPFWTCULEYABEDOGZKYUIBTDCPKUZSZWCKJPOKZDTFBCFEGEMOSECQNMABLZNSOCKLQMQ
SYNTHETIC_P06	15	-2765.73369694	-2804.2079373	MISCCCWYISCWUWY	AVIGRASHELEHOUMITOUBSLQPQARANEXMLODGOAWENNAHGBHYVHGJVFJLJSSORBZMOFJZICPMTZYVHJSIDEQHUTHIFVRTVPSFUYTIOLENHIMHVDBYPFOTMULEYABEDOGZEYUDBTDCPKUZSZWOKJZOKZDTFBCFELLDOHECQNMABLZNIAUKUQMQ
SYNTHETIC_P06	15	-2767.58441734	-2806.05865771	WMAIMSWMMUKMMKW	IVEDRFSACKAMOUASTWABILETSIHANCXKHOLLOGWDNNEAHBHGVRWJJFLLJKGMRSZJOKJZGYPETZYVKJYITEQLXTXIFVGAVPSKUYTHODINITRHVDRYPFQTCMLCYLKBROGZCYUIFTECTSAISZWSKJPGKXLABLKKEEPCOSINQXRIHVPNWFWKLIBQ
SYNTHETIC_P06	16	-2648.50492239	-2689.54411211	WUEUOCEOAKOIAIAI	KRFHOEEBHALOUYGETSANASSHGINDBMHGORFEZINGNXLBLTIRCVIZJZFFLIMERQNCTKKZEPXMZYSKIYHTJUMRMETYJFVAWZANYTRECALTHORASHAZZPERTSFKGCBIKEACAUOYMPLOCTIBELRNCLJXILESSOIBEBXHTFIFZOSHALLTAKQMASKY
SYNTHETIC_P06	16	-2650.00140715	-2691.04059687	WUEUOCEOAKOMGWAI	KRFHOEEBHALIUYGETSANASSHGINGBMHGORFEZINGNXLMYTIRCVIZJZFFLIMIWQNCTKKZEPXMZYSIFYHTJUMRMETYJFVECZANYTRECALTHORLCAAZZPERTSFKGCBIRSACAUOYMPLOCTIMBERNCLJXILESSOIFKPXHTFIFZOSHALLTAKQMASKY
SYNTHETIC_P06	16	-2661.80617809	-2702.84536781	WGMUICUUACOIGWCA	KRBHOEJLHELOUYFITSINASINGANDBMJYORBEZINDNXLBYTHRCVQZJZFLLIMEWQPCTEGZHPXJZYSKFYGGJGURGETEJFVACZCEYTREFADTHARACAMZZPERTSVKGVBIRSACAUOYCPDOCTIBBERNCLJXCLUSSOIBKPXHTPEFZOSEACLEIKQMAYKQ
SYNTHETIC_P06	16	-2662.48574114	-2703.52493086	WUEUOCEOAKOAIWGA	KRFHOEEBHALBUYTITSANASSHGINUBMMYORFEZINGNXLFHTFRCVIZJZFFLIMWZQTCTKKZEPXMZYSBEYEGJUMRMETYJFVSEZGEYTRECALTHOREBAKZZPERTSFKGCBITSACAUOYMPLOCTIFAERNCLJXILESSOITMPXHTFIFZOSHALLTAKQMASKY
SYNTHETIC_P06	16	-2663.75497866	-2704.79416838	WUEUOCEOAKOUCWAI	KRFHOEEBHALEUYGETSANASSHGINOBMHGORFEZINGNXLIKTIRCVIZJZFFLIMQTQNCTKKZEPXMZYSEHYHTJUMRMETYJFVMYZANYTRECALTHORHEAAZZPERTSFKGCBINSACAUOYMPLOCTIIDERNCLJXILESSOINGPXHTFIFZOSHALLTAKQMASKY
SYNTHETIC_P06	16	-2665.48140812	-2706.52059784	WGEMOCEOAKEIGWCA	KRFLOEEBHADOUYFITSAFASSHGIDDBMJYORFIZINGNXDBYTHRCVIRJZFFLICEWQPCTEKZEPXMZYSKFYGGJGMRMETYJFVACZCEYTRICALTHORACAMZZPEJTSFKGCBIRSACAUOFMPLOCTABBERNCLJOILESSOYBKPXHTPIJZOSHALLEACQMASKY
SYNTHETIC_P06	16	-2666.78398132	-2707.82317104	WGMUICUUACOIAIEQ	KRBHOEJLHELOUYEATSINASINGANDBMLOORBEZINDNXLBLTVRCVQZJZFLLIMERQQCTEGZHPXJZYSKIYFLJGURGETEJFVAWZEUYTREFADTHARASHLZZPERTSVKGVBIKEACAUOYCPDOCTIBELRNCLJXCLUSSOIBEBXHTPEFZOSEACLEIKQMAYKQ
SYNTHETIC_P06	16	-2667.74214983	-2708.78133955	WUEUOCEOAKEEWIAI	KRFHOEEBHADMUYGETSANASSHGIDYBMHGORFEZINGNXDDATIRCVIZJZFFLICANQNCTKKZEPXMZYSMKYHTJUMRMETYJFVWSZANYTRECALTHORCHHAZZPERTSFKGCBIHEACAUOYMPLOCTADGLRNCLJXILESSOYXABXHTFIFZOSHALLTAKQMASKY
SYNTHETIC_P06	16	-2668.15211964	-2709.19130936	WGEMOCEOAKOAIWGA	KRFLOEEBHALBUYTITSAFASSHGINUBMMYORFIZINGNXLFHTFRCVIRJZFFLIMWZQTCTEKZEPXMZYSBEYEGJGMRMETYJFVSEZGEYTRICALTHOREBAKZZPEJTSFKGCBITSACAUOFMPLOCTIFAERNCLJOILESSOITMPXHTPIJZOSHALLEACQMASKY
SYNTHETIC_P06	16	-2668.47460747	-2709.51379719	WGEMOCEOAKOSAIIQ	KRFLOEEBHALFUYCATSAFASSHGINMBMPOORFIZINGNXLJLTERCVIRJZFFLIMORQVCTEKZEPXMZYSFIYDLJGMRMETYJFVKWZIUYTRICALTHORISHJZZPEJTSFKGCBIKEACAUOFMPLOCTISELRNCLJOILESSOIKEBXHTPIJZOSHALLEACQMASKY
SYNTHETIC_P06	17	-2691.90310955	-2735.50724863	EYWAOWQQUOIIIEUIK	CUGBSTAMILKDYELKYASTSANFIANGDAMAHJMAWANCXSIECEAVNLXJDJXFNKISLYQUDBADALTMYSOABUCIXUSYRDBSLJFUIRYINADXYSEUOERSDFZHWVJSWJGEKCTBJANACUBZLKMMEPHEIGNWTSAXFEELLWORSTPXGSFOTHPUNTOGOAQAIOIW
SYNTHETIC_P06	17	-2695.7478447	-2739.35198377	EQWAOWQQUOIIIEUGG	CUGBSTAMILKDYELLYASTSANFIANGDAMAFJMEWANCXSIECEAVNMXJVJXFNKISLYQUDBYDACTMYSOABUCIXUSYRDTSLJFUIRYINADXYSEUOERSDFZHWVJSWKIEKCTBJANACUBZLKKIEPHEIGNWTSAXFEEMAWORSTPXGSFOTHPULPOKOAQAAOIW
SYNTHETIC_P06	17	-2696.6299305	-2740.23406957	EYWAQSOQUOUMCICAK	CUGBSKBMILEBYCHBYASTSAIDIANSHAMIZJMAWANEXSIEJCDVMCXJDJXFJKISLKQODISDALTMYSOABUJGXUSYRDBSLJFUIRYURADXYSEUOERSEFZHWVMBWAGEKCTBJYNACUBTOKEMEPHEHINWTSHXICOPLWORSVLXGSFATBTDETOGOAQAIOIW
SYNTHETIC_P06	17	-2698.44021702	-2742.04435609	EYWAQSOQUOIIIEUIK	CUGBSKBMILKDYELKYASTSAIDIANGDAMAHJMAWANEXSIECEAVNLXJDJXFJKISLYQUDBADALTMYSOABUCIXUSYRDBSLJFUIRYINADXYSEUOERSEFZHWVJSWJGEKCTBJYNACUBZLKMMEPHEHINWTSAXFEELLWORSVLXGSFOTHPUNTOGOAQAIOIW
SYNTHETIC_P06	17	-2700.71032715	-2744.31446623	EYWAOWOGUOUMIGUIK	CUGBSTBEILEBYDLKYASTSANDYANSHAMAHJMAWANCXSIEJCAVNLXJDJXFNKISLKQUDBADALTMYSOFBUJGXUSYRDBSLJFUYRYURADXYSEUOERSEKZHWVJCWJGEKCTBJYDACUBZMKMMEPHEIGNWTSHXFDELLWORSTPXGSFATHRUNTOGOAQAIOIW
SYNTHETIC_P06	17	-2702.15111828	-2745.75525736	WEWAQSOQUOIIIWSCK	GUGBSKBMILKDYIMAYSSTSAIDIANGDAMYBJDKWANEXSIECEAVEBXBJJXFJKISLYQUDYUDEITMYSOABUCIXUSYRVHSLJFUIRYINADXYSIUOERSEFZHWVJHWMGWKCTBJYNACUBZCKGMIPHEHINWTSAXFIFBLOORSVLXGSFOTHHSHTODOAQAOOIW
SYNTHETIC_P06	17	-2702.28495216	-2745.88909124	EQWAQSOQUOIIIEUGG	CUGBSKBMILKDYELLYASTSAIDIANGDAMAFJMEWANEXSIECEAVNMXJVJXFJKISLYQUDBYDACTMYSOABUCIXUSYRDTSLJFUIRYINADXYSEUOERSEFZHWVJSWKIEKCTBJYNACUBZLKKIEPHEHINWTSAXFEEMAWORSVLXGSFOTHPULPOKOAQAAOIW
SYNTHETIC_P06	17	-2704.490942	-2748.09508108	WYWAOWOGUOGQCGAWK	GUGBSTBEILLMYDIDYSSTSANDYANELAMGVJDAWANCXSIEDADVAEXBDJXFNKISLWQODGODELTMYSOFBUDEXUSYRVBSLJFUYRYGVADXYSIUOERSEKZHWVMCWNGWKCTBJYDACUBTMKBMIPHEIGNWTSBXIDBELOORSTPXGSFMTBRABTOGOAQAIOIW
SYNTHETIC_P06	17	-2704.84736156	-2748.45150064	EYWAQSWMCOUMCICAK	CUGBSKKBELEBYCHBYASTSAILEINSHAMIZJMAWANEXSEEJCDVMCXJDJXFJKIALKQODISDALTMYSOCKUJGXUSYRDBSLJFUEZYURADXYSEUOERSAHZHWVMBWAGEKCTBJGJACUBTOKEMEPHEHINWTSHXICOPLWORSVLXGSFATBTDETOGOAQAIOIW
SYNTHETIC_P06	17	-2705.78713799	-2749.39127706	EYWAOWQSOOEQCICAK	CUGBSTALLLOMYCHBYASTSANFKUNDLAMIZJMAWANCXSLEEADVMCXJDJXFNKIMLUQODISDALTMYSOMEUEEXUSYRDBSLJFUKLYEVADXYSEUOERSDEZHWVMBWAGEKCTBJAPACUBTOKEMEPHEIGNWTSCXICOPLWORSTPXGSFKTBTDETOGOAQAIOIW
SYNTHETIC_P06	18	-2592.88863945	-2639.05772788	MKMOOCGSWUIGSECMIG	BRILTHESHEDITVAFOLITIGATULDSHABMJLIWNINDLSIKKRENGITHYPJHFELIFONQVCYXCTYNSOVEATJBUSHRNHOLTVJEUHKYHWBDXYSORLZVHHOWVMCANBAHSCALIVXGBCVAWYKYLECLUFESSRECTAMHIFGMDMEINATETSMMHXFTQCIOUOKE
SYNTHETIC_P06	18	-2595.31644487	-2641.48553331	EKMSOCIMKWAWSMMYIQ	FRISTHDMADHATVIYOGATILATWERUZQBMTWIGNINBLSHADRINGETBYPJHFILIHIBQNCYFCFYNSOVCATIEUSLRNDOFTVJEULKYJQBDXYSWRXZVLHOWVMBWNAEXSLIFIVPGBCVAYTKADVCTERESSREATALKBEKEDIMCNITETSMMJRTVISIWEAKO
SYNTHETIC_P06	18	-2599.34948874	-2645.51857717	MKMSOUIKEOGEUUUMIG	BRISTLDASHEJTVEFOLITILALWCKMFYBMBLIWNINBLSHBGRFNFATHYPJHFILIHGVQTCANCTYNSOVCATIFUSIRNMOLTVJEULKYJOBDXYSERLZVHHOWVDBENERISHELIVXGBCVAYQKSICCBMFESSREATELLTIHACEIINATETSMEJPMNOAKEMOKE
SYNTHETIC_P06	18	-2601.14276028	-2647.31184871	MKMSOCIMKGIGSECMIG	BRISTHDMALDITVAFOLITILATWEREHABMJLIWNINBLSHADRENGITHYPJHFILIHIBQVCYXCTYNSOVCATIEUSHRNHOLTVJEULKYJQBDXYSORLZVHHOWVMBWNIAHSCALIVXGBCVAYTKKLECLUFESSREATALKBPGMDMEINATETSMMJRTEQCIOUOKE
SYNTHETIC_P06	18	-2602.90233183	-2649.07142026	MKMSOCIKQOIOWUUMIG	BRISTHDAKHDETVEFOLITILATWCXMHIBMBLIWNINBLSHBARENEATHYPJHFILIHGHQVCCNCTYNSOVCATIFUSHRNMOLTVJEULKYJOBDXYSERLZVHHOWVMBENEADSHELIVXGBCVAYQKSLMCBMFESSREATALLLIGIBEIINATETSMMJPZNQKMEMOKE
SYNTHETIC_P06	18	-2604.17262125	-2650.34170968	EKMSCCGSWUGEUUUMIQ	FRISTHESHEEJTVEFOGATILATULDSFYBMBLIGNINBESIKKRFNFATHYPJHFILIFONQTCANCTYNSOVCGTJBUSIRNMOLTVJEULYYHWBDXYSERLZVLHOWVMCANBRISHELIVPGBCVAWYKYICCBMFESSREAFAMHIFHACEIINITETSBMHXFTOAKEMOKO
SYNTHETIC_P06	18	-2605.26886749	-2651.43795593	EKMOOOOYCOGEUUUMIQ	FRILTBAGEHEJTVEFOGATIGAFCQJMFYBMBLIGNINDLSEHHRFNFATHYPJHFELINUTQTCANCTYNSOVEATFLUSIRNMOLTVJEUHKYPCBDXYSERLZVLHOWVGLKNERISHELIVPGBCVAEEKSICCBMFESSRECTHIEFIHACEIINITETSMYPDLNOAKEMOKO
SYNTHETIC_P06	18	-2606.11092997	-2652.2800184	MKMOIUQCIUAGSECMIG	BRILTLMEBEHITVAFOLITIGALEUPSZABMJLIWNINDBSDFERINGITHYPJHFELIPYZQNCYXCTYNSOVEDTEJUSLRNHOLTVJEUHEYRGBDXYSORLZVHHOWVDKINBEHSCALIVXGBCVAGIKYDECLUFESSRECCEHQCFKMDMEINATETSHERGRTICIOUOKE
SYNTHETIC_P06	18	-2606.55143738	-2652.72052581	EKMOOCOEOEQQQEIUIY	FRILTHADLOUDTVKBOCATIGATCWVDOKBMPTIONINDLSEEBRANHITNYPJHFELINAFQDCWXCAYNSOVEATFIUSDRNHOHTVJEUHKYPIBDXYSORTZVLHOWVMLHNJJCSCKHIVPGBCVAEKKITOCLANESSRECTAIBMACHEMBENETETSMMPJXDYMGOAWKW
SYNTHETIC_P06	18	-2606.81633425	-2652.98542268	EKMOOEQWIGOECMMYIQ	FRILTGMHBLAJTVIYOGATIGAVEOPENYBMTWIGNINDLSDIERBNBETBYPJHFELIPSZQBCIFCFYNSOVEATEMUSERNDOFTVJEUHKYRABDXYSWRXZVLHOWVLKLNIKISLIFIVPGBCVAGCKKRCCTERESSRECTMHFCPDALIMCNITETSMORBREWASWEAKO
SYNTHETIC_P06	19	-2686.39396048	-2735.12799827	MCEGMOIOUUEMIWGWMQC	RODDVABLEKJAVOIDOASISAYBEWHATCHANNUIHDXEDYABABDPIANAPVUDDESLJKLYQGCLEDCZNOTFALIESYRNMERAVPCIUYTIYELBCWYTFRLZVDBGVDDMYBELRHHCGYDOITPFACIKLOMDUNMASLXMKJSWAAAAAIGIZEDONQVANDDZAQKSADQM
SYNTHETIC_P06	19	-2691.99404621	-2740.728084	WCIIOCAUSMMMKGWYMQC	GOBCVGFIFBFAVOACOASTSEABSONYLKHANDWIHDXEBYTHELEPEANIPVUDDESLJNZQQECTEDMZNOTFILGDSYRNAIRAVPHHUYTSYINBCWYTXRLZVTDGVDLMYADEREIGCYCOATPFAMIKNQADALEISNXCKJSWIALMMBKFZIMONQFARFFNSWKKIDQM
SYNTHETIC_P06	19	-2692.07809258	-2740.81213037	KCIIOCAUUSMMIGGGQOG	MOBCVGFIELFAVOILOBSHSEABSONARKHANNEIFDXEBYTHELDPEANIPVMERESLJNZQQGCTEDMZNTRIBLGDSYRNMORAVPCDUYTGYINBCWYTCRLZVDLGVDEMYADEREHDCYDOITPGLAIKNQADANKISLXMKJQABALMMBKFZFMONQTARFFNSWKQIDQM
SYNTHETIC_P06	19	-2692.69972992	-2741.43376771	MCEGMGMUISMMKGWYMQC	RODDVEMIKLFAVOACOASISAYBWANORKHANDWIHDXEDYAFLLJPEANIPVUDDESLJKDCQUCTEDMZNOTFALIESYRNFORAVPHHUYTIYELBCWYTCRLZVTDGVDDMYBECREADCYCOATPFACIKLOEDABKISNXCKJSWAAAAAMEFZFMONQVANDDREWKQIDQM
SYNTHETIC_P06	19	-2693.18418407	-2741.91822187	KCIIOCAMASMMKGWYSUU	MOBCVGFMBLFAVOACOLSHSEABSOFGRKHANDWILDXEBYTHECAPEANIPVLYHESLJNZQQMCTEDMZNVWXBLGDSYRNJORAVPHHUYTGYINBCWYTCRLZVTDGVDEMYADERIEDCYCOATPDEAIKNQADSTKISNXCKJWOBALMMBKJZFMONQTARFFNSOKQIDQM
SYNTHETIC_P06	19	-2696.14851713	-2744.88255492	MCEGMOAUSMMMKGWYMQC	RODDVAFIFBFAVOACOASISAYBEONYLKHANDWIHDXEDYABELEPEANIPVUDDESLJKLQQECTEDMZNOTFALIESYRNAIRAVPHHUYTIYELBCWYTXRLZVTDGVDDMYBELREIGCYCOATPFACIKLOMDALEISNXCKJSWAAAAAIKFZIMONQVANDDZSWKKIDQM
SYNTHETIC_P06	19	-2697.3948164	-2746.12885419	KCEGMCAUUSMMKGWYGWG	MODDVGFIELFAVOACOKSHSAYBSONARKHANDWINDXEDYAHELDPEANIPVEARESLJKZQQGCTEDMZNJZIBLIESYRNMORAVPHHUYTGYELBCWYTCRLZVTDGVDEMYBEEREHDCYCOATPCLAIKLOADANKISNXCKJYABAAAABKFZFMONQTANDDNSWKQIDQM
SYNTHETIC_P06	19	-2698.01353645	-2746.74757425	KCEGMCAUUSMMKGWYSUU	MODDVGFIELFAVOACOLSHSAYBSONARKHANDWILDXEDYAHELDPEANIPVLYHESLJKZQQGCTEDMZNVWXBLIESYRNMORAVPHHUYTGYELBCWYTCRLZVTDGVDEMYBEEREHDCYCOATPDEAIKLOADANKISNXCKJWOBAAAABKFZFMONQTANDDNSWKQIDQM
SYNTHETIC_P06	19	-2698.67354441	-2747.4075822	ECEGMGMCCQMMKGWYYSY	CODDVEMEAUFAVOACOMSBSAYBWAVIOKHANDWIJDXEDYAFLHMPEANIPVICFESLJKDCQOCTEDMZNBVBELIESYRNIGRAVPHHUYTAYELBCWYTBRLZVTDGVDHMYBECRADECYCOATPECUIKLOEDIVIISNXCKJUSTAAAAMEPZGMONQMANDDREFKOIDQM
SYNTHETIC_P06	19	-2698.95042276	-2747.68446056	MCEGMKIUUSMMKGWYMQC	RODDVCBIELFAVOACOASISAYBAWNARKHANDWIHDXEDYADALDPEANIPVUDDESLJKHYQGCTEDMZNOTFALIESYRNMORAVPHHUYTIYELBCWYTCRLZVTDGVDDMYBEAREHDCYCOATPFACIKLOIDANKISNXCKJSWAAAAAKGFZFMONQVANDDVAWKQIDQM
SYNTHETIC_P06	20	-2640.62892056	-2691.9279077	WIIKICEQGGOOEKOCICII	DSCDUEDGEITBOYHAVEUASSEDASTINEMIBNUAJTDAYTEMENAXTKYIVUEDSZJOLIHGZQQDNZCVZNRFKPCDYRNWODTAPSMAYTRAWONCACWYTNRPZVLSHVCBYOFEDAIDHUMDTPNHATISAPANDPACETHXNLIQYKOTAPDATLGKZOSGKALHEAQMAUQU
SYNTHETIC_P06	20	-2641.8044486	-2693.10343575	GMMUICEUEGOOESOCICAE	OSALUEDEFITBOYHAVEUCDSINASTMLEMIBNUAJTDWYTCHENAXEKYIVUEDSZAMLILQZQQDKZCVZNRFKPUYYRNWODTLPSMAYTRAWONEACWYTNRTZVLSHVCBYOFALLGLHUMBEPNHATISAPELDTEMETHXKLIQYKOTAPVXTJEFZOSELALLIKQMAYOU
SYNTHETIC_P06	20	-2643.89810562	-2695.19709277	CCEIWYQIGGOOEGOCICMI	ASEEUGKKEITBOYHAVEUAYSABAOFANEMIBNUAJTDAYTGAKNHXTKYIVUEDSZHOLIDENQCDNZCVZNRFKPGDYRNWORTEPSMAYTRAWONCACWYTIRHZVLSHVCBYOFEARKEAUGHTPNHATISAPLNDIWASTTXNLIQYKOTAPHATBILZOSKKALBAYQMAMQU
SYNTHETIC_P06	20	-2644.9832015	-2696.28218865	WEIUICEUEGOOECOCMCKI	DSCLUEDEFITBOYHAVEUASSENASTMLEMIBNUAJTDAYTEHENAXEKYIVUEDMZIOLIHQZQQDKZCVZNRFPPEDYRNWODTLPSMAYTRAWONCACWYTNRTZVLSHVCBYOFEDCILHUMBEPNHATISLPMNDLAMETHXKLIQYKOTEPFATAGFZOSELALDEKQMAYOU
SYNTHETIC_P06	20	-2650.27990532	-2701.57889247	CMCAIUEUEGOOEEOCMCKI	ASFIUSDEFITBOYHAVEUAYSYTALTMLEMIBNUAJTDAYTHEENAXEKYIVUEDMZIOLIBWZQQDKZCVZNRFPPEDYRNWOHTLPSMAYTRAWONCACWYTFRTZVLSHVCBYOFEALLIHUMBEPNHATISLPMNDTUSETHXKLIQYKOTEPFATJJCZOSELALLYQQMAYOU
SYNTHETIC_P06	20	-2650.41674566	-2701.71573281	WIIKICEUEGEGOOOCICII	DSCDUEDEFIEFOYHAVEUASSEDASTMLEDABNUAJTDAYTEMENAXEKYMVUEDSZJOLIHGZQQDKZCNZNRFKPCDYRNWODTLPSEEYTRAWONCACWYTNRTZVBKHVCBYOFEDAIDHUMBEPNLITISAPANDPACETHXKLIIIKOTAPDATLGKZOSELALHEAQMAYOU
SYNTHETIC_P06	20	-2650.72128582	-2702.02027297	MWMUICEUEGEGOYOCICOA	ISALUEDEFIEFOYHAVEUEISINASTMLEDABNUAJTDSYTCHENAXEKYMVUEDSZGBLILQZQQDKZCNZNRFKPIUYRNWODTLPSEEYTRAWONGACWYTNRTZVBKHVCBYOFWIGGLHUMBEPNLITISAPRADDEMETHXKLIIIKOTAPITTEEFZOSELALVIKQMAYOU
SYNTHETIC_P06	20	-2654.37944698	-2705.67843413	GMEMISYCMGOOEYOCICMI	OSECUJGABITBOYHAVEUADSAFAINUTEMIBNUAJTDAYTGRENDXAKYIVUEDSZHOLIDJZQKDSZCVZNRFKPGDYRNWOITHPSMAYTRAWONCACWYTDRBZVLSHVCBYOFELLKCHUCKAPNHATISAPLNDTWEETBXSLIQYKOTAPHATJIJZOSAHALLACQMAGWU
SYNTHETIC_P06	20	-2655.04236507	-2706.34135222	CCIUICEAAKQAOOOCICMI	ASCLUEDBHGLIOYHAVEUAYSENASTSHIPUBNUAJTDAYTEHENAXGIYCVUEDSZHOLIHQZQQDGDCHZNRFKPGDYRNWODTIPSTHYTRAWONCACWYTNRZZVMEHVCBYOFEARILHUMLGPNOITISAPLNDIAMETHXGLIDIKOTAPHATBGFZOSBALLBEKQMAEKY
SYNTHETIC_P06	20	-2657.59542179	-2708.89440894	CCIUICEQOGQAOEOCICMI	ASCLUEDGAILIOYHAVEUAYSENASTIVEPUBNUAJTDAYTEHENAXMKYCVUEDSZHOLIHQZQQDUZCHZNRFKPGDYRNWODTAPSTHYTRAWONCACWYTNRPZVMEHVCBYOFEARILHUMDMPNOITISAPLNDIAMETHXULIDIKOTAPHATBGFZOSGGALBEKQMAUYU
SYNTHETIC_P07	1	-2988.83839989	-2991.40334924	A	UFFTCMBAUDFKXLKPEMIGKEQAKDCXHXDNPZSODZFGRJNGEPBSNSNVEYATVQXSPEXFGALFYIVSOBPJRPANAOJAAADNXMHQZEODHZCQLAFSXTEZJCNNLSDPVMOINJHDFSHRBQEASNAWLSNLDHENYKGPANBBEKDIZRDULDYHKROSADLIQTMEBBZB
SYNTHETIC_P07	2	-2883.95855713	-2889.08845584	SA	RSFFEBEIWSCFQXLRFVFRKQXOJPVRHQOFXSYLFFROMAAQIBHSYNTAIARRCXIILKXLFLSZYVISVCBHQAOTEJGAQDADRHMPNOFWICQFISTSTRSRANVLHQLTVONGNHJDIHKVEEIESANWANKTHEHNQTLTEOECGDCQSQQYMYUVCOIQGLUCOMSOKMTH
SYNTHETIC_P07	3	-2863.81378412	-2871.50863219	YEK	SQKFECIHSZIDXQMLQYLTLEHODSCBRHDISLSYGAMWSQRCJHFYNERTEUVJFQGALLTDOEMYVCUIPIMBKIBLEKGYQHFBHWANOODEDNGWEALERRYTNRYALMJGOMTMUCAJHMCNMOEANCGMBGQQRKHHTQILSZFALYKUQNGQZFXYJHUAMJLAGTOTHCXL
SYNTHETIC_P07	3	-2888.60986471	-2896.30471278	OMK	SQKFECUDSOQDXQMLQYXTLVHOISCRRHIESBAYLJMMAQRLJHNYNTRTNUBFFHOADHTTWEEYVSUIPEMBSINHEBOYQDFBPWFNOEDEINGMEADARHGTGRYRLMBCOCBMULAJPMHNMEEANRGMIGQKRKOHTQILSZKJLOSUQNGQZFXYJHUAEFLQOTHTHTXL
SYNTHETIC_P07	3	-2893.12518167	-2900.82002975	GEO	SQIFEGEHSHIDXQKLQCHTJMHSMSAJRLMISTSYCAKESURCOHFDNERTEUFJDZGEHLTLOEIYVKUIPIKBKIKLCSGCQHDBHAJNOWDEPNEFEEHERZYTKRYJLMFGOUTMUCLJHQLNKWEENCEMBKQQRKHHTQGLSDBAJGKYQNEQZJXYHHUEIJJIGXLTFLXP
SYNTHETIC_P07	3	-2896.83756733	-2904.5324154	MKW	SQEFEOBESNODXQGLQKETFSHAJSJPRTJFSZYYSKGLYCRMDHLKNBRTKUCGMFMMEITRUEFYVQUIPFGBQIHILYMKQEMBNIGNOCDEJNAKEMEBRFETHRYPLMCDOAZMUMHJNYONGDEMNMAMHSQLRKMHTQCLSLLKQMQHQNAQZRXYDHUMFGFOMFITBRXX
SYNTHETIC_P07	3	-2897.66815281	-2905.36300088	OOO	SQIFEGUWSOTDXQKLQCXTJVHSISARRLIDSBCYLIKMCURKOHPDNMRTOUBEDHQEDGTTYEEYVSUIPXKBVINGCBQCQCDBRAFNOEDEINEMEEDMRHITGRYRLMBBOCDMUKLJRQHNKEEENKEMLKQJRKQHTQGLSDKIJOUYQNEQZJXYHHUEEEJQQXHTFTXP
SYNTHETIC_P07	3	-2916.28265095	-2923.97749902	AEW	SQEFEOHHSBIDXQGLQKKTFGHACSJDRTCISNSYFAGYSCRCDHFKNERTEUIJMTGMKLTFOELYVEUIPIGBKIALLMGKQHMBHIMNOQDECNAYEMKERTYTARYDLMIGOOTMUCHJHYBNGQEMNCAMBSQQRKHHTQCLSLEAQAKHQNAQZRXYDHUMLJFCGFBTBFXX
SYNTHETIC_P07	3	-2924.5079689	-2932.20281697	CYK	SQKFECGKSDCDXQMLQYJTLIHOPSCERHBLSPMYEDMAMQRFJHZYNHRTYUHMFVAAJBTHIEKYVGUIPLMBEIMNEOBYQKFBBWLNOSDEBNGAEAXHRUSTMRYFLMVJORNMUFAJBMANMSEANFGMVGQERKAHTQILSZDPLCFUQNGQZFXYJHUAKMLEATATHHXL
SYNTHETIC_P07	3	-2941.67865944	-2949.37350751	WAC	SQBFEUJJSXEDXQDLQQMTQCHHESGZRZEKSJOYHCRUOJREAHBQNGRTAUKLJPCSMATBKEAYVAUIPKDBGICAIICQQJJBDOBNOMDEENKUESMGRPUTCRYZLMKIOKPMUEEJDEDNDMESNEKMXYQDRKCHTQMLSRGCCWGMQNYQZWXYAHUSALCYCLDTLBXD
SYNTHETIC_P07	4	-2867.23987961	-2877.49967704	CYMA	QDHBEFEWWXQKCFLXALADOOTHEUKDFRILTEOFYJPUCFRBLPHATFRASYVDAPUXSJTPHYFVDXQUXFQAAFILFBKQRZMLUZHBNODDNYLFBEDINWDATQLTIVCBVSBODGLUIAOFWGMASDNQHQQEUSKDQNNOKTBBJAMDNPUMDLYOEUGUKEIZEBUSFADF
SYNTHETIC_P07	4	-2874.65934086	-2884.91913829	IAAA	QCABEFSWWXQKCFLXKKGDUQHHSUDDKRWLTDOFYLPUMERBRRHATERASAVDKPUXYJTPELLVJYEUXEQAAHILCNDQXAALUZABNORDJYEFGERINWJATQZTFVIBBSPOAFEUICCFFFFAZFBQEQQEASKDQNAOKTOBGMFDTRIMAKYOKUGUHDBZKDISCMJH
SYNTHETIC_P07	4	-2886.59714699	-2896.85694442	MKMU	QKHEEFEQWXQACFLRIFAGYATHMUKGPRIFTLOIYVPOKMREVBHUTMRDSKVXOPUXDJTPCGFVNIQUXMQDARIFAIKQBLMLUZHENODDHYLIKEDCNWDDTQLNDVCEFSBILALUIMOFDAMDDPNKCQQHESKXQNNOKTBBEHMQXBUHLFYOOUGUFLIZONUSTHMR
SYNTHETIC_P07	4	-2892.33316803	-2902.59296546	KCAA	QBABEFSWWXQKCFLXJJGDWSHHAUDDNRWLTCOFYNPULDRBTTHATDRASCVDJPUXAJTPDKLVLAEUXRQAAIILBMDQZDALUZABNORDIYEFIERINWJATQZTEVIBDSPOMEEUIECFEEFABHBQDQQECSKDQNAOKTOBXLFDUTIMMJYOMUGUGCBZMFISBLLJ
SYNTHETIC_P07	4	-2894.63438606	-2904.89418349	SAMA	QCHBEFEWWXQKCFLXFKADEQTHJUKDVRILTDOFYLPUHERBBRHATERASAVDFPUXIJTPMLFVTYQUXEQAAHILKNKQHAMLUZHBNODDEYLFQEDINWDATQLTAVCBLSBOIFLUICOFAFMAJFNQMQQEKSKDQNNOKTBBBMMDDRUMIKYOUUGUCDIZUDUSKMTH
SYNTHETIC_P07	4	-2896.1005888	-2906.36038623	AOMA	QIHBEFEWWXQKCFLXBDADMETHFUKDDRILTJOFYZPUDKRBJFHATKRASOVDBPUXQJTPIEFVBMQUXKQAAVILGGKQPPMLUZHBNODDAYLFYEDINWDATQLTWVCBSSBOELLUIQOFJLMARTNQIQQESSKDQNNOKTBBKFMDLFUMEDYOCUGULJIZCRUSGFBV
SYNTHETIC_P07	4	-2905.29681492	-2915.55661235	MYQS	QDFFEFIOWXQBCFLPILLHYOXHMUIHPRMDTEOJYJPMKFRFVPHSTFRESYVVOPUXDJTPCYDVNXUUXFQEAFIDABIQBZQLUZFFNOHDHYJJKEHANWBETQPLDVAFFSFGLGJUIASFDGKEDDRICQQIESKVQNFOKTEBEAKHXPYELLYOOUGUFEGZOBYSTAMF
SYNTHETIC_P07	4	-2909.51679373	-2919.77659116	AUAY	QFACEFSUWXQXCFLUBAGEMKHHFUDEDRWJTGOGYFPSDHRCJLHYTHRNSUVABPUXQJTPIBLVBSEUXHQBABIJGDDQPVALUZACNORDAYEGYERGNWJBTQZRWVICSSPMEIEUIWCFJIFBRZBOIQQFSSKBQNAOKTOBKCFELLIKEAYOCUGULGBZCXISGCBB
SYNTHETIC_P07	4	-2911.44759703	-2921.70739446	SKMC	QKHAEFEYWXQJCFLZFFACEATHJUKCVRINTLOEYVPWHMROBBHDTMRMSKVFFPUXIJTPMGFVTIQUXMQMARINKIKQHLMLUZHANODDEYLSQEDLNWDMTQLVAVCALSBQIALUIMOFAAMMJPNSMQQDKSKFQNNOKTBBBHMCDBUOIFYOUUGUCLIZUNUSKHTR
SYNTHETIC_P07	4	-2911.49001122	-2921.74980865	EACS	QCMFEFUOWXQBCFLPMKFHQQJHDUCHHRYDTDOJYLPMBERFNRHSTERESAVVMPUXUJTPGLKVFYGUXEQEAHIDENCQTACLUZMFNOTDLYDJCETANWIETQBLHVVFXSQGCFDUICEFHFEEVFDIGQQIWSKVQNMOKTQBIMSHPRLECKYOGUGUJDAZGDKSEMFH
SYNTHETIC_P07	5	-2765.78371716	-2778.60846394	OAQKU	INGCKFEIGHXDROLLWKRIDSPAKTPBXXLGQJSAOZVOKEOGDXRGKINEAGAVCPAMMBYDBSKFQUPXRLNTGBQJGDIWXDARLAHTURFECFWWDTRIMPSIFTQJAVENDITISEMREICTEMGEYEDORMGRYDLLNGNDCLJKEAGOHBACDYONDRUGVLFNOBZWSTZY
SYNTHETIC_P07	5	-2772.13361454	-2784.95836133	EMIYU	ANKIKFEAUHXKROLLIKRIISPSKJPBKXDAQCSQAZJOCLOMDNDGYINLEMAVOHOMEIYJBIWFQUPXRENTGBEJLKMWXTMJLAMTURFUCFWWITABMFSBTTQDEVENPATISLDREIOLEMLLYKDEDMURYKCENGZVQLBEIGGETTOCIYONDHUGVLKNOTZMSTMY
SYNTHETIC_P07	5	-2778.96559143	-2791.79033822	OCQSU	INGUKFEIPHXCROLLYKRIDSPJKTPBFXLFQOSAQZCOKDOCDXTGSINDACAVEPIMMAYMBSMFQUPXRHNTGBYJGCIWXDCRLAHTURFECFWWDTREMPSINTQIAVENFITISDMREIETEMGDYADOTMORYCLHNGPDKLJJEJGOJBICDYONDRUGVLFNOKZWSTHY
SYNTHETIC_P07	5	-2786.67510319	-2799.49984997	EAQSU	ANGUKFEIPHXDROLLWKRIISPJKJPBFXDGQOSQOZCOCEOCDNRGSINEACAVCPIMEBYMBIKFQUPXRHNTGBYJLDIWXTARLAMTURFUCFWWITREMFSINTQJAVENDITISEMREICTEMLEYADERMORYDLHNGNDKLBKEJGEHBICIYONDHUGVLKNOKZMSTHY
SYNTHETIC_P07	5	-2792.43274307	-2805.25748986	MAQCK	JNGGCFEIYXXDRODLWKRYESPECRPBPNMGQASYOZNOLEOKIVRGCYNEAKFVCPSCABYHGQKFQKPXRCNTGBIJNDIWXAARLAOTURKDCFWMETRMENSIXTQJAVJNDITYSEMROICTEDHEYIIMRMYHYDLCNGNDULKKEELMHBSSEYONNPUGVAGNOFHUSTRP
SYNTHETIC_P07	5	-2793.61800671	-2806.44275349	AEMAU	CNIHKFEEWHXBROLLAKRIKSPFKFPBNXFEQBSMSZLORCOLDIVGAINCCLAVGLQMGMYIBEOFQUPXRQNTGBHJABKWXPENLABTURFQCFWWKTLAMBSFVTQHCVENHETISCUREIGOEMNCYJDBVMWRYBADNGRZSLDIGFGALXQCKYONDDUGVLMNOGZISTPY
SYNTHETIC_P07	5	-2797.86501026	-2810.68975705	YSQYU	DNGIKFEIUHXHROLLOKRILSPSKDPBKXSKQCSLGZJOFROMDHIGYINIAMAVUPOMHOYJBCDFQUPXRENTGBEJBHIWXNSRLACTURFOCFWWLTRBMZSITTQAAVENVITISIMREIUTEMBRYKDYIMURYHLENGFDQLEBEGGYZBOCLYONDBUGVLANOTZGSTMY
SYNTHETIC_P07	5	-2802.79816151	-2815.62290829	YEAGU	DNBEKFESCHXBROLLAKRILSPCKDPBTXSEQLSLSZROFCOIDHVGGINCIYAVGZXMHMYFBCOFQUPXRANTGBMJBBDWXNEBLACTURFOCFWWLTENMZSTATQHIVENHSTISCHREIGDEMBCYGDYVMCRYBTANGRMYLEIMCGYLLWCLYONDBUGVLANODZGSTVY
SYNTHETIC_P07	5	-2809.07714462	-2821.90189141	YSOGU	DNHEKFEGCHXHROLLOKRILSPCKDPBTXSKQLSLGZROFROIDHIGGINIBYAVUNXMHOYFBCDFQUPXRANTGBMJBHJWXNSPLACTURFOCFWWLTKNMZSHATQABVENVGTISIAREIUREMBRYGDYIMCRYHMANGFBYLEBZCGYZYWCLYONDBUGVLANODZGSTVY
SYNTHETIC_P07	5	-2814.67315912	-2827.49790591	SSQYK	GNGICFEIUXXHRODLOKRYBSPSCXPBKNJKQCSEGZJOIROMIBIGYYNIAMFVUPOCKOYJGWDFQKPXRENTGBEJEHIWXHSRLAFTURKICFWMBTRBETSITTQAAVJNVITYSIMROIUTEDERYKISIMUHYHLENGFDQLHBEGLSZBOSXYONNUUGVADNOTHASTMP
SYNTHETIC_P07	6	-2779.92353725	-2795.3132334	CSSIMU	NOLDDIEEKFYDOMFXAGLRGQZKCQDLESERPTIEHEHALEAGZDVKREREFATTULKKACVYFLGDFQMSQEQJNMAZJSOMRLLINOAUFWNODSCGTRBEIRNTCQWECOFLNKFSDLIOHHJVUEEOWEMMKRMPOIETNOGRJGKTHAYWHYIXFORZMUOUADNOTCEUBTTJ
SYNTHETIC_P07	6	-2781.88775635	-2797.27745249	KKSIAY	NOLDJGEEKFMHODFXTELRGQMOLQDLKSMRPTWEDIHARCIYZDIORIRELLTLULYOJGVYLJOVFQAWQIQJNKARJSOQRCLINOAMFWNORSCGGRIEIRATLQWEIONLNKTSMCIOAFJNUESSWIMMDRMHOISTNOGRCEKTHAMADYIXLORZMUCUJHNOTAMMBTTN
SYNTHETIC_P07	6	-2784.85156918	-2800.24126532	CSSIEC	NOLDHSEEKFQKOMFXECLRGQRSCQDLISERPTAEHEHACAAGZDNSREREJJTTULCSACVYJHGDFQEAQEQJNIAZJSOURLLINOAUFWNODSCGERBEIRETCQWEGOFLNKXSDLIOLDJVUEWWWEMMBRMPOIWTNOGRACKTHAQEHYIXJORZMUGUADNOTLEUBTTR
SYNTHETIC_P07	6	-2787.45305252	-2802.84274867	KSCAAY	NOGHJGEEUXMHOMAXTELRQQMOLQZCKSMRYLWEDECERCIGJVIORERILLTTUDYOJCVYLJODFQAWQEQANKAZJKOQRLUMNOAUOONORSKKGRIESJATLQWIIONLNCTSMLDOAFJVEESSWEHDDRMPYASTNOBRCEKTRAMADYDKLORZWNCUJDMOTAMUKTTN
SYNTHETIC_P07	6	-2787.45361185	-2802.843308	SKSYAC	NOLIJSEEKVMKODFXTCLRGQMSHQDDKSURPJWEVIHFRARYZTISRIRJLJTLUBYSFGVYLHWVFQAAQIQBNIARJIOURCLANOAMFMNOISCLGRREIHATHQWJIOVLNATSICIOADJNUESWWIMEDRMHOYSTNOGRCCKTHAMEMYILLORZMLCUFHNOTLUMBTTR
SYNTHETIC_P07	6	-2788.71547413	-2804.10517027	KGUUAK	NOKKJAEEMRMTOFEXTLLRIQMALQCPKSMRREWEDKGHRJIUBPIARKRLLFTHUXYAJIVYLDORFQAIQKQDNEANJEOCREKCNOAIHINORSBAGRIEKDATLQWLIONLNWTSMEHOAMJJWESEWKVGDRMDRUSTNOFRCLKTJAMMDYHALORZOHCUJJDOTZMICTTY
SYNTHETIC_P07	6	-2796.85583878	-2812.24553492	KAUAAY	NOKHJGEEMXMHOIEXTELRIQMOLQCCKSMRRLWEDAGERCIOBVIORNRILLTAUDYOJLVYLJOLFQAWQAQANKAHJKOQRHKMNOACHONORSBKGRIEKJATLQWIIONLNCTSMHHOAFJDWESSWAVDDRMXRASTNOFRCEKTJAMADYHKLORZONCUJMDOTAMCCTTN
SYNTHETIC_P07	6	-2797.78770256	-2813.17739871	CSSGIU	NOLEFIEEKDUDOMFXCGLRGQVKCQDMGSERPREEHEHBAEAGZBRKRERFHATTUJGKACVYHLGDFQISQEQKNMAZJQOMRLLJNOAUFUNODSCHCRBEIPITCQWFEOFLNIBSDLIONHJVUEBOWEMQMRMPOHATNOGRLGKTHAUWHYIHHORZMTKUADNOTCEUBTTJ
SYNTHETIC_P07	6	-2800.98224735	-2816.3719435	KAUUAC	NOKKJSEEMRMKOIEXTCLRIQMSLQCPKSMRREWEDAGHRAIOBPISRNRLLJTAUXYSJLVYLHOLFQAAQAQDNIAHJEOURHKCNOACHINORSBAGRIEKDATLQWLIONLNWTSMHHOADJDWESWWAVGDRMXRUSTNOFRCCKTJAMEDYHALORZOHCUJMDOTLMCCTTR
SYNTHETIC_P07	6	-2800.98323727	-2816.37293341	KGKUII	NOCKFBEECRUROFJXCMLRYQVYLQHPGSMRHEEEDKLHAKIURPRYRKRLHGTHUXGYJIVYHEORFQIGQKQDNFANJEOARECCNOAIXINORSGACRIEADITLQWLEONLNWBSMEMONAJJMEBCWKDGMRMDGUATNOKRLMKTZAUKDYMAHORZEHKUJJIOTIMISTTX
SYNTHETIC_P07	7	-1742.97638226	-1760.93102776	MSSMMSA	OULDMAKEELIZABETHHESPAREDTHEMTHISGRIEFBYCONCEALINGTHEEXTENTOFMYDISORDERHEKNEWTHATICOULDNOTHAVEAMOREKINDANDATTENTIVENURSETHANHIMSELFANDFIRMINTHEHOPEHEFELTOFMYRECOVERYHEDIDNOTDOUBTTH
SYNTHETIC_P07	8	-2739.13429928	-2759.65389414	KSIAMEAG	UUFFDIDHEFAXYNBLIBBPMFQAXJPHROATPIVAKCELYCOULTHARMYKIAHHSTUCKVTJBFEPXRQNLRNVITSHEBRUUKALZSJKBGNUGXCRHHWNIFYINTSADNJURSEEDTXONGJLMYFAVBDBBXIRMAWHPRLQEKFALSWAZHAMINPYFQOJNVGUCRSKBZLY
SYNTHETIC_P07	8	-2746.51830196	-2767.03789682	ASOAMEAG	UUCFDIDHEFGXYNBLABLPMFQANJVHROATPIVAKCELYCOULTHARMYKIAHHSTUCKVTJGFBPXRQNBRTVITSHJBKUUKALPSOKBGNULXMRHHWNYFEINTSAINGURSEETTDONGJLEYCAVBDBRXORMAWHPRIQEKFALSCAZHAMANPYFQOJDVGUCRSKGZBY
SYNTHETIC_P07	8	-2747.15246058	-2767.67205543	SOOAMEAG	UUCFDIDHEFGXYNBLEDLPMFQAFFVHROATPKVAKCELYYOULTHARBYKIAHHSPUCKVTJKHBPXRQNTNTVITSHADKUUKALHOOKBGNUCXMRHHWNQFEINTSAMNGURSEELTDONGJLRECAVBDBISORMAWHPRIQEKFALSCAZHAMENPYFQOJVVGUCRSKKFTV
SYNTHETIC_P07	8	-2757.39187002	-2777.91146488	SOEASCSM	UUHFAJHEEFWXELTREDSPJGQKFFKHXOAZPKVAHDIIYYOURRZGRBYKFBLESPUCQTLPKHGPXRQNTNJVITSHADCUULEIHOEKBEFACXEREIAHQFUITTLHMNLURSIBLTTONGJRREHAVCHLISERMYONPRAQBLJKLSSAFFSSENPYCQOGVVGUIRSQKFTV
SYNTHETIC_P07	8	-2758.42865562	-2778.94825048	SOOAMYYG	UUCFDLEHEFGXYHZLEDLPMIQAFFVHROATPKVAKFFLYYOULNFARBYKIDIHSPUCKPRJKHBPXRQNTNTVITSHADKUUABLHOOKBALUCXMRHKKNQFEINTRAMNGURSFELTDONGJLRECAVEEBISORMUUHPRIQEAGALSCAZBYMENPYFQOJVVGUCRSKKFTV
SYNTHETIC_P07	8	-2760.80854273	-2781.32813759	AICAMEAG	UUIFDIDHEFUXYNBLAGEPMFQANZJHROATPAVAKCELYSOULTHAREYKIAHHSJUCKVTJGKHPXRQNBHHVITSHJGDUUKALPICKBGNULXFRHHWNYFSINTSAINMURSEETTRONGJLEHIAVBDBRMCRMAWHPRBQEKFALSQAZHAMANPYFQOJDVGUCRSKGIBP
SYNTHETIC_P07	8	-2763.76999569	-2784.28959055	SOEAGYAG	UUHFWLDHEFWXTHBLEDSPSIQAFFKHKOATPKVAAFELYYOUFNHARBYKLDHHSPUCEPTJKHGPXRQNTNJVITSHADCUUAALHOEKBANUCXERKKWNQFUIHTSAMNLURSEELTTONGJLREHAVEDBISERMUWHPRAQHAFALSSATBAMENPYYQOJVVGUXRSKKFTV
SYNTHETIC_P07	8	-2765.18261242	-2785.70220728	AIEAOYAG	UUHFCLDHEFWXAHBLAGSPLIQANZKHTOATPAVAJFELYSOUNNHAREYKHDHHSJUCMPTJGKGPXRQNBHJVITSHJGCUUAALPIEKBANULXERGKWNYFUIPTSAINLURSEETTTONGJLEHHAVEDBRMERMUWHPRAQDAFALSSABBAMANPYEQOJDVGUERSKGIBP
SYNTHETIC_P07	8	-2767.05546474	-2787.5750596	AOOAOECG	UUCFCICHEFGXANDLADLPLFQANFVHTOATPKVAJCRLYYOUNTIARBYKHAGHSPUCMVVJGHBPXRQNBNTVITSHJDKUUKMLPOOKBGPULXMRGHINYFEIPTVAINGURSDETTDONGJLEECAVBCBRSORMAYHPRIQDKEALSCABHCMANPYEQOJDVGUERSKGFBV
SYNTHETIC_P07	8	-2771.37411451	-2791.89370937	KIIKOEAG	UUFACIDHEFAHANBLIGBPLFQAXZPHTOATPAVIJCELYSOENTHAREYFHAHHSJUMMVTJBKEPXRQNLHNVITSHEGRUUKALZIJKBGNUGXCMGHWNIFYTPTSADNJCRSEEDTXZNGJLMHFNVBDBBMIAMAWHPRLQDKFALSWABHAMINPYEQOJNVGUERSKBILP
SYNTHETIC_P07	9	-2768.79115486	-2791.87569908	SUWMAWQAY	UWHDKFCDRFEPINFRECGSJQQBHXGZHBOBJTQUIROFAANGFRIDGINHAMBDTOYVDLVLWNITPUKEENWANFIJLBBIXPODDMGNYRFACTFICEXCAPEPMVOCANMESULMPTTFPMERADNKQDFIFMQAMMWVRPFXMHIAMKSKBNYQHJYYFOZNGGAGUNQSBTDH
SYNTHETIC_P07	9	-2773.76985931	-2796.85440353	YAOWSOQIM	UWLWBJCMRFEHTFXRMCPSAQQFHXMEHTOBBTQIFEHANENCLXPUQBFHIALAMOYVDHVRCEITPUSEBAWINQIFEBGIHPHDLADNYRJECTLOCEXUSPEDJVOKENMASALMZLTFXMBRELEBQMROFEATEMEIRPJXDLIJYKSCBFQQPWYYJOZGGCGGUFQSSTLV
SYNTHETIC_P07	9	-2774.47724152	-2797.56178573	SSOWSOQEA	UWLWBJCBRFEHTFXRICGSAQQFHXFZHTOBBTQWIIHANENEERHUQBFHEOBEMOYVDJVLUEITPUOEEEWINQIHKBYIHPHDHOGNYRJECTEICEXUSPERMVOKENMCSULMZLTFTMERELEBQBEIFEATEMAXRPJXDLILLKSCBFQQLLYYJOZGGEMGUFQSSTHJ
SYNTHETIC_P07	9	-2775.12292194	-2798.20746616	EAOMAWQAA	UWLDKFCDRFEHINFRECASAQQBHXFLHTOBJTQWCEHFAANGEDPUGINHAOIAMOYVDLVXCEITPUKELAWANFIJKBGIXPODDOANYRFACTEUCEXCAPERGVOCANMESGLMPTTFPMLREDNKQDEUFEQAMMWXRPJXMHIALKSCBNYQHLYYJOZNGGMGUFQSBTDJ
SYNTHETIC_P07	9	-2775.26188755	-2798.34643177	SSOSAWQEA	UWLAKFCBRFEHONFRICGSAQQBHXFZHTOBJTQWIIHCAANEERHUMINHEOBEMOYVDJVLUEITPUOEEEWKNFIHKBYIDPODHOGNYRFACTEICEXCAPERMVOMANMCSULMVTTFTMEREANKQBEIFEWAMMAXRPJXMHILLKSCBNYQLLYYJOZNGEMGUFQSBTHJ
SYNTHETIC_P07	9	-2775.59511995	-2798.67966417	SEOMAWQIA	UWLDKFCMRFEHINFRMCGSAQQBHXFZHTOBJTQWICHFAANCERTUGINHIOBLMOYVDHVLGEITPUSEELWANFIFKBKIXPODLOGNYRFACTEICEXCAPERMVOCANMASULMPTTFXMEREDNKQMEIFEQAMMEXRPJXMHIJLKSCBNYQPLYYJOZNGCMGUFQSBTLJ
SYNTHETIC_P07	9	-2776.63062763	-2799.71517185	EAOWSOQAA	UWLWBJCDRFEHTFXRECASAQQFHXFLHTOBBTQWCEHANENGEDPUQBFHAOIAMOYVDLVXCEITPUKELAWINQIJKBGIHPHDDOANYRJECTEUCEXUSPERGVOKENMESGLMZLTFPMLRELEBQDEUFEATEMWXRPJXDLIALKSCBFQQHLYYJOZGGGMGUFQSSTDJ
SYNTHETIC_P07	9	-2778.95697403	-2802.04151825	ISCSAWQEM	UWEAKFCBRFEVONFRICLSGQQBHXMPHHOBJTQIAIACAANELHHIMINHEAGEFOYVDJVBUSITPUOEJEWKNFIHEBYIDPODHALNYRFACTLYCEXCAPEDEVOMANMCSKLMVTTFTMJRKANKQBRYFSWAMMAIRPCXMHILYKSQBNYQLWYYCOZNGEGGUTQSBTHV
SYNTHETIC_P07	9	-2783.33635807	-2806.42090229	YSWMAWQIM	UWHDKFCMRFEPINFRMCPSJQQBHXMEHBOBJTQIFIOFAANCLXHDGINHIALETOYVDHVRUNITPUSEBEWANFIFEBYIXPODLADNYRFACTLOCEXCAPEDJVOCANMASALMPTTFXMBRADNKQMROFMQAMMEIRPFXMHIJYKSKBNYQPWYYFOZNGCGGUNQSBTLV
SYNTHETIC_P07	9	-2783.85349464	-2806.93803886	YAOMAWQIM	UWLDKFCMRFEHINFRMCPSAQQBHXMEHTOBJTQIFEHFAANCLXPUGINHIALAMOYVDHVRCEITPUSEBAWANFIFEBGIXPODLADNYRFACTLOCEXCAPEDJVOCANMASALMPTTFXMBREDNKQMROFEQAMMEIRPJXMHIJYKSCBNYQPWYYJOZNGCGGUFQSBTLV
SYNTHETIC_P07	10	-2738.09800053	-2763.7474941	QAQYUYMIKI	WSBXQLKAJVEFIUGHMMCEIQZDASAMJSUPBLWQITHEDATFRBLEYGZRGYIRENSIDITOLDERQNUKFRVXQVITJHMZDCADRPEARKAAYXMOBNRMQQDEDORTISTRLANKNEWSIBLYEJICSFNSDEANNBHFPQEZAMGNDQKSBBWKHYYQEZNKTISUGVKQSNML
SYNTHETIC_P07	10	-2740.93363333	-2766.5831269	QAQYUYMACM	WSBXQLKEAVEFIUGHMECEIQZDASADASUPBLWQILZEDATFRBLIYEZRGYIREFSMDITOLDERQNUKFRVXQVITJHMZDCAURPEARKAAYOMOBNRMQQDIHORTISTRLSFKNEWSIBLYWHICSFNSDETRNBHFPQEZEKGNDQKSBBOOHYYQEZNBFGSUGVKQSFFP
SYNTHETIC_P07	10	-2741.18831158	-2766.83780515	GKIAUYMACM	WSFKQLKEAVEFAXGHMECEAQZCASADASKPBNWQILZEINTERBLIYEPAGAIREFSMIDTOLDERQNKUFRVXQVITBCDZDCAURPUKJKAAYOMOGNALQQDIHOHTBUTRLSFKNMFSIBLYWHIMLFNSDETRNJLEPQEZEKGXVSKSBBOOMYYQEZNBFGIUGVKQSFFP
SYNTHETIC_P07	10	-2742.53068113	-2768.18017471	MAQAUUAOKO	WSBKQADKJVEFIXGDASCEKQZCASGJJSQPBNWQWZHEFATERDEBYDVRGAINSTSOFITOLFKRQNQKFRVTEVITLHMZDETARPAARKAWNDMODNRLQQJBDONTIUTRZGNKNEWSIDEYEGICSFNOREATNBHEPQKZAJGNDSKSPBWQJYYQEZNHTFOUGVKQSTMR
SYNTHETIC_P07	10	-2743.1983428	-2768.84783637	MAQAUYMIKO	WSBKQLKAJVEFIXGHMMCEKQZCASAMJSQPBNWQITHEFATERBLEYDVRGAIRENSOFITOLDERQNQKFRVXQVITLHMZDCADRPAARKAAYXMODNRLQQDEDONTIUTRLANKNEWSIBLYEGICSFNSDEATNBHEPQEZAJGNDSKSBBWQJYYQEZNKTFOUGVKQSNMR
SYNTHETIC_P07	10	-2750.04626083	-2775.69575441	QAQAUUAOKI	WSBKQADKJVEFIXGDASCEIQZCASGJJSUPBNWQWZHEDATERDEBYGZRGAINSTSIDITOLFKRQNUKFRVTEVITJHMZDETARPEARKAWNDMOBNRLQQJBDORTIUTRZGNKNEWSIDEYEJICSFNOREANNBHEPQKZAMGNDSKSPBWKHYYQEZNHTISUGVKQSTML
SYNTHETIC_P07	10	-2750.89879704	-2776.54829061	GKIAUUAYCM	WSFKQADFAVEFAXGDACCEAQZCASGEASKPBNWQWJZEINTERDEJYEPAGAINSDSMIDTOLFKRQNKUFRVTEVITBCDZDETIRPUKJKAWNNMOGNALQQJVHOHTBUTRZRFKNMFSIDEYWHIMLFNORETRNJLEPQKZEKGXVSKSPBOOMYYQEZNOFGIUGVKQSCFP
SYNTHETIC_P07	10	-2753.84526587	-2779.49475944	QASEUYMACM	WSAIQLKEAVEFKBGHMECEIQZAASADASUPBRWQILZEDATCRBLIYEZRGEIREFSMDITOLDERQNUKFRVXQVITJHLZDCAURPEATKAAYOMOBNIJQQDIHORTLYTRLSFKNEASIBLYWHICVFNSDETRNBPCPQEZEKGNEWKSBBOOHYYQEZNBFGSUGVKQSFFP
SYNTHETIC_P07	10	-2754.45610762	-2780.10560119	SAIAUYMIKM	WSFKQLKAJVEFAXGHMMCEHQZCASAMJSWPBNWQITHECATERBLEYEBRGAIRENSMYITOLDERQNXKFRVXQVITIHDZDCADRPGAJKAAYXMOWNALQQDEDOSTBUTRLANKNEFSIBLYEHICLFNSDEARNBLEPQEZAKGNVSKSBBWOGYYQEZNKTGUUGVKQSNMP
SYNTHETIC_P07	10	-2754.46226263	-2780.11175621	MAQUSCAOKO	WSBAHJDKJVEFIRFLASCEKQZFXSGJJSQPBHVQWZHEFATHIMEBYDVRGUHVSTSOFITOMBKRQNQKFRTBEVITLHMZEATARPAARKAENDMODNRBQQJBDONTIOTRZGNKNEWSSMEYEGICSFKWREATNBHHPQKZAJGNDMKSPBWQJYYQFZNHTFOUGVIQSTMR
SYNTHETIC_P07	11	-2681.94897652	-2710.16341945	USYWUAMMKQS	SWLFADLIVOXFERTHIMRCEKPBGTGBMJMANBEAQRLIFWEYDIVAXBPUFFKJKQASAVOJGKHQNQNNWANIQZUJTSGATJAPPNMRSLEARNAMOODEXPQIFINEIRIEUROFINVRTIONGIUJRAMFTQNHOHINOUXMSLOHDEACONDCFYLODDEQZPMOUGUIJZVY
SYNTHETIC_P07	11	-2682.48383331	-2710.69827625	USYWUAMASQS	SWLFADLBVOXFERTHIMFCEKPBGTGBMCIANBEAQRLIFEEYDIVAXBPHBFKJKQASAVDRGKHQNQNNWGNIQZUJTSGAHJAPPNMRSLEGINAMOODEXPERFINEIRIEUROFINVRTIONGIUJRAMFTQNAOHINOUXMSLCHDEACONDCFYHODDEQZPMOUGUIJZVY
SYNTHETIC_P07	11	-2688.59093666	-2716.80537959	USYQOAMASQS	SWLIDDLBVOXFERNBIMFCEKPBGTJBMCIANBEAQLLIFEEYDIVDXBPHBFKJKQUSAVDRGKHQNQNNWGNIQZUJTSGAHJAPPNMRSLEGINAMOODEXPERFINEIRLEUROFINVRTCONGIUJRAMIMQNAOHINOURHSLCHDEACONGCFYHODDEQZJMOUGUIJZVY
SYNTHETIC_P07	11	-2694.0911622	-2722.30560514	USYQAIMWKQS	SWLIKMLDVOXFERNNQMBCEKPBGTDKMEMANBEAQXTIFWEYDIVDXKPJFFKJKQUSIVZJGKHQNQNNWINIQZUJTSGADJAPPNMRSHEIRNAMOODEXPAIFINEIRFAUROFINVRTOWNGIUJRAMIGQNCOHINOURTSLYHDEACONALFYLODDEQZVUOUGUIJZVY
SYNTHETIC_P07	11	-2694.88768387	-2723.1021268	USYQQGMMKQS	SWLICALIVOXFERNDOMRCEKPBGTILMJMANBEAQNRIFWEYDIVDXLPUFFKJKQUSGVOJGKHQNQNNWANIQZUJTSGATJAPPNMRSIEARNAMOODEXPQIFINEIRKBUROFINVRTEUNGIUJRAMILQNHOHINOURJSLOHDEACONFMFYLODDEQZLSOUGUIJZVY
SYNTHETIC_P07	11	-2694.9711256	-2723.18556853	USYQWQMMKQS	SWLIMILIVOXFERNJYMRCEKPBGTFGMJMANBEAQTBIFWEYDIVDXGPUFFKJKQUSQVOJGKHQNQNNWANIQZUJTSGATJAPPNMRSDEARNAMOODEXPQIFINEIRSJUROFINVRTLENGIUJRAMIIQNHOHINOURPSLOHDEACONCHFYLODDEQZRCOUGUIJZVY
SYNTHETIC_P07	11	-2695.72379017	-2723.9382331	USYWUWYMKQS	SWLFAFFIVOXFERTHEYRCEKPBGTGDGJMANBEAQRHUFWEYDIVAXDPUFFKJKQASWVOJGKHQNQNNWANIQZUJTSGATJAPPNMRSALARNAMOODEXBQIFINEIRIGUROFINVRTIKNGIUJRAMFTQNHOHINOUXMSLOHDEACONDEMYLODDEQZPIAUGUIJZVY
SYNTHETIC_P07	11	-2696.08914852	-2724.30359145	USYWUWYWEQS	SWLFAFFDVOXFERTHEYBCEKPBGTGDGECANBEAQRHUFQEYDIVAXDPJIFKJKQASWVZDGKHQNQNNWINIQZUJTSGADJAPPNMRSALICNAMOODEXBADFINEIRIGUROFINVRTIKNGIUJRAMFTQNCOHINOUXMSLYHDEACONDEMYBODDEQZPIAUGUIJZVY
SYNTHETIC_P07	11	-2700.73154497	-2728.9459879	USYQSMMWKQS	SWLIBKLDVOXFERNFUMBCEKPBGTHIMEMANBEAQPXIFWEYDIVDXIPJFFKJKQUSMVZJGKHQNQNNWINIQZUJTSGADJAPPNMRSFEIRNAMOODEXPAIFINEIRJLUROFINVRTGANGIUJRAMIKQNCOHINOURLSLYHDEACONEJFYLODDEQZNYOUGUIJZVY
SYNTHETIC_P07	11	-2703.99091339	-2732.20535632	USYQQGWWEQS	SWLICAGDVOXFERNDOWBCEKPBGTILHECANBEAQNRSFQEYDIVDXLPJIFKJKQUSGVZDGKHQNQNNWINIQZUJTSGADJAPPNMRSIMICNAMOODEXZADFINEIRKBUROFINVRTEUNGIUJRAMILQNCOHINOURJSLYHDEACONFMAYBODDEQZLSYUGUIJZVY
SYNTHETIC_P07	12	-2705.87370729	-2736.65309958	MSKEAQSQQAAS	WXLIDJFAGXTHEFDBMYTUDELOAQJDCRMFQERFORHOWEEEZLPMOGUIALFDAYYVSTVHYGKTHISOTEQBWCIMMMNOBZIPPIESFAAKHWELEYHIBIIFLEBNBSLLSRZKWJANEDANADDRJVNETKIFGEAIXZAQADMYJKLFLTYANTSWARIEIDIOTEOUSTTF
SYNTHETIC_P07	12	-2706.54226446	-2737.32165675	MSKUCOMAUAYS	WXLACKIIEXTHEFDROWNEDELOAQJIBRCAQERFORHEYEYOZLPMOGUANMILLYYVSTVXBEEDLISOTEQGWDLHKMBOBZIFPGYCJAZKHWEDDYKDMIJFLEBDDSFVSRXKWJANDEDNLDERJVNEVICFKEYIXZAQMECLHKMFLTYAPRMHERGEIDIOTFOUSTTD
SYNTHETIC_P07	12	-2707.81914759	-2738.59853988	CMKUCOMAUQWS	WXLACKIIEXTHEFDROWNEDELOFQJIBRCAQJRFERHEYEYOZBPMOJUANMILLYYVSNVXBEEDLISOTHQGWDLHKECOBTIFPGYCJQXKNWEDDYKDMAKFAEBDDSFVSRVKWMANDEDNLIFRJPNEVICFKUWIXZAQMECLHCAFLTYAPRMHEHEEAGIOTFEOSTTD
SYNTHETIC_P07	12	-2711.88201046	-2742.66140275	MSKUCOSQQAAS	WXLACKFAGXTHEFDROWTUDELOAQJIBRMFQERFORHEYEEEZLPMOGUANMFDAYYVSTVXBEKTHISOTEQGWDIMMMNOBZIFPGESFAAKHWEDDYHIBIIFLEBDDSLLSRZKWJANDEANADDRJVNEVIIFGEAIXZAQMEMYJKLFLTYAPRSWARIEIDIOTFOUSTTD
SYNTHETIC_P07	12	-2717.88127327	-2748.66066556	MMKUCOMAQIQW	WXLACKIIGXTFEFDROWNEDELSAQJIBRCAQARDORHEYEYOZTPQOJUANMILAYYVSNVXBEEDHISOTHQGWDLHMIFOBTIFPGYCFIRKHWEDDYKDBEADLEBDDSFVSRPOWMANDEDNAMIGJPNEVICFGMQNXZAQMECLJGDDLTYAPRMHAZYIIGIOTFOOSTTD
SYNTHETIC_P07	12	-2719.48320913	-2750.26260142	MMKUCOSQQIMI	WXLACKFAGXTMEFDROWTUDELEAQJIBRMFQAROORHEYEEEZTPDOJUANMFDAYYVSNVXBEKTHISOTHQGWDIMMIHOBTIFPGESFINKHWEDDYHIBECKLEBDDSLLSRLAWMANDEANAMKAJPNEVIIFGMMZXZAQMEMYJGFKLTYAPRSWAZUUIGIOTFOOSTTD
SYNTHETIC_P07	12	-2720.67690897	-2751.45630126	MSKUAGUAQIAS	WXLADBEIGXTHEFDRMOVEDELOAQJICRLAQARFORHEWEGOZTPMOGUAADELAYYVSTVXYWMDHISOTEQGWHHHMINOBZIFPYGCFIAKHWEDEYGDBEIFLEBDBSNVSRZKWJANEIMNAMDRJVNETAKFGMAIXZAQAILLJGLFLTYANJUHAZIEIDIOTJOUSTTV
SYNTHETIC_P07	12	-2721.34689474	-2752.12628703	MCKECMSQQAAS	WXLICLFAGXTHEFDBOUTUDELOAQJDBRMFQERFORHOYEEEZLPMOBUINAFDAYYVSDVHBCKTHISOTMQBWEIMMMNOBJIPPEESFAAKHWELDYHIBIIFLEBNDSLLSRZKWEANDFANADDRJFNEVGIFGEAIXZAQMFMYJKLFLTYAPPSWARIEILIOTGOESTTB
SYNTHETIC_P07	12	-2724.74772787	-2755.52712016	GCKUCOMAQQKM	WXLACKIIGXTKEFDROWNEDELIDQJIBRCAQJRIIRHEYEYOZBPGOBUANMILAYYVSDVXBEEDHISOTMQGWDLHMEIOBJIFPGYCFQLKKWEDDYKDBADIFEBDDSFVSRJEWEANDEDNAILLJFNEVICFGUKDXZAQMECLJCGILTYAPRMHAHSYLLIOTFIESTTD
SYNTHETIC_P07	12	-2726.13906431	-2756.9184566	GCKUCOSQQAQS	WXLACKFAGXTHEFDROWTUDELODQJIBRMFQERFIRHEYEEEZLPMOBUANMFDAYYVSDVXBEKTHISOTMQGWDIMMMFOBJIFPGESFARKKWEDDYHIBIAFFEBDDSLLSRPKWEANDEANADIRJFNEVIIFGEQIXZAQMEMYJKDFLTYAPRSWARYELLIOTFIESTTD
SYNTHETIC_P07	13	-2745.12477875	-2778.46912039	SIWSSEIAYCOWC	XQMHIMEBXTQCXFFPOENIECFKTLJLGVEBREOYGAMOSSEETZLOXMLJKKAMCYVTOHIXDQYPVIISPCNEQDLDBEFTUEDMYREELKTSKBCKQMPSVEDMENUEGRAGOSQULVLNDQSDKMIFYHKBNNOPRECTYMPPEASLEGIONNECCQOZBOTBRZQEUVGUORTB
SYNTHETIC_P07	13	-2749.44107437	-2782.78541602	SIWSWIAGYCYWC	XQMHRKILXTQCXFFPOJRAKCFKTLJLGVCMRBOYBAMOSSEIXZROXWLJKKAMAYVTOHDXDQYPVMISPCNEQDLDBEDTURDMYREELKTWKBJKQMPSVEDMCNURGRIGOSQULZLNIQSNKMIFYHIMANOPRECTYMPTITSLEGIONNECAQOZBOTBRZQEYVGUORTB
SYNTHETIC_P07	13	-2753.59193182	-2786.93627347	SIWSSEIAQAUWC	XQMHIMEBXTQCXFFPOENIECFKTLJLGVEBREOLDAMOSSEETZLOUSLJKKAMCYVTGIFXDQYPVIISPVLEQDLDBEFTUEHAYREELKTSKBCCOMPSVEDMENUEKRKGOSQULVLNDISJKMIFYHKBNNOCRECTYMPPEASLDGIONNECCQOZFOTBRZQEUVGUGRTB
SYNTHETIC_P07	13	-2755.94896555	-2789.2933072	IIAISGIAQAUQK	XQKMILEBXTQFXFFTEEPIECFKNLBLEVEAREOLDDIESWEEVZLOUSFRCKLECYVTGIFXMGYTLIISPVLEQLDDMJFTUEHAYRAULOJSKBCCOMPAVEBEENUEKRKJOSQYBVLNDISJEMRFYMKQNNOCRHLIYMFPHASLDGCWNNCHCQOZFOTERZUUUVGUGRTV
SYNTHETIC_P07	13	-2756.23033905	-2789.5746807	SIWSSEIGYAUWC	XQMHIMELXTQCXFFPOENIKCFKTLJLGVEBRBOLDAMOSSEETZROUSLJKKAMCYVTOIFXDQYPVIISPCLEQDLDBEFTURDAYREELKTSKBJKOMPSVEDMENURGRKGOSQULVLNIQSJKMIFYHKBNNOCRECTYMPPEASLDGIONNECCQOZBOTBRZQEUVGUORTB
SYNTHETIC_P07	13	-2757.22791004	-2790.57225169	IIAISGIAYCOWC	XQKMILEBXTQCXFFTEEPIECFKTLBLEVEAREOYGAMESWEEVZLOXMLJCKLECYVTOHIXDGYTLIISPCNEQDDDMJFTUEDMYREULOJSKBCKQMPSVEBEENUEGRAGOSQYBVLNDQSDKMRFYMKQNNOPRECIYMFPHASLEGIONNCHCQOZBOTBRZUUUVGUORTB
SYNTHETIC_P07	13	-2757.277071	-2790.62141265	QOAKSISAYCOWC	XQKQIKMBXTQCXFFTHERSECFKTLKIEVEMREOYGAMMYWEEXZLOXMLJLHLDCYVTOHIXDOETNIISPCNEQDMAMIFTUEDMYRECROLSKBCKQMPSVBBDENUEGRAGOSQYDVLNDQSDKMJCYQKMENOPRECREMGPILSLEGIONNCYCQOZBOTBRZUXUVGUORTB
SYNTHETIC_P07	13	-2758.36748171	-2791.71182336	SIWSSYAYMUEAO	XQMHICIOXTQAXFFPOEHADCFKXLJLGVEERROBLLGOSSEENZIOOCPVKKAMCYVTILAXKQYPVIISPRFEQPLDBEFTUFJDYRLELKTSKBAYIMPEVEDMENUFMRFEOSQULVLNBESTOMIFYHKEANOFRCJTYMPPYTSLXGMANNECCQOZHOTMRZQEUVGUCRTF
SYNTHETIC_P07	13	-2758.60781622	-2791.95215787	WIWSSEIAQAUQK	XQMHIMEBXTQFXFFPOENIECFKNLHLGVEBREOLDDISSSEETZLOUSFRIKAMCYVTGIFXMUYPVIISPVLEQLJDBEFTUEHAYRAILKTSKBCCOMPAVEDMENUEKRKJOSQULVLNDISJEMGFYHKBNNOCRHLXYMPPEASLDGCWNNECCQOZFOTERZQEUVGUGRTV
SYNTHETIC_P07	13	-2760.7339015	-2794.07824315	SIWSSEIAQAUOW	XQMHIMEBXTQGXFFPOENIECFKLLJLGVEBREOLDECOSSEETZLOUSDDKKAMCYVTGIFXGQYPVIISPVLEQXLDBEFTUEHAYRHELKTSKBCCOMPMVEDMENUEKRKKOSQULVLNDISJCMIFYHKBNNOCRIFTYMPPEASLDGAINNECCQOZFOTFRZQEUVGUGRTT
SYNTHETIC_P07	14	-2634.55450439	-2670.4637954	IWAAUWSKIMAKAM	QXDEEKFFTQNFFPFFSWHESODELHKRENDERDYIHNGMRHEENPZGOEHAGEIDHVTOLEXRMHDNNDYITPZHERILFUITREALRSCXTRAEJNAYMONOIDEXDOZFAUEBNRWASHEYWHATOOMGJPJODETHPFKMIQEYEFEFLOGINTLSHBUPARKDKZAOTBKZITTL
SYNTHETIC_P07	14	-2636.08325434	-2671.99254534	MWAAUASUOOMKIC	QXDEEIFATQNFBPFFSWHISYDELHKRCNDERBYDEGAMAMIENPZKOONDSERTFVTOLCXRJGKNNICITPZLERONRUITREALRSCXTRHEFNAYMONOIDEXPOHFLUEBNRWISGLYFMETOOMGJZJQPEAXPFKMIQEYBELFHAGINTLSHBARMRSSIZAOTMOZITTP
SYNTHETIC_P07	14	-2639.72914171	-2675.63843272	MSAAUASUOOMKIK	QXDEEIFATQNFBPFFSWHISYDELHKRCNDERBYDEGAMANIENPZKOONDSERAFVTOLCXRJGKNNECITPZLERONRUITRGALRSCXTRHEFNAUMONOIDEXPOHFLUEBNRWISGLYFIETOOMGJZJQPEAFPHKMIQEYBELFHJGENTLSHBARMRSAIDAOTMOUITTP
SYNTHETIC_P07	14	-2644.97247744	-2680.88176844	MSAAGQSKOOMKIK	QXDELAFFTQNFBPFFSWTYSODELHKRCNDERGYIEGAMANIENPZAOENDSERAFVTOFHXRJGKNNECITPLBERONRUITRGALRSCXTRHEFNAUMONOIDEXPOHFLUEBNRWASGLYFIETOOMGJPJQPEAFPHKMCQEYBELFHJGENTLSHBARMRSAIDAOTEOUITTF
SYNTHETIC_P07	14	-2646.42514896	-2682.33443997	MWAAUWSKIMAUSC	QXDEEKFFTQNAJPFFSWHESODELRKRCNDERDYIHNGHIMIENPZGOEHAGOBTFVTOLEXRMHDNNICITPZHERILFUITREALRSCXTRAMANAYMONOIDEXDYRFLUEBNRWASHEYAMETOOMGJPJODEKXPFKMIQEYEFEACAGINTLSHBUPABCSIZAOTBOZITTL
SYNTHETIC_P07	14	-2648.07439661	-2683.98368761	MSAAUASEOMAKIK	QXDEEIFITQNFBPFFSWHISIDELHKRCNDERBYLENGMANIENPZKOYNAGERAFVTOLCXRJHDNNECITPZLEROLFUITRGALRSCXTRAEFNAUMONOIDEXDOHFLUEBNRWDSHEYFIETOOMGJJJODEAFPHKMIQEYBFEFHJGENTLSHBAPARSAIDAOTMOUITTP
SYNTHETIC_P07	14	-2648.22243595	-2684.13172696	MSAAUASASSYICC	QXDEEIFKTQNGEPFFSWHISEDELFKRCNDERBYACEHADMIENPZKOURHECLTFVTOLCXRHEENNICITPZLERSRDUITRGALRSCXTRNFINAUMONOIDEXAMBFLUEBNRWFSEFYIMETOOMGJFJUBEUXPHKMIQEYMCFGKAGENTLSHBEVYPMSIDAOTMOUITTP
SYNTHETIC_P07	14	-2648.47470808	-2684.38399908	AWAAUWSKMSYICS	QXDEEKFFTQNGEPFFSWHESODELFKRINDERDYIFEHADEWENPZGOELHECLJLVTOLEXRKEENNAQITPZHERMRDUITREALRSCXTRNFINAYMONOIDEXAMBFEUEBNRWASEFYIESTOOMGJPJUBEUNPFKMIQEYCCFGKFGINTLSHBYVYPMIOZAOTBDZITTL
SYNTHETIC_P07	14	-2649.35580778	-2685.26509879	MWAAGSSUOOAUKC	QXDELMFATQNAAPFFSWTASYDELRKRCNDEROYDEGGHMMIENPZDOONDGOTTFVTOFGXRJGDNNICITPLDERONFUITREALRSCXTRAMENAYMONOIDEXDYJFLUEBNRWISGEYEMETOOMGJZJQDECXPFKMCQEYBEEAGAGINTLSHBARABUSIZAOTDOZITTH
SYNTHETIC_P07	14	-2649.96487188	-2685.87416289	MSAAGUSUGMAUSC	QXDELLFATQNAJPFFSWTCSYDELRKRCNDEREYDINGHIMIENPZEOOFAGOBTFVTOFPXRQHDNNICITPLEERHLFUITRGALRSCXTRAMANAUMONOIDEXDYRFLUEBNRWISHEYAMETOOMGJZJODEKXPHKMCQEYFFEACAGENTLSHBSPABCSIDAOTCOUITTJ
SYNTHETIC_P07	15	-2680.31506968	-2718.78931004	QICKUCOEYISCSEO	XQDJLADEQNXEPSAFEUHGKOJCFLZLRDJAOGNYGEFANDVJDDXYUOWNSEDASHECHGRQDCGNWTNCQHXVSFQVBSUITTHBLICTRNMIGRMMHIMGOHCFXWHNFORTSKZSNAKWDHJQFFCCKBGILEENWEEPMSTMALCHANDBYYEKDNOTFROMADOQYTUUUHVF
SYNTHETIC_P07	15	-2680.52901173	-2719.00325209	QMUWKGMMWAACMIY	XQHDDLEAQNXEPSIFEMTWOMRCFLZLRNJLOANIHAGEADVHLDBYGOBLACVJSHIMHERQIAHNWTNCQFXVWFQLFQUITTHBPICTRNEGHRADDICEOHCFXMLLFMJBSEDSNLYWIFKQGJLCAMBIPXEDACENEATMEVCFECIMYYFBMNOTARSENTSQYRMCUHVP
SYNTHETIC_P07	15	-2683.42081165	-2721.89505202	QMUWKGCWYISCMIY	XQHDDLJIQNXEPSIFEMTWOCBCFLZLRNJLOANINIFANDVHLDBYGOBAKEDASHIMHERQIAMNWTNCQFXVWFQLFGUITTHBPICTRNEGNRMMHICEOHCFXMLAFORTSEDSNLYWIFCQFFCCAMBIPXEDASEPMSTMEVCFECIMYYEKDNOTARSENTSQYTUUUHVP
SYNTHETIC_P07	15	-2686.89919567	-2725.37343603	EIKWKGCWYISCQSQ	XQMDDLJIQNXEPSMFECTWOCBCFLZLRFCAOANINIFANDVCCRXYGOBAKEDASHSEAGRQIAMNWTNCQAXJSFQLFGUITTHBZIXTRNEGNRMMHIAMOUCFXMLAFORTSINSNAGWIFCQFFCCLHFILMEDASEPMSTMONIHJCIMYYEKDNOTEFOUNTSQYTUUUHVH
SYNTHETIC_P07	15	-2692.9414382	-2731.41567856	QMUUKUKMWAACMIY	XQHEDOFAQNXEPSIFEMRWDKRCFLZLRNJLOBNBIAGEADVHLDBYEOPJACVJSHIMHERQIGINWTNCQFXVWFQLTOUITTHBPICTRNEMIRADDICEOHCFXMZJFMJBSEDSNLYWILLQGJLCAMBIPXEDOAENEATMEVCFEDIFYYFBMNOTARSELTGQYRMCUHVP
SYNTHETIC_P07	15	-2699.11307573	-2737.5873161	QMUWKGCYUAACMIY	XQHDDLJHQNXEPSIFEMTWOCDCFLZLRNJLOANINTHEADVHLDBYGOBANAVJSHIMHERQIAMNWTNCQFXVWFQLFGUITTHBPICTRNEGNRBDDICEOHCFXMLAFKJBSEDSNLYWIFCQHJLCAMBIPXEDASELEATMEVCFECIMYYGBMNOTARSENTSQYPMCUHVP
SYNTHETIC_P07	15	-2701.38981485	-2739.86405522	QMUCKMSQMOOCMIY	XQHADIBLQNXEPSIFEMZWUSVCFLZLRNJLOKNFELLRGDVHLDBYMOHRESIXSHIMHERQIKENWTNCQFXVWFQLLWUITTHBPICTRNEDERFJJICEOHCFXMRRFCXPSEDSNLYWICHQLWECAMBIPXEDGIEDTOTMEVCFEMIJYYQHFNOTARSETTYQYGAQUHVP
SYNTHETIC_P07	15	-2702.97647047	-2741.45071083	QICKUCOMWAACKEO	XQDJLADAQNXEPSAFEUHGKORCFLZLRDJAOGNYGAGEADVJDDXYUOWNACVJSHECHGRQDCGNWTNCQHXVSFQVBSUITTHBLICTRNMIGRADDIDGOHCFXWHNFMJBSCZSNAKWDHJQGJLCBBGILEENWEENEATMALCHANDBYYFBMNOTFROMADOQYRMCUHVF
SYNTHETIC_P07	15	-2703.86851645	-2742.34275681	QICUSOMEUAACMIO	XQDEMHEEQNXEPSAFEUREWMJCFLZLRDJAOBNEHEHEADVHDDXYEOJLSAVJSHICHGRQEJHNWTNCQFXVSFQTNQUITTHBPICTRNAWHRBDDICEOHCFXUSLFKJBSEDSNAKWEBKQHJLCAMGILEELICELEATMELCHADNIYYGBMNOTFROMLAAQYPMCUHVF
SYNTHETIC_P07	15	-2704.70876789	-2743.18300825	QIMWMGMMYICIQEO	XQLDCLEAQNXBPSAFEETYOMRCFLFLRDJAOANIHAFAMAVJDDXYGOBLAEDLYHECHGRQHAHNWTNMQHXVSFQNFQUITTHBLICTRNDGHRMMCFAGOHCFXOLLFORDSIZSNAFWHFKQFFKMLBGILOEFACEPMCZMALCHICHMYYEKLNOTFROWNVSQYTUEUHVF
SYNTHETIC_P07	16	-2735.37752867	-2776.41671839	QWMMOEAGEYCGCYOY	QRICHIGANXEMEUJQEEFIAMBKDFKDKRCRYCYHTCENCJYHADALYGPHNSHAMPGGQRHDICHWTNQAWLDEGANCRUQUJTSGBEJQOQAAJYKKCVILVNNEDGRIPEDVPSTATRAZFLMBBAKAQNALARPAXALEGANDMAWHXSKIHLAQHYYQHZNLEASUGVEQSLHB
SYNTHETIC_P07	16	-2744.4866333	-2785.52582302	IAUKCOAGMUCYMUOQ	QREDADGANXEDMUJQEENGOWBKDFKVKRCRYAYIFKENLLYLIFAXYKPFACHAULGYANHUMADWTNQAWADIBCNGJYYUJTSGBAJIOMASAYGLIVILVNNILIRMHELTDSTATRARPLMTFLGBQGALPRPEXCLIYEVBMLWHESKAHHAILYYQAZNLACKUGVSQSLPX
SYNTHETIC_P07	16	-2748.60659266	-2789.64578237	ISASKSAGMUCGCCSM	QRBMJBGANXEMEUQQEETOWABKDFKDKRHRYEYEBIENLLYHABLEYCPNIGHAULGGQVLRMEAWTNQAWADEGLEIJQEUJTSGBAJQOUFOAYDHEVILVNNEDERUHERBLSTATRAZFLMOFYDKQEALPRPAXLJKYXBJMPWHESKIHPEELYYQJZNLACKUGVAQSLPX
SYNTHETIC_P07	16	-2750.44193506	-2791.48112478	QCAQMEAGEMCYMUAM	QRBAIIGANXEDMUDQEETMYMBKDFKVKRORYMYFACENCCYLIFHEYMPLKSHAMDGYANTRINAWTNQAWEDIBCAIRBEUJTSGBSJIOMNOJYDIDVILVNNILIRUPERZNSTATRARPLMOBKDLQNALARPEXCFKGGBHMAWHXSKAHHMEHYYQOZNLEGSUGVDQSLHP
SYNTHETIC_P07	16	-2751.32004595	-2792.35923567	QWMMOEAGWUCAGUAM	QRICHIGANXECCUDQEEFIAMBKDFKXKRORYCYHTCENGLYKLFHEYGPHNSHAELGAUNTRICHWTNQAWADHECAIRUQUJTSGBAJKOMNOJYKKCVILVNNHRIRUPEDVPSTATRATILMOBAKAQNALERPDXCFKGANDMAWHPSKCHHMEHYYQHZNLICSUGVEQSLZX
SYNTHETIC_P07	16	-2754.63175488	-2795.67094459	QCASGEAGEYCAGUAM	QRBMLIGANXECCUDQEETOSMBKDFKXKRORYMYEDCENCJYKLFHEYMPNESHAMPGAUNTRINAWTNQAWLDHECAIRBEUJTSGBEJKOMNOJYDHGVILVNNHRIRUPERBHSTATRATILMOBKDKQNALARPDXCFKGGBJMAWHXSKCHHMEHYYQLZNLEASUGVWQSLHB
SYNTHETIC_P07	16	-2755.51379871	-2796.55298843	MCSGOEAGEUCAGUSM	QRFFHIGANXECCUQQEELCAMBKDFKXKRHRYMYNTCENCLYKLFLEYMPANSHAMLGAUNLRKNEWTNQAWADHECEINBWUJTSGBAJKOMFOLYHACVILVNNHRIRULEJPPSTATRATILMODKHDQNALARPDXCJKCGTXMAWHXSKCHHEEJYYQHZNLECOUGVEQSLHX
SYNTHETIC_P07	16	-2758.67049885	-2799.70968857	QWAACYAGWQUGCCAM	QRBIALGANXIMEUDQEETWOGBKDFKDKRORYCYAFFENGAYHABHEYGPVAMHAEHGGQVTRICAWTNQAWCHEGLAIRUEUJTSGBWJQOUNOJYDDIVILVNDEDERUPERJDSTATRTZFLMOBADGQBALERPAXLFKGABRMVWHPSKIHPMEHYYQAZNLIESUGVSQSLZT
SYNTHETIC_P07	16	-2759.79801321	-2800.83720293	QCUGWEAGEYCYAUWA	QREFDIGANXEDFUFQEENCIMBKDFKVKRKRYMYNICENCJYLBFUKYMPAUSHAMPGYONOFINDWTNQAWLDIHCCORBYUJTSGBEJIOMJDJYGALVILVNNIEIRHPELPXSTATRARDLMDBKGDQNALARPEXCHDGGVXMAWHXSKAHHISHYYQDZNLEASUGVMQSLHB
SYNTHETIC_P07	16	-2759.88920975	-2800.92839947	MSCSCYAGWUCGCIGG	QRAMALGANXEMEUAQEEVOOGBKDFKDKRURYEYEFFENGLYHALEHYCPNAMHAELGGQBZLKEMWTNQAWADEGIKLNQGUJTSGBAJQOATILYCHIVILVNNEDBRELETBDSTATRAZFLMJDYCKQBALERPAXICACXDJMVWHPSKIHVSYJYYQAZNLICOUGVSQSLZX
SYNTHETIC_P07	17	-2647.7757144	-2691.37985347	SAIWSMAIYMGYYKOAQ	ROEDBADJXSPGUQJZHEFASEVANDFLVLQDRDNGAGELIHXIMILITBYPUGLZGJYGMVRROSAVNQQWXLUDZHLHIMINYJSTHASITOFSANKOKAFINNLLFRULLNFESSNKVTRRFCKNOYSMZNHIIPQMZMDNYVIRLGHANKSKZHYMALSVALMOHADNOIDASTLX
SYNTHETIC_P07	17	-2648.57535124	-2692.17949032	SAIWSMAIAMWKACOAQ	ROEDBADJXSPAUQJZHEFASEVANDFLHLQDRDNGAGELIHXIECKMTBYPUGLZGJYGMLDTGSAVNQQWXLUDZHDTUDINYJSTHASITOFINOCOKAFINNLLFRULDNEISSNKVTRRFCKNOOSORNHIIPQMZMDNYVARKKHANKSKZHYMALSLANEOHADNOIDASTLX
SYNTHETIC_P07	17	-2651.35360003	-2694.9577391	IISCQWGIMCMKYKOES	ROMACIQJXSPAUQJZPEFKYCFHNDFLHLQDRENCIDFGFHXOJCLITMYPCQRXQPYGDBDROSEVNQQWXGUDZMITIMINYJSTHACITOVYNNKOKAKENNUGCRUDINFESSNADTROPIKNEESMZNHIAPQJZHANYVFRLGHLEASKFHISALSBALMOLDINOFEQSTRV
SYNTHETIC_P07	17	-2652.22597837	-2695.83011745	WAIWSMAIIMWKACOGQ	ROEDBADJXSPAUQJZHEFASEVANDFLHLQDRDNGAGELIHXIECKMTLYPUGLZGJYGMLDTGSGVNQQWXLUDZHDTUDINYJSTHASITOFINOCOKADINNLLFRULDNEISSNOVTRRFCKNOOSORNHIGPQMZMDNYVARKKHKNOSKZHYMALSLANEONABNOIDESTLX
SYNTHETIC_P07	17	-2655.18480921	-2698.78894828	IISCYAGIKCMKYKOES	ROMALGQJXSPAUQJZPEFKYKJHNDFLHLQDRENCIDBEFHXOJCLITMYPCQRFUPYGDBDROSEVNQQWXEUDZMITIMINYJSTHAGITOVYNNKOKAKENNIECRUDINFESSNADTRXTIKNEESMZNHIAPQJZFANYVFRLGHLEASKFHMSALSBALMOLDINOFAQSTRD
SYNTHETIC_P07	17	-2655.31920004	-2698.92333912	IIAQQWGISACKAKOES	ROIGCIQJXSPAUQJZPEFSMCFHNDFLHLQDRENCEJFGFHXBBCKITMYPCYFXQPYGARDTOSEVNQQWXGUDZAATUMINYJSTHACITOTONOKOKAKENNUGCRUEANEESSNADTROPIKNCUSOZNHIAPQCZHANYVKRKGHLEASKTHISALSRANMOLDINOLEQSTFV
SYNTHETIC_P07	17	-2656.30833054	-2699.91246961	SAMIKMCSEACKYKOAQ	ROCKFACEXSPAUQJZHEFEEWVCXDFLHLQDRDNGLAILHCXBBCLITBYPUKXRGLIGARDROSAVNQQWXLULZAATIMINYJSTHASIDOTONNKOKAFINNCLERUEANFESSNKVTRJFEKNCUSMZNHIIPQGZMCEYVKRLGHANKSKLHYOLLSRALMOHADNOCHASTXP
SYNTHETIC_P07	17	-2656.81090069	-2700.41503977	IISCQWGICMWKAWAES	ROMACIQJXSPAUQDZPEFKYCFHNDFLHLQPRENCIDFGFHXIECKNTMYPCQRXQPYGMLDTBSEVNQQWXGUDZHDTUGCNYJSTHACITOFINOWAKAKENNUGCRULDNELSSNADTROPIKNOOSOLNHIAPQJZHANYVARKABLEASKFHISALSLANYALDINOFEQSTRV
SYNTHETIC_P07	17	-2656.92409563	-2700.52823471	IISCSMAIKMWKAAOES	ROMABADJXSPAUQJZPEFKYEVANDFLHLQDRENCIDELIHXIECKATMYPCQRZGJYGMLDTESEVNQQWXLUDZHDTUEINYJSTHASITOFINOAOKAKENNLLFRULDNEJSSNADTRRFCKNOOSOPNHIAPQJZMDNYVARKLHLEASKFHYMALSLANCOLDINOFDQSTRX
SYNTHETIC_P07	17	-2657.02530336	-2700.62944244	IIMIQWGIWACKAKOES	ROCKCIQJXSPAUQJZPEFEECFHNDFLHLQDRENCLAFGFHXBBCKITMYPCKXXQPYGARDTOSEVNQQWXGUDZAATUMINYJSTHACITOTONOKOKAKENNUGCRUEANEESSNADTROPIKNCUSOZNHIAPQGZHANYVKRKGHLEASKLHISALSRANMOLDINOCEQSTXV
SYNTHETIC_P07	18	-2625.042521	-2671.21160943	MMMMAWSUOOAACKAOWU	OVIETFEASIFHQQMPMSFEEIMETZDEKXKRPRILLNLCLMOFADAGOGVEALLASHIMGVDHSESLVQUKRBUGNDKKKINYRALDIRASJWPOEXCOBKBMMDNPLURIARAISNELWIIQFHOLMOSSHJNGIEINCEOPVYLXLDENIELDOHAHIZKTABMYTAYEINQZUBZV
SYNTHETIC_P07	18	-2625.042521	-2671.21160943	MMMMAWSUOOAAIKAOWU	OVIETFEASIFHQQMPMSFEEIMETZDEKXKRPRILLNLCLMOFADAGOGVEALLASHIMGVDHSESLVQUKRBUGNDKKKINYRALDIRASJWPOEXCOBKBMMDNPLURIARAISNELWIIQFHOLMOSSHJNGIEINCEOPVYLXLDENIELDOHAHIZKTABMYTAYEINQZUBZV
SYNTHETIC_P07	18	-2635.6671381	-2681.83622653	KYAMAWSUOOAAAKAOWK	OVBETFEASIFHQQMPMAFESIMETZDEKXKRPRIARBECLMOFADAGOGVEADINGHIMGVDHSESLVQUARIUGNDKKKINYRALDIRAEJWPOEXCOBKBMMDNPMURIARAISNELWIIQFMMLMOSSHJNGIEINCEOFVYEXLDENIELDOHAHIZKTOBMYTAYEINQZUBZV
SYNTHETIC_P07	18	-2645.29755116	-2691.46663959	SMAQSQAAAOAAAKAOWK	OVBCKINKSIFHQQMPMAFESMFYAFDEKXKRPRIAINEACCOCUDAGOGVEADRAGLAGGBOHSESLVQUARBUENGTHEINYRALDIRASJAPINDOOBKBMMDNPIURGERJFSNELWIIQFMULMSKSPPNGIEINCEOFVYEXCGNACELDOHAHIZKTOBESAHKEINQZUBZV
SYNTHETIC_P07	18	-2645.64395046	-2691.8130389	MMAISGKUOOAAEKAOWU	OVBGKAIASIFHQQMPMSFESEFOLZDEKXKRPRILLNEECHOFADAGOGVEALLAGDAWGVDHSESLVQUKRBUINLBKKINYRALDIRASJSPYWXCOBKBMMDNPLURKEREISNELWIIQFHOLMKKSZJNGIEINCEOPVYEXCLINIELDOHAHIZKTOBEILAYEINQZUBZV
SYNTHETIC_P07	18	-2645.64395046	-2691.8130389	MMAISGKUOOAAGKAOWU	OVBGKAIASIFHQQMPMSFESEFOLZDEKXKRPRILLNEECHOFADAGOGVEALLAGDAWGVDHSESLVQUKRBUINLBKKINYRALDIRASJSPYWXCOBKBMMDNPLURKEREISNELWIIQFHOLMKKSZJNGIEINCEOPVYEXCLINIELDOHAHIZKTOBEILAYEINQZUBZV
SYNTHETIC_P07	18	-2646.89788198	-2693.06697042	MMAISMSUAOAAQKAOWU	OVBGKKEASIFHQQMPMSFESEFUTZDEKXKRPRILLNEECEOFUDAGOGVEALLAGDACGVOHSESLVQUKRBUINIKKEINYRALDIRASJSPEEXOOBKBMMDNPLURKERAISNELWIIQFHOLMKKSHJNGIEINCEOPVYEXCIENCELDOHAHIZKTOBEOTAKEINQZUBZV
SYNTHETIC_P07	18	-2647.87423706	-2694.04332549	MCAQSGKUOOAAAKAOWU	OVBCKAIASIFHQQMPMSFESMFOLZDEKXKRPRILLMEACHOFADAGOGVEALLRGLAWGVDHSESLVQUKRGUENLBKKINYRALDIRAIJAPYWXCOBKBMMDNPLURGEREISNELWIIQFHOLMSKSZJNGIEINCEOPVYEXCLINIELDOHAHIZKTOBEILAYEINQZUBZV
SYNTHETIC_P07	18	-2647.87423706	-2694.04332549	MCAQSGKUOOAASKAOWU	OVBCKAIASIFHQQMPMSFESMFOLZDEKXKRPRILLMEACHOFADAGOGVEALLRGLAWGVDHSESLVQUKRGUENLBKKINYRALDIRAIJAPYWXCOBKBMMDNPLURGEREISNELWIIQFHOLMSKSZJNGIEINCEOPVYEXCLINIELDOHAHIZKTOBEILAYEINQZUBZV
SYNTHETIC_P07	18	-2649.90329266	-2696.07238109	KWUIQQSUOOAAGOQOWK	OVEGLIEASIFHQQEPMAFEMEDYTZDEKXKRFRIARCHEDCOFADAGOEVEADILADYGGVDHSESPVQUARJUINGKKKINYRLDDIRACJSPIEXCOBKBQCDNPMURKFRAISNELWGAQFMMLMKISHJNGIEIRSEOFVYRXDGENIELDOFFHIZKTJBCSTAYEINQZKBZV
SYNTHETIC_P07	19	-2638.18283653	-2686.91687432	QCEEGSOKMWYSYQQWKOW	VOIEANDAPSUHQZPXAMFEEWBSAPPDFLOLREQWEDAYIMPLDIADYMYDATOVEXXMUHTDCEATTUSOMCQNOFFCMEERSALKRNBWNRAOURGUSOLAYLGNPGDFXYKENRYANDKQFAMQLFIGOFRMHIWJMOERMOFHALENDALLPYELIZNOHZASNRQYIXOUGVPR
SYNTHETIC_P07	19	-2639.46516275	-2688.19920055	QCEEGSOKMWYMYOKWKOW	VOIEANDAPSUKQZKXAMFEEWBSAPPDFLILRZQWEDAYIMPLDIADYCYEDTOVEXXMUHTDCEATNUQIMCQNOFFCMEERSALARNEWNRAOURGUSOLAYLANPADFXYKENRYANDKQFDMQBFIGOFRMHIWJMOERGOFBALENDALLPYELIZNOHZASNRQYIXOUGVPR
SYNTHETIC_P07	19	-2641.74977207	-2690.48380986	QCEEGSOKMWQSSQQAKOW	VOIEANDAPSUHQZPXAMFEEWBSAPPDFLOLREQWEDAYIMPLDIADYMYDAGOVEXXMUHTDCEATTUSORCQNOFFCMEERSACKRNBWNRAOURGUSOLAYDGNPGDFXYKENRYANDKQRACQLDIGOFRMHIWJMOEIMIFHELENDALLPYELIZNOKZASNRQYIXOUGVJR
SYNTHETIC_P07	19	-2648.2936697	-2697.02770749	QCEEGSOKUWOGCQKACSM	VOIEANDAPSUAQZKXEKKEEWBSAPPDFLCLRZQOITAYIMPLDITDYFYDDGAMJXXMUHTDCNATHUSIRVVDOFFCMEERSADDRNEWNRFOURGUSOLAYBUNPADFXOKENRYANDGQKGKQBDMEOFRMHIWJMWEHASFBEDINDALLPYELEZNOFZASNRQYIXWUGVTR
SYNTHETIC_P07	19	-2648.59682655	-2697.33086435	QCEEGSOAQGQMYOKWKOW	VOIEANDFPSUKQZKXAMFEEWBSAPFDFLILRZQWEDAYIMPLDALLYCYEDTOVEXXMUHTDSIKTNUQIMCQNOFFCMEERSICARNEWNRAOURGUSOLAIDANPADFXYKENRYANIIQRDMQBFIGOFRMHIWJCSEIGOFBALENDALLPYEDGZNOHZASNRQYINSUGVPR
SYNTHETIC_P07	19	-2649.29388618	-2698.02792398	QCEEGSOKUWOGCQKKSCM	VOIEANDAPSUAQZKXJFKEEWBSAPPDFLCLRZQESTAYIMPLDITDYFYDDBFHJXXMUHTDCNATHUSIBLFDOFFCMEERSADDRNEWNRFOURGUSOLAYBUNPADFXOKENRYANDGQKGKQBLEMOFRMHIWJMWEHASFBOTSNDALLPYELEZNOFZASNRQYIXWUGVTR
SYNTHETIC_P07	19	-2654.55248642	-2703.28652421	QCEEGSOKMWYMYQKKSCM	VOIEANDAPSUKQZKXJFKEEWBSAPPDFLILRZQESTAYIMPLDIADYCYDDBFHJXXMUHTDCEATNUSIBLFDOFFCMEERSALARNEWNRFOURGUSOLAYLANPADFXOKENRYANDKQFDMQBLEMOFRMHIWJMOERGOFBOTSNDALLPYELIZNOHZASNRQYIXOUGVPR
SYNTHETIC_P07	19	-2656.5130434	-2705.2470812	QCEEGSOKMWYMYOKKUOM	VOIEANDAPSUKQZKXIMKEEWBSAPPDFLILRZQGETAYIMPLDIADYCYEDBEVJXXMUHTDCEATNUQIBNQDOFFCMEERSALARNEWNRFOURGUSOLAYLANPADFXOKENRYANDKQFDMQBLDGOFRMHIWJMOERGOFBOVENDALLPYELIZNOHZASNRQYIXOUGVPR
SYNTHETIC_P07	19	-2660.29370737	-2709.02774516	QCEEGSOKGAUSYQQWKOW	VOIEANDAPSUHQZPXAMFEEWBSAPPDFLOLREQWEDAYIMPLDIDBYMYDATOVEXXMUHTDCYETTUSOMCQNOFFCMEERSLAKRNBWNRAOURGUSOLACHGNPGDFXYKENRYANDAQHAMQLFIGOFRMHIWJMIENMOFHALENDALLPYELLZNOHZASNRQYIXIUGVPR
SYNTHETIC_P07	19	-2660.96426487	-2709.69830266	QCEEGSOKUOYGYQKKSCM	VOIEANDAPSUAQZKXJFKEEWBSAPPDFLCLRZQESTAYIMPLDITHYFYDDBFHJXXMUHTDCNSTHUSIBLFDOFFCMEERSELDRNEWNRFOURGUSOLAQLUNPADFXOKENRYANDGQFGMQBLEMOFRMHIWJMWERAOFBOTSNDALLPYELEZNOHZASNRQYIXWUGVPR
SYNTHETIC_P07	20	-2620.97447443	-2672.27346158	MYAMAOWOEOUAICOCMIUW	OXGKADHISUQDZPDSAMESEETINXXTDFKXLRCQYZBGIDUEAMDEVEYICABPEAQNUPHNOGOTTOUCHTHECISPNMEMYDIKNWMNRKJQDVLDBYBLARIDNOLDFXRGLELEVEDRWEFTBGDBPDICEZIFIACFTINFUTURNYKCFTLYJYYQBZNHEFOUGVQQSTHR
SYNTHETIC_P07	20	-2626.43408775	-2677.7330749	YECIAOWOEOUAICOCMIUW	OXFMADHISUQDZPDSAMESEEVENXXTDFKXLRCQYZBGCAUGAMDEVEYICABPEAQNGVHJOGOTTOUCHTHECISPBJDBYDIKNWMNRKJQDVLDMEDLARIDNOLDFXRGLELEVQCRWEFTBGDBPDICEZIFIHEFTINFUTURNYKCFTLYDYYQBZNHEFAUGVQQSTHR
SYNTHETIC_P07	20	-2628.09118509	-2679.39017224	SAMSAOWOEOUAIWAEWAUW	OXAHADHISUQDZPKSIDESEEFONXXTDFKXLROQIRBGFCUBAMDEVEYICDIAMEQNARHTOGOTTOUCHNTHMISPELLJYDIKNWMNRADBLVLDGANLARIDNOLDFXDJVELEVDKRWEFTBGDBPGCBMZIFICOFTINFUTURNSWEPTLYGYYQBZNHEFUUGVQQSTHR
SYNTHETIC_P07	20	-2632.80406809	-2684.10305524	MYAMAOWOEOUAIOIGMIUW	OXGKADHISUQDZPGSAMESEETINXXTDFKXLRWQYZBGIDUEAMDEVEYICHEMEAQNUPHNOGOTTOUCHFBJCISPNMEMYDIKNWMNREMADVLDBYBLARIDNOLDFXLLLELEVEDRWEFTBGDBPKPQEZIFIACFTINFUTURNKFHFTLYJYYQBZNHEFOUGVQQSTHR
SYNTHETIC_P07	20	-2639.99726057	-2691.29624772	MYIYEOWOEOUAIOIGMIUW	OXCELDHISUQDZPGSAMESEEBURXXTDFKXLRWQYZBGIDULLMDEVEYICHEMEAQNUPHZSGOTTOUCHFBJCISPNMRGYDIKNWMNREMADVLDBYILARIDNOLDFXLLLELEVEMRHEFTBGDBPKPQEZIFIAKFWINFUTURNKFHFTLYJYYQMZNHEFOUGVUQSTHR
SYNTHETIC_P07	20	-2640.70920944	-2692.00819659	SAMSAOWOEOUAIOAAYYUW	OXAHADHISUQDZPKSHEESEEFONXXTDFKXLROQKPBGFCUBAMDEVEYICHICLFQNARHTOGOTTOUCHFTDOISPELLJYDIKNWMNREDDKVLDGANLARIDNOLDFXDFXELEVDKRWEFTBGDBPKCDLZIFICOFTINFUTURNKWARTLYGYYQBZNHEFUUGVQQSTHR
SYNTHETIC_P07	20	-2644.04830503	-2695.34729218	MYAMAOWOEOUAOOIOYYUW	OXGKADHISUQDZPGSHEESEETINXXTDFKXLRWQKPBGIDUEAMDEVEYITHEILFQNUPHNOGOTTOUCMFBROISPNMEMYDIKNWMNREMJKVLDBYBLARIDNOLDFXLTXELEVEDRWEFTBGDBPKPJLZIFIACFTINFUTURNKFORTLYJYYQBZNHEFOUGVQQSTHR
SYNTHETIC_P07	20	-2644.45231628	-2695.75130343	YAMSAOWOESUCESAIMIUW	OXAHADHISUQCZPKSAMESEEFONXXTDFKZLROQYZBGCCUBAMDEVCYHEFILEAQNGRHTOGOTTSUEDJTLCISPBLLJYDIKNWMNRCDMDVLDMANLARIDNOLDFXDNLELEVDKRWEFTBEDAPICMEZIFICOFTINFUXUTNOWIFTLYDYYQBZNHEDAUGVQQSTHV
SYNTHETIC_P07	20	-2644.90524054	-2696.20422768	YAMSAOWOEOUAICMOISMY	OXAHADHISUQDZPESCHISEEFONXXTDFKXLRAQUJTGCCUBAMDEVEYICACIGIQNGRHTOGOTTOUCHTFRYISPBLLJYDIKNWMNRKKJFVCCMANLARIDNOLDFXPTHEDGVDKRWEFTBGDBPDJJGZMEICOFTINFUTURNYIOBTLADYYQBZNHEFAUGVQQSTHR
SYNTHETIC_P07	20	-2652.24875498	-2703.54774213	YECIAOWOESUCESAAYYUW	OXFMADHISUQCZPKSHEESEEVENXXTDFKZLROQKPBGCAUGAMDEVCYHEFICLFQNGVHJOGOTTSUEDJTDOISPBJDBYDIKNWMNRCDDKVLDMEDLARIDNOLDFXDFXELEVQCRWEFTBEDAPICDLZIFIHEFTINFUXUTNOWARTLYDYYQBZNHEDAUGVQQSTHV
SYNTHETIC_P08	1	-2944.96925163	-2947.53420099	U	MYIWPZOHLTZDHPGMUQSEIZEUKRJUUWZVIHBYFXQPADDICDJOQSLHUOPZESSEETGKSSKHLSOIDWBEPXGCHKDFIRXVEOFILWOITMEHIIMISEUKBSDSJVFTTSQJMCQQCVCPGBRKUTAALMCAFTDBHMLGWFQFYPDJEEGVJDTPDZSERWKABOBTAAJS
SYNTHETIC_P08	2	-2934.05576754	-2939.18566625	GG	KCLLVLYREZEJBABYUSRCKOKDKTCEIZWDLISCHAIRANPQCTOYQFSTJMBEESFLBAEMQESBFOFGMIJGPAWQMKXXKHCCAMBKFOJGAOYBAGVAWEEADNESDPGBVATFHQPKCJGYGBMUOXTELZZGDKFQAFYWUQFNQNPVKAQLHTOBECLIOEXWDYATTTNO
SYNTHETIC_P08	2	-2966.9090147	-2972.03891342	SW	EHXLVDYHLZQJIFNOUSRCEDWSETOECZWDFAESXQVGHNBQJTAYQKSJDENELHRAIFQCQJSRVOQGGYVXPQWHGCJNEMOSHENAMOVGHOKBQLGQWJEQKNQSKPSBVFTVBQBKJBSYAGYKOXTEFZLGKCRGHKKMUQFNQNPVEFCBBTABLHXYOJXMTYNTKTYO
SYNTHETIC_P08	2	-2967.43669319	-2972.56659191	MC	HERLVAYNBZKJLCHUUSRCHAQYHTIEFZWDIKYYECONKNVQMTUYQHSPGBHEBELGLCKIQGSXCOLGJKPCPCWMJMDTHJIYQBGGCOPGKOEBKIBWWGEWANKSTPNBVCTBXQUKMLMYWDTQOXTEIZFGAMLMKHESUQFNQNPVHQWGXTVBBEREOGXSAYGTATSO
SYNTHETIC_P08	2	-2977.79176426	-2982.92166297	AA	AFFLVBYLHZYJEDVSUSRCABEWATWELZWDBYMXKDCLDNJQFTIYQISNMCVEHFZEEQYHQHSVIOZGCLDAPDWKCARRAKWWDPVFIODGDOSBDJPUWHEUGNYSGPABVDTZKQJKFMAYJEGOOXTEBZTGGAZKDVSRUQFNQNPVADKFKTIBHFFCOHXQGYUTGTGO
SYNTHETIC_P08	2	-2984.33730888	-2989.4672076	WE	NDALVMYPJZUJGBRWUSRCNMBACTSEAZWDDJIAMBYPFNFQHTEYQVSQBAREJDVIGBUKQFSZKOVGEJZEPBWOELNVCISAFARIKOZGFOOBFHLYWFEYINUSIPWBVBTDMQFKHKWYLCCSOXTEDZPGILVOFGOUUQFNQNPVCBGJMTEBJDBGOFXUIYQTITCO
SYNTHETIC_P08	2	-3003.81167698	-3008.94157569	OM	GMTLVIYXAZMJRKIEUSRCGISIGTKEEZWDHFAIDKQXJNXQLTWYQCSZFJJEAMNQKKMSQBSHBONGIFRMPKWWPHEDGEKIJJJQVOQGQOHBJDDGWBEGTNNSMPOBVKTLDQXKLGOYCLUAOXTEHZHGTHMWQCHCUQFNQNPVGKYRDTWBAMTOOBXCMYITMTUO
SYNTHETIC_P08	3	-2885.95735836	-2893.65220643	QCG	KZMULJVGJHIFIXEKUYSMLFWKTZENEGSOIVYSIBXTMPEEDFCOVEETOTOGCYNEIKCOIWAVLCFEDLMSCRJBKYPXCELMYGAHLELIGQCJBSKWUEKEFNDOSFLHQONTINZYKRIWBLYMXRFSFMHTKXXEAGWITSYCNFRPIBDBGHNUSPBLUEIWSMCTTOUN
SYNTHETIC_P08	3	-2918.25578976	-2925.95063783	GSG	SZMLLJVLJHYFABEALYSELFMKDZECEGSOIVYSAGXJCPJJDVSOVJETETOLCYDEACCEYWFVLSFEIDMISRBPKOEXHJLCOGFMLUBILQCZBSCWUUKEKNDESFDMQEDTANZOKRAWBBYMXRFSFMMTKNXEFLWYJSYQNFGPAGDRWHNUSPBLUJIWIMHTTEUN
SYNTHETIC_P08	3	-2923.72520542	-2931.42005349	KWG	AZMOLJVJJHCFLMEEPYSCLFQKBZEGEGSOIVYSLEXNGPZHDYWOVHETITOJCYHELACICWDVLWFEGBMMWRMEKSJXFHLGSGDKLYFIOQCCBSAWUYKEINDISFBKQIHTLNZSKRLWBFYMXRFSFMKTKRXEDJWCNSYFNFLPLEDVAHNUSPBLUHIWMMFTTIUN
SYNTHETIC_P08	3	-2928.35729504	-2936.05214311	QWM	KZJULPVJGHCLIMBKPESCIFQQTZBNEMSOFVYYIEXTGPEHAFWUVHBTIZOJSYHLIAMOCCAVICFKDBJSWXJEHYJDCHIMSMAKIEFOGQMJBYKWUEKEFNAOSLLKQOHTINZYKRIWLLYSXRCSFSHTHXXKAJDINZYFNFLPIETBAMNUMPBQUHFWMSCTAOUS
SYNTHETIC_P08	3	-2932.68962193	-2940.38447	EEM	DZJILPVFGHKLBIBYXESLIFYQEZBAEMSOFVYYQAXGOPKDATEUVDBTQZOUSYOLBJMCKCVVIRFKJKJGEXCAHMRDIDIAAMGGISNOMQMXBYDWUSKELNACSLEGQCPTBNZMKRBWLZYSXRCSFSATHLXKGFDWVZYBNFTPBATPIMNUMPBQUDFWUSITACUS
SYNTHETIC_P08	3	-2933.07966137	-2940.77450944	KOA	AZCOLDVAZHUYLDHEHSSGBFIEBZHGEASOLVYMLIXNYPZLGYOIVLHTANOAFYZYLEFIUQDVBWFYGFCMOLMIASBRFSBGLADBOYXDOQFCBMAWUYKEINGISZBBQIZTLNZSKRLWEFYGXRISFGKTARXYDAJCFNYJNFDPLIGVSBNUFPBEULLWEGFTGIUG
SYNTHETIC_P08	3	-2933.10300827	-2940.79785634	GCA	SZCLLDVGZHIYAXHAUSSMBFWEDZHCEASOLVYMABXJMPJEGVCIVEHTONOGFYNYAKFEIQFVBSFYILCICLBBAOPRHEBCYAFHOULDLQFZBMCWUUKEKNGESZDHQENTANZOKRAWEBYGXRISFGMTANXYFGJYTNYCNFRPABGRGBNUFPBEUELWSGHTGEUG
SYNTHETIC_P08	3	-2933.23024178	-2940.92508985	AUC	FZPELEVKLHABDAGUNUSDAFOGGZGWECSOKVYODPXDFPMIFPUKVIUTGOOKEYFADBEYASIVAMFALCBCUNRFMJHTKIOWQDILAODEBQETBOFWUOKEANFYSBGLQYFTDNZIKRDWRVYJXRHSFICTNHXBIKISLPYGNFJPDFFLYDNUEPBGUSKWLIKTFYUI
SYNTHETIC_P08	3	-2940.09637451	-2947.79122258	AWU	FZFELXVJCHCTDMKUPMSCEFQYGZKWEUSOBVYGDEXDGPMHJPWCVHKTIHOJIYHSDASYCLIVEMFSLBPCWEREDJJLKHEWSUIKEOFWBQITBGFWUOKEANJYSTGKQYHTDNZIKRDWHVYAXRLSFACTDHXSIJMSNHYFNFLPDEJLAVNUIPBYUHBWMAKTJYUA
SYNTHETIC_P08	3	-2942.58818197	-2950.28303004	GYI	SZLLLLVIIHEHALDARASBKFSMDZDCEISOHVYUADXJIPJGCVYQVSDTLVOIBYJGAMBEEYFVKSFGIZLIZTBDJOLZHGKCUIFJKUHKLQBZBUCWUUKEKNCESHDJQEJTANZOKRAWABYOXRESFOMTJNXGFUFYOVYENFNPADCRCJNUBPBMUGHWOOHTCEUO
SYNTHETIC_P08	4	-2812.30081892	-2822.56061635	GIMY	JPCCLLOTCARQEIDYOSNCQDESJUFACENXKPEQTEQTMZMHORAYSDZPSVYJDKREENESTECOSCZEJLJQIJWSCBHLXZWANECCAMBGASKKZAZETHTNECKCITCEGALJKZSAOLQLIDOLMXLODPANYHTWEFBEZZZGPONEPUBBLJBSOAOASHAYWYSDTTNO
SYNTHETIC_P08	4	-2813.54731798	-2823.80711541	COYY	LPJCHLATEKRQAIDYOSNCQDESZUMAZEZXMILQPLCTBZGHKRMYSAAPSBLJFHREATESTBJOSILELIDQEPISELBLTFIAMBJCXSNGCSEKVALETETNEIKCKTJECAXJMZSAKLQLKAOLIDLOFPHNUHFWGCIEVFLGPOBEPUMBAGISKAOASEHYWEEDFTIO
SYNTHETIC_P08	4	-2815.95048761	-2826.21028504	AKQI	MPAOFLSCFMRQYIDYOSNOQDEDMUDIWERHAKXQNHVTCZKCIREISCEPSXDJGJRMYPECTDAOSEDEMKHQCLASFANGRBBKADAKVOFQDSIFTADOTGTNEEKCLTAMAAPTAZSIILQVLCOGGZLYGPLNSHXWHEMMTBDGPOFMPUELBIMSIAOASGLYWAWDGTGO
SYNTHETIC_P08	4	-2816.82965517	-2827.0894526	GKQY	JPACLLSTCMRQEIDYOSNCQDESJUDACERXKKXQTHVTMZKHOREYSCEPSXDJDJREEPESTDAOSEDEJKHQILASCANLXBBANDACAOFGASIKZADETGTNEEKCITAEGAPJKZSAOLQLICOLMZLODPLNYHXWEEMEZBDGPOFEPUEBLIMSOAOASGLYWAWDTTNO
SYNTHETIC_P08	4	-2819.38602257	-2829.64582	WOGI	BPFOBLICHKRQUIDYOSNOQDEDBUIISEHHCIHQJLKTPZCCFRUISAJPSBTJIHRMUTECTBFOSITEZIMQZPQSHLKGNFQKCBFKRSVQFSAFPATOTETNEIKCYTFMXAFTCZSIELQVAAOGCDLYIPTNOHMWUCEMOFTGPOKMPUULDGESEAOASETYWENDITCO
SYNTHETIC_P08	4	-2824.54386377	-2834.8036612	YCQY	APACDLSTGDRQWIDYOSNCQDESAUDAUERXBBXQLZVTDZKHGREYSUEPSODJHAREWHESTHAOSWDEABHQADASGENLPTBABHACTGFGESIKRADETYTNEXKCMTAEYAPJBZSAGLQLMGOLERLOHPLNQHXWIWMERSDGPOFEPUEBCMMSGAOASKLYWSWDHTEO
SYNTHETIC_P08	4	-2829.93797064	-2840.19776807	WIQY	BPACBLSTHARQUIDYOSNCQDESBUDASERXCPXQJEVTPZKHFREYSDEPSVDJIKREUNESTEAOSCDEZLHQZJASHBNLNZBACEACRMFGFSIKPADETHTNECKCYTAEXAPJCZSAELQLADOLCXLOIPLNOHXWUFMEOZDGPOFEPUEBDJMSEAOASHLYWYWDITCO
SYNTHETIC_P08	4	-2831.0943861	-2841.35418353	UCEY	ZPGCYLGTIDRQSIDYOSNCQDESCUJAQEFXDBIQHZITFZDHCRSYSUKPSORJJARESHESTHVOSWQECBAQWDOSSELLKTOADHGCPGTGGSBKNARETYTNEXKCBTGEUADJDZSACLQLBGOLARLOTPENNHLWKWFENSRGPOLEPUSBOMFSDAOASKEYWSKDJTAO
SYNTHETIC_P08	4	-2832.02081394	-2842.28061137	SOQG	DPALXLSBJKRQQIDYOSNLQDEADUDJOERFEIXQFLVTGZKDAREGSAEPSBDJKHRAQTEATBAOSIDEDIHQUPASJLNHJFBIEBALNSFOHSIGLADMTETNEIKCCTAASAPRNZSJBLQTCAOHYDLWKPLNKHXWLCMALFDGPOFAPUEJFGMSAAOASELYWEWDKTYO
SYNTHETIC_P08	4	-2845.54740906	-2855.80720649	WCIY	BPECBLKTHDRQUIDYOSNCQDESBUHASEJXCBGQJZMTPZBHFRWYSUIPSOVJIAREUHESTHEOSWVEZBLQZDSSHEJLNTSACHECRGXGFSMKPAVETYTNEXKCYTEEXAHJCZSAELQLAGOLCRLOIPCNOHPWUWDEOSVGPOJEPUWBDMDSEAOASKCYWSODITCO
SYNTHETIC_P08	5	-2814.02930832	-2826.85405511	OCEAY	IVMGVTKHUZQXFHGCZYTQAMEMITYEEUYNAKEUZRWDFSELQXQSAHITMUSBIYFYLCFTVMIVNSYLACEIGHAILMIFCFSOCUODEDODLHHJLIFTYCWSKEIKEVENCEBXFEZBEXLRNZXDVOAKTSFEKCVHKMMABRNBONEFROUNGUSZFXBOACEAITHVCYSW
SYNTHETIC_P08	5	-2814.87847662	-2827.70322341	IOEAY	LVMGVNKHUZQXFHGCZYTQDGEMINKEEUYNAKEUZRWDISELQRQSAHLTMUSVIYFYBJFTVGUVNSYFACEISHAIBGIFCZEOCUKKEDOWXHHJBCFTYWISKELEEVEHOEBXILZBERLRNZXKVOAKFSFEAJVHKGYABRNIONEFDOUNJUSZFRBOACHHITHPCYSW
SYNTHETIC_P08	5	-2838.81160927	-2851.63635606	OCOQY	IVHLVTKRKZQXAMGCZIJQAMMEITYOUUYNICEUZBMDFSMDQXQCQHITHUSBIIFYLCALVMIFCSYLIHEIGRQILMDKCFSYSUODMIODLRHJLIATYCWCKEIKMVENCOBXFEZOEXLRCZXDVOAKTSFEKCVMKMMARRNBONEFROUNGUSZFXBOACEADTHVCISW
SYNTHETIC_P08	5	-2839.08209181	-2851.9068386	USYIY	FVCCVZKBCZQXIDGCZSBQKEHIIZOYMUYNDGEUZLEDCSTHQDQNIHFTCUSHISFYIHUCVSYOUSYDDLEIWBIISELSCKIILUEIHMOIBBHJIAITYIMMKEFCHVETSYBXCJZKEDLRVZXRVOAKISFEHHVDKSCAJRNGONEFHOUNDUSZFDBOACBFLTHBCSSW
SYNTHETIC_P08	5	-2847.04117489	-2859.86592168	GYESE	MVMTVLKHNZQXFLDCZYLWEBEDFLUEWAYNABBUZROJJSECBPQSSMMTMUSTIYFYCEFKVEEVESYAAGBICHSOCBIJMXOOUALFEHOUHHHJCWFTYUTSKEPMEVBEYEBDJGZFBPLRFFXFVOKKPSFKBEVLHEIATXNDONBFNOUTKUSZRPBOAJICITENCYSC
SYNTHETIC_P08	5	-2850.10276365	-2862.92751044	ISMKY	LVIBVNKPEZQXBCGCZGDQDETHINONOUYNJFEUZZGDISAGQRQAKHLTIUSVIGFYBHBBVGYDWSYDJKEIWPKIBEEACZIWMUKIALOWBPHJBABTYWMAKELCTVEHSNBXIJZJERLRXZXRVOAKISFEAHVCKGCALRNGONEFHOUNJUSZFRBOACHFETHPCGSW
SYNTHETIC_P08	5	-2853.58888721	-2866.413634	ESEIY	AVMCVJKHCZQXFDGCZYBQFEEIIJOEMUYNAGEUZREDKSEHQNQSIHATMUSRIYFYDHFCVCYVUSYDALEIWHIIDEISCVIOLUMIEMOSBHHJDAFTYSMSKEACEVEDSEBXKJZKENLRVZXRVOAKISFECHVDKCCAJRNGONEFHOUNLUSZFNBOACJFITHLCYSW
SYNTHETIC_P08	5	-2857.7681036	-2870.59285039	UCYQY	FVCLVZKBKZQXIMGCZSJQKMHEIZYYUUYNDCEUZLMDCSTDQDQNQHFTCUSHISFYICULVSIOCSYLDHEIGBQISMLKCKSISUEDHIOILBHJIIITYIWMKEFKHVETCYBXCEZOEDLRCZXDVOAKTSFEHCVMKSMARRNBONEFROUNDUSZFDBOACBALTHBCSSW
SYNTHETIC_P08	5	-2858.44187546	-2871.26662225	UWYKY	FVCBVZKBEZQXICGCZSDQKCHHIZSYOUYNDFEUZLGDCSTGQDQNKHFTCUSHISFYIFUBVSCOWSYBDKEIABKISCLACKMIMUEGHLOIFBHJILITYIQMKEFYHVETXYBXCHZJEDLRXZXGVOAKNSFEHQVCKSHALRNEONEFLOUNDUSZFDBOACBDLTHBCSSW
SYNTHETIC_P08	5	-2859.13253784	-2871.95728463	GSOOE	MVHMVLKRIZQXAADCZIHWEEMFFLOOSAYNIDBUZBKJJSMEBPQCOMMTHUSTIIFYCHAMVEYFASYDIIBIWROOCEDLMXIYQALIMJOUBRHJCAATYUMCKEPCMVBESOBDJJZHBPLRBFXRVOKKISFKBHVUHECAOXNGONBFHOUTKUSZRPBOAJIFDTENCISC
SYNTHETIC_P08	6	-2830.26795292	-2845.65764906	GEMCYG	FOAHUJKLOXYREDIENLBWEPQDIZKEOYDFMBWCALPLGTJOORGQZAAOISTRYITEAFAHVLELCOTAMBLRPKIEWSXRAAHVJLDANOTKAWBEKEZAZIMADPFFJQETKCZBCZOCKROLRPYYOZAPHNTESPRGEBEYQNZVYHFNHEIMISQJMRHATJIXHTWVTCSS
SYNTHETIC_P08	6	-2834.89085484	-2850.28055098	WWGEKU	KODGUCALIZYFJHLDNEROYRQDAZQDOYTFHDWCFCPKATZGOTSQZEDOCSTJSIFEFJDVVEUDWRTOEFBRPDYWQSXFFEKVDETSHOFYFWESEUPATLYPIPIEDQUTEELBHZOBERELRRKYOZTPBNTENPDGUFHYQNONSHFNMILLCSGBGTTATALXBTWNNCES
SYNTHETIC_P08	6	-2835.6415863	-2851.03128245	YYMCYE	JOAHUKCLOXYPIGIENMTQEPQDMZKEOYVFMBWCEBPLGTBIORGQZDAOISTLYITEEIAHVMWFCOTYDELRPLAYWSXPEDHVJMVUNOTIEWBEKFRAZIMYHPFFJQWTKCZBGZOCKRGLRPYYOZAPHNTESPRGIEEYQNRPYHFNLHIMISIDMRHATMIXHTWPTCSS
SYNTHETIC_P08	6	-2836.58042431	-2851.97012045	GECQMU	FOFAUCKLELYFEDAKNEBWUDQDIZCKOYDFCPWCALPEMTJOOFUQZAFOBSTROIHEAFFAVEELSCTOMBDRPDIEMSXFAAMVCEDADOHYAWUKDUZAOWAPDPKLCQETAQNBCZOIDROLRDMYOZFPANTEIPFGEBJYQNZVOHFNHEOFBSQJDFVATJAXATWVJCGS
SYNTHETIC_P08	6	-2836.93318081	-2852.32287695	WSGAMU	KODIUCALIVYFJSLFNERLYNQDAZQFOYTFHZWCFEPMMTZCOPUQZPDOBSTESIHEFLDIVEUZWMTOEHBRPDYSQSXFFGKVCETOHOHYFWEFDUPATGAPIPIGCQUTEANBHZODDRELRNMYOZTPANTENPFGUHHYQNOJSHFNMKLABSGXGPVATCLXATWJNCGS
SYNTHETIC_P08	6	-2838.21506405	-2853.60476019	AYOEKO	IOMGUZELQZYYHGHDNHVQGRQDYZJDOYWFODWCDBPKATDIOTSQZDMOCSTLAIFEDIMVVHYFERTICEKRPGCYYSXZDDGVDHXUPOFSDWASEATABLYIGPEEDQYTMELBFZOBERILRRKYOZMPBNTEUPDGHEDYQNTPAHFNKHHLCSKDOTTATMHXBTWPVCES
SYNTHETIC_P08	6	-2839.00990248	-2854.39959862	GEOEMO	FOMGUZKLQZYYEDHDNHBWGRQDIZJDOYDFODWCALPKMTJOOTUQZAMOBSTRAIHEAFMVVHELERTIMBKRPGIEYSXZAAGVCHDAPOHSAWASDAZABLAIDPEECQETMENBCZOBDROLRRMYOZMPANTEUPFGEBDYQNZVAHFNHEHLBSQJOTVATJHXATWVVCGS
SYNTHETIC_P08	6	-2839.15342712	-2854.54312327	WWGCYU	KODHUCALIXYFJHLENEROYPQDAZQEOYTFHBWCFCPLGTZGORGQZEDOISTJSITEFJDHVEUDWOTOEFBRPDYWQSXFFEKVJETSHOTYFWEEKUPATIMPIPIFJQUTECZBHZOCKRELRPYYOZTPHNTENPRGUFHYQNONSHFNMILMISGBGRHATALXHTWNNCSS
SYNTHETIC_P08	6	-2842.02754784	-2857.41724398	QMGCYA	AODHUMULIXYLMMLENBLEYPQDDZQEOYNFHBWCIHPLGTTWORGQZJDOISTZSITEIBDHVBOTWOTUHKBRPASMQSXLIJKVJBNIHOTEIWEEKHJATIMULPIFJQOTECZBKZOCKRYLRPYYOZTPHNTENPRGMKHYQNJDSHFNCALMISARGRHATFLXHTWDNCSS
SYNTHETIC_P08	6	-2842.55581331	-2857.94550946	QYOEKU	AOMGUCULQZYFMGHDNELQGRQDDZJDOYNFODWCIBPKATTIOTSQZDMOCSTLAIFEIIMVVEOFERTOHEKRPDSYYSXFIDGVDENUPOFYIWASEUJABLYPLPEEDQOTMELBKZOBERYLRRKYOZMPBNTEUPDGMEDYQNJPAHFNCHHLCSADOTTATMHXBTWPVCES
SYNTHETIC_P08	7	-2807.15366793	-2825.10831343	COAGSMM	ATIEDMRHKDAYWHENOSUHAVBQDFGQKNPXHJEXDVYFIRCJISLGPQOJYNLTCESALACASEARSCPIDBIPNJSCGCTXBGIVFLAYLAPMRBECUDCTNOUPAGKECPJHQHZDAYRSKJGOKBVOZXZGVKCSHAWEHEFAZBHLCZFDGLEBMRQLKTBUTEBXTTWFHCNS
SYNTHETIC_P08	7	-2844.11856651	-2862.07321202	CWQYAMK	ATAIMMRHKTSYWHECOSUHBVIQDFGOKNPXDJFXDVYNIPCFASHGPQWZYVLTCASEHADAAESZSAPEIFEPNJASYKTXBCVVBLBYTRPURZELMHLTNOCESOKECPBLQHZDAOJSKJGOCFVOZXZWNKCSHJWIDEYAHBZTCWFMLONBARYBDABSTAGXGTWNXCUS
SYNTHETIC_P08	7	-2847.21125698	-2865.16590248	COAGGYO	ATIEJGRHKDAYIHENOSUBMVBQDFSSKNPXADDXDVYTUTCJISEAPQOJYBXTCESAEHBASEAFEEPIDBBPNJSCGQTXBGIVLFMYLAPADDECUDITNOUPAUKECPJHQBZDAYRSWJGOKBVCZXZGVKPSHAWEALEAZBHZOBFDGLKILRQLKHNWTEBXDTWFHCAS
SYNTHETIC_P08	7	-2847.83028412	-2865.78492962	YWAGSYK	OTIEDGRCKDAYIHGCOSUBBRIQDFSOMNPXHDFXDVYFUPEFISLAPMWJYNXTEASALHDWAEAREAPEDBIPNJACGCTXDCIVFFBUTAPMDZSLUDCTNLCPAGKEEPJHQBZZAYRSWJIOKBVCZTZGVKPSJJWEHLYWHBHLOWTMGLEIAMYLKTNSTABXTTWNHCNS
SYNTHETIC_P08	7	-2847.84977436	-2865.80441986	KOYCAOA	JTJGMLRPKBWYYHANOSUGGDBQDFIEGNPXDIKXDVYNKFLJJSHFPYOHYVNTLESCHMVISEWZURPIEDEPNJSACKTXKGJVBKGGLYPUTPACIFLTNWUMWOKELPKJQGZLAWNSMJCOLDVHZFZERKFSDAWGDDLIZBDTENBDHANAFZQJGADITECXGTWFFCUS
SYNTHETIC_P08	7	-2848.36884499	-2866.32349049	CGKYGYO	ATDIJGRHKNSYIHEKOSUBMVSQDFSSKNPXADDXDVYTUTCQDSEAPQHTYBXTCISEEHBAKESFEEPMLFBPNJKMYQTXBKDVLFMYDKPADDEGCHITNOMYSUKECPELQBZDAIJSWJGOFFVCZXZQNKPSHEWIALEARBZZOBFHBOKILRIVDHNWTYJXDTWWRCAS
SYNTHETIC_P08	7	-2848.89939404	-2866.85403954	YECGSYK	OTHEDGRCKFAYIHGLOSUBBRQQDFSOMNPXHDFXDVYFUPEBHSLAPMELYNXTEJSALHDWIEAREAPACBIPNJIEGCTXDNHVFFBUACPMDZSHGDCTNLKQAGKEEPIHQBZZAARSWJIOJBVCZTZIVKPSJUWEHLYWOBHLOWTITLEIAMGMKTNSTJAXTTWVJCNS
SYNTHETIC_P08	7	-2851.06479454	-2869.01944004	COEKGMM	ATGCJMRHKHEYWHENOSUHAVBQDFGQKNPXAJEXDVYTIRCJGSEGPQONYBLTCESLEACASEEFSCPIQMBPNJSHKQTXBGGVLLAYLEPARBECFBITNOUSEUKECPHXQHZDACUSKJGOIMVOZXZKZKCSHAWCAEFAZBLZCZFDEJKBMRQPOHBUTEMXDTWFLCAS
SYNTHETIC_P08	7	-2851.09156322	-2869.04620873	CGUGSYO	ATLEDGRHKXAYIHEKOSUBMVSQDFSSKNPXHDDXDVYFUTCQLSLAPQHDYNXTCISALHBAKEAREEPMGBIPNJKWGCTXBKLVFFMYDUPMDDEGKDCTNOMIAGKECPWHQBZDATRSWJGOABVCZXZAVKPSHEWEHLEARBHLOBFHJLEILRIFKTNWTYEXTTWWBCNS
SYNTHETIC_P08	7	-2851.38158131	-2869.33622681	COKGSIC	ATDEDBRHKNAYSHENOSUJFVBQDFCGKNPXHPJXDVYFFHCJDSLIPQOTYNHTCESALCHASEAROSPILBIPNJSMGCTXBGDVFAFYLKPMNRECCDCTNOUYAGKECPEHQJZDAIRSGJGOFBVKZXZQVKZSHAWEHGKAZBHLYPFDBLEDSRQVKTXLTEJXTTWFRCNS
SYNTHETIC_P08	8	-1725.82202911	-1746.34162397	WOGYYIMY	IVEASAREALITYTHESUNHADFARDESCENDEDANDISTILLSATONTHESHORESATISFYINGMYAPPETITEWHICHHADBECOMERAVENOUSWITHANOATENCAKEWHENISAWAFISHINGBOATLANDCLOSETOMEANDONEOFTHEMENBROUGHTMEAPACKETITCO
SYNTHETIC_P08	9	-2766.9982748	-2790.08281902	OICOSOGIG	BULLRKAGETKFIZZHPETIGEDJCOIECGLTSDEGFBTEHQFBURSOCAQVIOQHEJUMFELYSASFIEPWKLMSSGHBLQJNTXYOUWOMEJWACWECREGITYASTVCIWXAJZNTBOTBESTDRHOZMPTKIZICKETFMEMMPONQLTHZPHEMFWPASKMYHXCTPAGQFJWYN
SYNTHETIC_P08	9	-2785.71210432	-2808.79664854	OAOOSOGYY	BUFLRKALITKRIZZHFWTMAEDJCOMEUSLTSDEYFSTEHQFGIRLOCAQVYHQLLJUMFJCYKMSFIEFOKCGSSGHSCQBZTXYOLOODLJWACWICJQGITYAKTVJIWXABZNTNOTBEITDRBOZMPTBIZUCKETFEEDNPONQDTHRAHEMFMPASEMYHXHHPASQFJWOE
SYNTHETIC_P08	9	-2788.29227638	-2811.3768206	OICOSICAG	BULLRACKETKFIZTHHETIGEDMEOIECGLTMZEGFBTEHQVFURSOCAQQAOQHEJUCHILYSASFCAHWKLMSSJJFLQJNTXSKMWOMEJWDEWECREGINUASTVCIWXCAZNTBOTBAKTDRHOZCPTKIZICKYTFMEMMPONQCTHZPHEMFOPASKMYOXGTPAGQFCWQN
SYNTHETIC_P08	9	-2789.36765146	-2812.45219568	OAAOSKGYY	BUMLRMALITKDIZVHFWTMHEDLCOMEUELTODEYFSTEHQFGIRLOCAQVYHQLFJUBFJCYKYSFEEFOKCASSIHSCQBLTXUOLOODFJWUCWICJCGIOYAKTVDIWXABZNTZOTBEITDRIOZBPTBIZGCKATFEEDAPONQDTHRNHEMFMPASLMYJXHHPAEQFFWOE
SYNTHETIC_P08	9	-2792.27797031	-2815.36251453	OCGOCKSMO	BUJLRMHEATKJIZVHTMTLEELLJOEEWKLDOPEOFETECQMMARMOCKQHMXQKCJUBVCHYMESFERTEKBKSSIBMHQDRTXUAYEOCCJWUSWACLIGIOLAATVAIIXHHZNTFOCBQWTDRFOZBPTGIZMCKATFUECKPONQJTHTTHEMFAPASIMYJXAMPAKQFFWCU
SYNTHETIC_P08	9	-2793.89667892	-2816.98122314	OAOOSOGIG	BUFLRKAGETKRIZZHPETMAEDJCOIEUSLTSDEGFSTEHQFBURLOCAQVIOQLLJUMFELYKMSFIEPWKCGSSGHBLQBZTXYOUWODLJWACWECJQGITYASTVJIWXAJZNTNOTBESTDRBOZMPTKIZUCKETFMEDNPONQLTHRAHEMFWPASEMYHXCTPASQFJWYN
SYNTHETIC_P08	9	-2795.12500572	-2818.20954994	OAAOCKUYY	BUMLRMGLITKDIZVHFWTMHELLIOMEUELDOREYFSTECQLGIRLOCKQJYHQLFJUBLJCYKYSFESFOKCASSIASCQBLTXUCLOODFJWUIWICJCGIOMAKTVDIIXGBZNTZOCBSITDRIOZBPTBIZGCKATFEEDAPONQDTHRNHEMFMPASLMYJXHHPAEQFFWOE
SYNTHETIC_P08	9	-2795.23708582	-2818.32163004	MKOGAYGIG	VUFCRRAGEQKRAZIHPETHAIMECOIEESDBCDEGGATIDQFBUPUOUIQVIOQGLAUHFELYUMKFSEPWLKGSSBHBLOLZTXIOUWILLAWICWEBTQGIDYASAVJMJXAJZKTNGABESTERBLZHPTKGZUVKOTFMFLNPONQLTFBAHEMFWPBSEDYCXCTPASIFTWYN
SYNTHETIC_P08	9	-2796.0114994	-2819.09604362	MCGKCGEYG	VUJARBBLEQKJEZRHFETLEGLADOIEWKHDKBEGGETGCQGGUPMOYKQTYOQKCLUDGJLYMEOFACFWLBKSSKISLODRTXQMLWICCLWEDWEBLIGILWASAVAKIXBBZKTFKCBCITERFJZDPTKGZMZKWTFMFCKPONQDTFTTHEMFMPBSITYLXHTPAKNFBWON
SYNTHETIC_P08	9	-2797.45779991	-2820.54234413	OYOGAYGIG	BUFCRRAGETKRAZIHPETAAIMECOIESSDBCDEGFGTIDQFBURIOUIQVIOQMLAUHFELYIMKFSEPWKDGSSBHBLQZZTXIOUWOQLAWICWECGQGIDYASTVJMJXAJZNTNGABESTDRBLZHPTKIZUVKOTFMEENPONQLTHPAHEMFWPASEDYCXCTPASIFTWYN
SYNTHETIC_P08	10	-2736.78000259	-2762.42949617	YYAGAQSUUY	IZFBRIXKKSCLCBZAHATIMADSBYEFXQDVAKWETTWDQJFEMPTEUSHQOHJZNSTLJCAKPDDFFEXERSTKEESHEDAFIGITGOPOLIXMTPOCTBATTHYTLQNSOLELKCTTKRYEBXIVEAGKQTBYNYBMIEXIDFPONQXJAHTHEGENCUSYGDOATHHAOAETFOWO
SYNTHETIC_P08	10	-2747.48285198	-2773.13234556	YYAGISQUUY	IZFBRHXKKSCLCBZCHATIMADSKYFFXQDVAKEERTWDQJFEIPLEUSHQOHRZKSTLJCAKPCEFFEXERSTMCESHEDAFEFJTGOPOLIFORPOCTBATTGYTLQNSOLENKCTTKRYEKXJVEAGKQTJYLYBMIEXIMEHONQXJAHBJDGENCUSYTCOATHHAOANVFOWO
SYNTHETIC_P08	10	-2749.67168951	-2775.32118308	YYAGGUAUUY	IZFBRGXKKSCLCBZEHATIMADSOYNFXQDVAKDEATWDQJFEJPGEUSHQOHPZUSTLJCAKPBMFFEXERSTOMESHEDAFFEETGOPOLIDQBPOCTBATTFYTLQNSOLEPKCTTKRYELXEVEAGKQTHYVYBMIEXIADCONQXJAHZLNGENCUSYDYOATHHAOAKWFOWO
SYNTHETIC_P08	10	-2749.91211271	-2775.56160629	YYACIASUUY	IZFDRDXKKSCLCXZKHATIMADEKYEFXQDVAHEETTWDQJFGIPTEUSHQODRZNSTLJCAMPLDFFEXEROTUEESHEDAHEBITGOPOLEFWTPOCTBATTCYTLQNSOLEVKCTTKRYUKXIVEAGKQOJYNYBMIEXKMAPONQXJADBREGENCUSYTLOATHHAOANDFOWO
SYNTHETIC_P08	10	-2754.56294632	-2780.21243989	YYAGIAAUUY	IZFBRDXKKSCLCBZKHATIMADSKYNFXQDVAKEEATWDQJFEIPGEUSHQOHRZUSTLJCAKPLMFFEXERSTUMESHEDAFEBETGOPOLIFWBPOCTBATTCYTLQNSOLEVKCTTKRYEKXEVEAGKQTJYVYBMIEXIMACONQXJAHBRNGENCUSYTLOATHHAOANDFOWO
SYNTHETIC_P08	10	-2756.15550089	-2781.80499446	YYAMCOQUUY	IZFLRJXKKSCLCHZYHATIMADMAYFFXQDVARYERTWDQJFBLPLEUSHQONLZKSTLJCAHPEEFFEXERYTICESHEDACHHJTGOPOLOZKRPOCTBATTIYTLQNSOLEJKCTTKRYBOXJVEAGKQZCYLYBMIEXFCGHONQXJANVFDGENCUSYFEOATHHAOAGRFOWO
SYNTHETIC_P08	10	-2756.42594242	-2782.075436	YQSCIASUUI	IZJDRDXKKSCLUXZKHATIMEHEKYEFXQDNSHEETTWDQAJGIPTEUBHQGDRZNSTUJGEMPLDFFMXWJOTUEESHEHEHEBITGKPGDEFWTPONTFETTCYTLQNKGLEVKCTTKRYUKXIVEIGKQOJYNYBWIIXKMAPONQXBADBREGENCUSYTLOATCHAOANDFOWY
SYNTHETIC_P08	10	-2756.8149724	-2782.46446598	YYACQSSUUY	IZFDRHXKKSCLCXZCHATIMADEGYEFXQDVAHMETTWDQJFGZPTEUSHQODYZNSTLJCAMPCDFFEXEROTMEESHEDAHAFITGOPOLENOTPOCTBATTGYTLQNSOLENKCTTKRYUGXIVEAGKQORYNYBMIEXKIEPONQXJADJJEGENCUSYLCOATHHAOAUVFOWO
SYNTHETIC_P08	10	-2756.82727051	-2782.47676408	YYAGGKQUUY	IZFBRLXKKSCLCBZUHATIMADSOYFFXQDVAKDERTWDQJFEJPLEUSHQOHPZKSTLJCAKPGEFFEXERSTECESHEDAFFJJTGOPOLIDGRPOCTBATTPYTLQNSOLEEKCTTKRYELXJVEAGKQTHYLYBMIEXIANHONQXJAHZADGENCUSYDGOATHHAOAKNFOWO
SYNTHETIC_P08	10	-2762.02191353	-2787.6714071	ASSCIAAUUM	HZJDRDXKKSELUXZKHATILDHEKYNFXQFPSHEEATWDDMJGIPGEUMIQGDRZUSTYIFEMPLMFFKZYJOTUMESHDGEHEBETGIRIDEFWBPORGEETTCYTLQOMGLEVKCTTJRYUKXEVEGIKQOJYVYBAHHXKMACONQZDADBRNGENBUSYTLOATAJAOANDFOWC
SYNTHETIC_P08	11	-2744.18669605	-2772.40113898	WYESSYUCKUO	BGCIQLUGAOSBLHNYJGJIIDHOJNGLQPFQNXDAFTWXCUZBPTMLSHEDLYSEYYRSKHJEEYEDBRIDDEANXJFCGJDXDVSWDEDHAUSICTERDSBUHIGCAALLBEDGZAQMKUZEBRITBJIWNRCQMUMULAYSFKOKHBXJEBCIDDICKSYTELBOWSNCAOATITCO
SYNTHETIC_P08	11	-2745.12959814	-2773.34404107	WYESSEOCKUO	BGCIQIUGAOSBLHNYPGJIIDHOJNGIQPFQNXDAFTCXCUZBPTMLSEHDLYSEYYRSQBJEEYEDBRIAGEANXJFCGJJRDVSWDEDHAUSICTERDSBUHIGCAALLBEDDZAQMKUZEBROTBJIWNRCQMUCULAYSFKOKHVXJEBCIDDIMASYTELBOWSTWAOATITCO
SYNTHETIC_P08	11	-2747.12849188	-2775.34293481	WYUIAYUCKUO	BGHAQLUGAOSBLXDYJGJIIDHOBNCLQPFQNXDQFBWXCUZBPTEDSHEDLYSEYOHSKHJEEYEDGREDDEANXJFSGJDXDVSWDEIMJUSICTERDIRCHIGCAALLGJZGZAQMKUZUBYITBJIWNRHQIUMULAYSFAOSHBXJEBCIIIECKSYTELBEMANCAOATITCO
SYNTHETIC_P08	11	-2755.60511208	-2783.81955501	WYGKAYUCKUO	BGRMQLUGAOSBLIFYJGJIIDHOINCLQPFQNXDCFBWXCUZBPTLCSHEDLYSEYAJSKHJEEYEDAREDDEANXJFEGJDXDVSWDECLJUSICTERDUTCHIGCAALLQIZGZAQMKUZHBYITBJIWNRBQIUMULAYSFMOSHBXJEBCICHECKSYTELBQOANCAOATITCO
SYNTHETIC_P08	11	-2755.65546942	-2783.86991235	WEUSAEUCKUG	BDHIQIUGAOSBLXNYPGJIIDHMBNCIQPFQKXIQFBCXCUZSPTELSEEDLYSEYORSQHJEEYEAGREADEANXJFSGJJXDVSWDBIHJUSICTIRJIBCHIGCASLIGEZDZAQMBUFUBYOTBJIONRHQIUMULAYSFAOSHBXJEBCFIDEMKSYTILHEWATCAOALITCO
SYNTHETIC_P08	11	-2757.32419157	-2785.5386345	WYAKAEGCKUO	BGEMQIUGAOSBLDFYPGJIIDHOYNCIQPFQNXDXFBCXCUZBPTBCSELDLYSEYUJSQTJEEYEDDREAKEANXJFYGJJJDVSWDEFLJUSICTERDOTCHIGCAALLDIZDZAQMKUZABYOTBJIWNREQIUGULAYSFGOSHNXJEBCISHEMUSYTELBLOATPAOATITCO
SYNTHETIC_P08	11	-2763.18227053	-2791.39671346	WYUIAWOSKUO	BGHAQMULAOSBLXDYHGZIIDHOBNCXQPFQNXDQFBVXCUZBPTEDSIHILYSEYOHSIBJEEYEDGREEGJANXJFSGJBRTVSWDEIMJUSACTERDIRCHIWCAALLGJZHZFQMKUZUBYGTRJIWNRHQIUCULAYSFAOSHVXJEBCIIIEDASYTELBEMALWAOATITCO
SYNTHETIC_P08	11	-2765.06735802	-2793.28180095	WYEQSGSKKYW	BGCJQHUCAOSBLHLYRGRIIDHOJNGHQPFQCXDAFTEXCUZIPTMUSDFMLYSEYYOSSFJEEYEDBRIMESANXJFCGJLVKVSWDEDIAUSECTARDSZUHIOCAILLBFDCZJQKGUZEBRQTJJMENRCQMUAULLYSFKOKHZXJIBCIDEILLSYTALBOUSVAAOABITCO
SYNTHETIC_P08	11	-2767.29083586	-2795.50527879	WYGGUEUCKUO	BGRBQIUGAOSBLIBYPGJIIDHOINFIQPFQNXDCFVCXCUZBPTLESEEDLYSEYAFSQHJEEYEDARHADEANXJFEGJJXDVSWDECAMUSICTERDUPWHIGCAALLQKCDZAQMKUZHBTOTBJIWNRBQLUMULAYSFMOMHBXJEBCICJHMKSYTELBQKUTCAOATITCO
SYNTHETIC_P08	11	-2770.27880335	-2798.49324628	WYUIAWYCKYO	BGHAQMUGAOSBLXDYHGJIIDHOBNCXQPFQNXDQFBVXCUZBPTEDSICDLYSEYOHSILJEEYEDGREENEANXJFSGJBADVSWDEIMJUSICTERDIRCHIGCAALLGJZHZAQKKUZUBYGTBJMWNRHQIUKULLYSFAOSHFXJIBCIIIEDISYTELBEMALGAOATITCO
SYNTHETIC_P08	12	-2694.36256123	-2725.14195352	KOAMASMEMKKC	AREQXLUSISNOOLDHZCHLKJCYIIKKPXQNJHATHEALWDVYYHOSTHEQLSQUADVASBMIUEYOKOFWALAXSOKAHDDANPKSWDVQDAVEBYTHATAPYBVQCANSOMALEELDGUOEEVIKAKTMSLRYBYHZSZLSKHAKCKXEONCEDEMGFMETOVZETEBXGTWFHCUS
SYNTHETIC_P08	12	-2695.44238424	-2726.22177653	KOAMASMEWIAM	AREQXLUSDSNOOLDHZCHLUJCYIIKKPXQNEIFTHEALWDVYIFESTHEQLSQUIEVISBMIUEYOUMFGALAXSOKACEIINPKSWDVQNYLOBYTHATAPYCVQCANSOMALECLDGUOEEVIKILTHSLRYBYHZCXLCKHAKCKXEONUMDEMGFMETOVOOTEBXGTWFHCUS
SYNTHETIC_P08	12	-2696.61120224	-2727.39059453	KOAMASMCQKKC	AREQXLUEGSNOOLDHZCHIOJCYIIKKPXQNHHATHEALWDVYCHOSTHEQLSQGLDVASBMIUEYNOOFWALAXSOKBFDDANPKSWDVOHAVEBYTHATAPYBVQCANSOMALEELDGUOEEVILLKTMSLRYBYHZWZLSKHAKCKXFONCEDEMGFMEROVZETEBXGTWFHCUS
SYNTHETIC_P08	12	-2698.13130856	-2728.91070085	KGAMASMEWIEM	AREQXLUSDSNOOLDHZCHLUJCYIMKKPXQNEIDTHEALWDVYIFISTLEQLSQUIEVISTMIUEYOUMFGACAXSOKACEGINHKSWDVQNYPOBYTHATAPYCVQCANSOMALECLDGUOEEVIKILTHSLRYBYHZCXLCKLAKCKXEONFMDWMGFMETOVTOTYBXGTWWHCUS
SYNTHETIC_P08	12	-2699.28927946	-2730.06867175	KYMGGEEWQKKC	ARLAXUUHGSNOOLPAZPHCOJCYIDEAPXQNHHATHEMFWDVYCHOSTCLQISQJLDVASLYIAEYHOOFWAGHXSMBEFDDANZWSWONIHAVEBYAKKEEPYBVQCAYMUZSLEELDGUOHBVMBLKTMSLRSHYZZWZLSKCHAMEXIONCEDOYGFMELOVZETMIXDTWPTCAS
SYNTHETIC_P08	12	-2700.9942522	-2731.77364449	KGASYEEWQKKC	AREHXUUHGSNOOLDMZPHCOJCYIMKHPXQNHHATHEARWDVYCHOSTLEQMSQJLDVASTMISEYHOOFWACAXSMBEFDDANHKSWONIHAVEBYTEBEEPYBVQCANYMZSLEELDGUOBFVMBLKTMSLREZYZZWZLSKLAHDEXIONCEDWMGFMELOVZETYBXHTWWHCSS
SYNTHETIC_P08	12	-2701.43557978	-2732.21497207	KOAMAUUWQKKC	AREQXKUHGSNOOLDHZEHCOJCYIIKKPXQNHHATHEALWDVYCHOSTHEQLSQJLDVASBMIUEYHOOFWALAXSEGEFDDANPKSWEDIHAVEBYTHAJJPYBVQCANSOPILEELDGUOEEVEBLKTMSLRYBYPZWZLSKHAKCJXIONCEDEMGFMELOVZETEBXGTWFHCUS
SYNTHETIC_P08	12	-2701.47500134	-2732.25439362	KOAMASMEMKAM	AREQXLUSISNOOLDHZCHLKJCYIIKKPXQNJHFTHEALWDVYYHESTHEQLSQUADVISBMIUEYOKOFGALAXSOKAHDIINPKSWDVQDALOBYTHATAPYBVQCANSOMALEELDGUOEEVIKAKTHSLRYBYHZSZLCKHAKCKXEONUMDEMGFMETOVOOTEBXGTWFHCUS
SYNTHETIC_P08	12	-2702.04252863	-2732.82192092	KOAMASMEWUKU	AREQXLUSDSNOOLDHZCHLUJCYIIKKPXQNECATHEALWDVYIROSTHEQLSQUILVESBMIUEYOUYFOALAXSOKACLDENPKSWDVQNKVWBYTHATAPYJVQCANSOMALEOLDGUOEEVIKIFTDSLRYBYHZCJLKKHAKCKXEONCIDEMGFMETOVZWTEBXGTWFHCUS
SYNTHETIC_P08	12	-2702.54093885	-2733.32033114	KOAMASMWCQKU	AREQXLUHASNOOLDHZCHCAJCYIIKKPXQNBEATHEALWDVYONOSTHEQLSQJFAVESBMIUEYHAUFOALAXSOKEMADENPKSWDVITGVWBYTHATAPYLVQCANSOMALEKLDGUOEEVIBFPTDSLRYBYHZIELKKHAKCKXIONCIDEMGFMELOVZWTEBXGTWFHCUS
SYNTHETIC_P08	13	-2707.18213701	-2740.52647866	UAMQKOGMQGUGU	HRKCUASIKNESUZLOLYZGSPIDZOGCXQNPJMLYGAVVYXDUYTIUSWQPIQULDBOHFMBJPOEZAITEHONKSTFACAJKDKGQIAMCNCHURDIRPOLITIQPEXAHESCLQEVLCITEMRATRTNERQVAGUIXBADKRSEROZHXWTRACEIMAYTYGHTDEENESAOBVIEA
SYNTHETIC_P08	13	-2709.86011267	-2743.20445431	AAMQKOGIQGOIS	ERKCUASKKNHSLFLOLYZGOPIDZNDCXQNPJBLYJMVBYXDUYTEUSQSPFQULDBOJFMEIPUEZAITEDONEUTCACAJKDMGQLMAINCHURDERPINGTIQPEXAJESFKQEVLCITEIRANTTNERQVAGUIXEMEKRSEROZHXWNTAMEIMAYTYGHTCKENESAOBVIEC
SYNTHETIC_P08	13	-2713.87574816	-2747.2200898	AAMQKOUSQGOIS	ERKCUASFKNHSLFLOLYZGYPIDZNDCXQNPCJLYJMVBYXDUYHOUSQSPFQULDBOEFMEIPUEZAITENONEUTCACAJKJHGQLMAINCHURRORPINGTIQPEXGEESFKQEVLCITSSRANTTNERQVAMUIXEMEKRSERONHXWNTAMEIMAYTYGHTCKENESAOBVIEC
SYNTHETIC_P08	13	-2714.44008875	-2747.7844304	AAMQKOGEKGOIS	ERKCUASMANHSLFLOLYZGKJIDZNDCXQNPJDBYJMVBYXDUYTAOSQSPFQULDBOLIMEIPUEZAITEZINEUTCACAJKDBJQLMAINCHURDALPINGTIQPEXALHSFKQEVLCITEELANTTNERQVAGULXEMEKRSEROZHRWNTAMEIMAYTYJHTCKENESAOBPIEC
SYNTHETIC_P08	13	-2716.29491138	-2749.63925303	AAMQKOGIQGQWG	ERKCUASKKNGSEFLOLYZGOPIDZBDCXQNPJBLYIQVBYXDUYTEUSSHPFQULDBOJFMDBPUEZAITEDONGITCACAJKDMGQSFGINCHURDERPLBUTIQPEXAJESEDQEVLCITEIRAPHTNERQVAGUIXDQKKRSEROZHXWPGAMEIMAYTYGHTIKENESAOBVIEQ
SYNTHETIC_P08	13	-2719.76991177	-2753.11425341	AAMQKIIMKGOIS	ERKCUDSIANHSLFLOLYTGSJIDZNDCXQNPIMBYJMVBYXDUYVIOSQSPFQULDEOHIMEIPUEZAINEHINEUTCACAJACKJQLMAINCHULFILPINGTIQPEXQHHSFKQEVLCITHMLANTTNERQVDFULXEMEKRSEROBHRWNTAMEIMAYTYJHTCKENESAOBPIEC
SYNTHETIC_P08	13	-2726.26794243	-2759.61228408	AAKUUCIEKGOIS	ERLAUGSMANHSLFLMPYNGKJIDZNDCXQNPIDBYJMVBYXDUYVAOSQSPFQUJLHOLIMEIPUEZESHEZINEUTCADLEDCBJQLMAINALEFFALPINGTIQPWXQLHSFKQEVLCTTHELANTTNERQLGFULXEMEKRSEAOBHRWNTAMEJKIYTYJHTCKELICAOBPIEC
SYNTHETIC_P08	13	-2729.62180042	-2762.96614207	AAKUUCQUQEUGU	ERLAUGSEKNESUFLMPYNGAPIDZODCXQNPEILYGAVBYXDUYDQUSWQPFQUJLHODFABJPUEZESHEPOLKSTCADLEDTGGQIAMINALEFMQRPOLITIQPWXIDESCLQEVLCTTOURATRTNERQLGBUIXBADKRSEAOJHXWTRAMEJKIYTYGITDKELICAOBVGEA
SYNTHETIC_P08	13	-2730.90779877	-2764.25214041	AASMUGQUQEUGU	ERHEUESEKNESUFLUHYRGAPIDZODCXQNPEILYGAVBYXDUYDQUSWQPFQUALFODFABJPUEZWSLEPOLKSTCAMCERTGGQIAMINIDEIMQRPOLITIQPWXIDESCLQEVLCTTOURATRTNERQLEBUIXBADKRSEAOJHXWTRAMEFBIYTYGITDKETACAOBVGEA
SYNTHETIC_P08	13	-2732.44005871	-2765.78440036	UAMIWSQUQGUGU	HRKGULSEKNESUZLODYDGAPIDZOGCXQNPEILYGAVVYXDUYDQUSWQPIQUCKMODFMBJPOEZSUXEPONKSTFACEDITGGQIAMCNCZGVMQRPOLITIQPLXIDESCLQEVLCUTOURATRTNERQKLBUIXBADKRSECOJHXWTRACEIDHYTYGHTDEENWEAOBVIEA
SYNTHETIC_P08	14	-2608.85516405	-2644.76445506	IUQUSCQWCQAOUM	AQCUUEOHNOSUDANKTPZMGDBIDZOEQNPCJFDQCASACPXCUYEYUSEBODDREENDGKEEPIERFNHYFORIGJSKMETHMEISHIMHIUTETHERRONGFEEGISNBBZGGADYJAXRBEGIBPFTAILLKRAVZQDPEECHTXLOGKSGFBUKTCHEMEDOUTBGXTTWLXCNS
SYNTHETIC_P08	14	-2633.28950596	-2669.19879696	IUQUSAOEYQAOUM	AQCUUSOSBOSUDANKTPZLGKWIDZOEQNPCJGEQEASACPXCUYEWSSABODDREENDGLFAPIERFNHYFORGERSKMETHMEISHJADKUTETHERRONEDMAGISNBBZGGAEYFCXRBEGIBPFTYITHKRAVZQDPEEDITXLOGKSGFBUKRAHEMEDOUTBGXTTWLXCNS
SYNTHETIC_P08	14	-2635.36940908	-2671.27870009	IUQOWWOECQAOUM	AQCAUHOSNOSUDANKTIZGGKBIDZOEQNPFHIEQCASACPXCUYISSSEBODDREENGEAFAPIERFNHYFIVCERSKMETHMEISFLADIUTETHERRORADMEGISNBBZGJLGYFAXRBEGIBPZTUITLKRAVZQDPHCFITXLOGKSGFBOONAHEMEDOUTBGXITWLXCQS
SYNTHETIC_P08	14	-2636.48090601	-2672.39019701	IUQOWWOECCSOUM	AQCAUHOSNOSUDANKTIZGGKBIDZOEQNPFHIEQCHSACPXCUYISSSENODDREENGEAFAPCIRFNHYFIVCERSWEETHMEISFLADIUTETHERRORADMEGISNBBZGJLGYFAXRBEGIBPZTUITLKRAVZQDPHCFITXFOGKSGFBOONAHEMEDOUTBGXITWLXCQS
SYNTHETIC_P08	14	-2636.95491219	-2672.86420319	IUQUSCQAEUAWUM	AQCUUEOFLOSUDANKTPZMGHCIDZOEQNPCJFDQQLSJCPXCUYEYUSHFOLDREENDGKECPGERFNHYFORIGNSOMETHMEISHIMFHUTATHERRONGFIGGIANBBZGGADYUMXRKEGIBPFTAIONKRIVZQDPEECHTXJOCKSGFBUKTCHEMELOUTBGXTTWLXCNS
SYNTHETIC_P08	14	-2637.08228874	-2672.99157975	IUQUSAOGEKAOUM	AQCUUSOCLOSUDANKTPZLGNCIDZOEQNPCJGEQQDSACPXCUYEWSSHVODDREENDGLFMPLERFNHYFORGETSEMETHMEISHJACHUTETHERRONEDOGGISNBBZGGAEYEMXRBEGIBPFTYIVNKRAVZQDPEEDITXBOGKSGFBUKRAHEMEDOUTBGXTTWLXCNS
SYNTHETIC_P08	14	-2640.94287729	-2676.8521683	IUQOWWOECIIOUM	AQCAUHOSNOSUDANKTIZGGKBIDZOEQNPFHIEQCESACPXCUYISSSETODDREENGEAFAPMARFNHYFIVCERSCUETHMEISFLADIUTETHERRORADMEGISNBBZGJLGYFAXRBEGIBPZTUITLKRAVZQDPHCFITXCOGKSGFBOONAHEMEDOUTBGXITWLXCQS
SYNTHETIC_P08	14	-2641.50407982	-2677.41337082	IUQUSAOECIIOUM	AQCUUSOSNOSUDANKTPZLGKBIDZOEQNPCJGEQCESACPXCUYEWSSETODDREENDGLFAPMARFNHYFORGERSCUETHMEISHJADIUTETHERRONEDMEGISNBBZGGAEYFAXRBEGIBPFTYITLKRAVZQDPEEDITXCOGKSGFBUKRAHEMEDOUTBGXTTWLXCNS
SYNTHETIC_P08	14	-2641.80346107	-2677.71275208	IUQOWAWWCQAOUM	AQCAUSOHNOSUDANKTIZLGDBIDZOEQNPFHGAQCASACPXCUYIWASEBODDREENGELBEPIERFNHYFIVGMJSKMETHMEISFJJHIUTETHERRORELEEGISNBBZGJLEYJAXRBEGIBPZTYILLKRAVZQDPHCDETXLOGKSGFBOORIHEMEDOUTBGXITWLXCQS
SYNTHETIC_P08	14	-2642.88296795	-2678.79225895	IWQOSAOEYQAOUM	AQCAUSOSBOSUDANKTIZLGKWIDZOEQNPFJGEQEASACPXCUYEWSSABODDREDNGGLFAPIERFNHAFIRGERSKMETHMDISHJADKUTETHETRONEDMAGISNBBZGJAEYFCXRBEGIBPZTYITHKRAVZQCPHEDITXLOGKSGHBOKRAHEMEDOUTAGXTTWNXCNS
SYNTHETIC_P08	15	-2663.06914902	-2701.54338938	OYYWEIOOAYWKMKC	JXIJSKSGBSUNAHGSLARYSHUYJDYGCUZSHABQVLHAPTICSVYKSISQYONEQALLEADEQAKIASSIESAMEPISCAEZHJOOLMLKITYTGGTHEGAVQCGAGINGBMELEALFDRJDKTITAFRLVUIWLRJEYJZGNKASFJNISZCKALLTAOXTFFNOUSLYSANFBOAG
SYNTHETIC_P08	15	-2666.33010674	-2704.8043471	OYYIECSAAYWKMKC	JXIDSASABSUNAHGSLADYMHGYJDYGCUZSHHBQMSHAPTICSVYKEISVLONEQALLEADLQDICASSIESAMEPUSWEEZHJOOLMLKITYFEATHEGAVQCGAGIGKBMELEALFDRJKKTGTAFRLVUIWLRVEYNZGNKASFJNISZCALFLTAOXTFFNOUSFCEANFBOAG
SYNTHETIC_P08	15	-2668.1048727	-2706.57911307	GYGYEMEAAYWKMKK	AXEISISABSUNAHCKLITYWHGYJDYGCCZSDMBQGSHAPTICAVYSUISHLONEQALSIAMDQLCCASSIESJEEXKSGQEZHJOOLUCKETYALATHEGAVQUGIGIQWBMELEALFHRFCKTATAFRLVUEOLRLEYZZGNKASFRNISZCIUFLTAOXTBFNOUSPPEANFBOAO
SYNTHETIC_P08	15	-2671.42285585	-2709.89709622	WWYIEYAEECEYMKE	FXIDSCSLOSUNAHFALADYIHKDJDYGCWZSHHBQIDFLATICDVYKEISDOORNQALMABDLQFEALSSBESMUCPUSSMEDHJCOLOSLITYHALEFAMAVQLEAGICSBRITSALFMRJKKTCTLDREVUHELRVEYVZKRKOSFLNJSZCCHDJFJOXTEFLOUSBKIEQNBOAI
SYNTHETIC_P08	15	-2672.3994503	-2710.87369066	OWYGMMIAAYWKMKY	JXIESISABSUNAHISLABYWHGYJDYGCQZSHIKQESHAPTICGVYKCQSLLONEQALGEBDMQLACASSIESCMCPSSGUEZHJOOLILLITYANATHEGAVQCEAGIQBBMELEALFDRJLGTLTAFRLVUKWLRTMYDZGNKASFFNJSZLIDFLTAOXTHFLOUAPSEANFBOAC
SYNTHETIC_P08	15	-2674.9066205	-2713.38086086	OYAWQIMAAYWKMKC	JXHJSKSABSUNAHGSLCRYSHGYJDYGCUZSTAIQCSHAPTICSVYNSUSPLONEQALLEACEQALCASSIESAMERISCYEZHJOOLMLKHTYTHATHEGAVQCGCGINEBMELEALFDRIDETJTAFRLVUIWLRJQYHZGNKASFJNISZJKBFLTAOXTFFNOUELWEANFBOAG
SYNTHETIC_P08	15	-2675.47284508	-2713.94708544	WEGYEMEAAYOYMCK	FXEISISABSUNALCALITYWHGYJDYGUCZSDMBQGSHAITIGAVYSUISHLONXQADSAKMDQLCCASSBEEJUKXKSGQEZHJCOCUSHETYALATHIMAVQLMIGIQWBMEDSALFMRFCKTATAFREVUEELRLEYZZGNKOSFRNFSZCIUFLTYOXTBFTOUSPPEANWBOAO
SYNTHETIC_P08	15	-2676.87285328	-2715.34709364	WCCWEIMCECEYMCQ	FXGJSKSMOSUNALMALERYSHIDJDYGUIZSFABQCEFLATIGKVYOSISPMORNQADYALBEQALBLSSBEEGUITISCYEDHJCOCASIGTYTHMEFAMAVQLKEGINEBRITSALFMRHDKTJTLDREVUBELRJEYHZKRKOSFXNGSZCKBEJFJOXTLFROUSLWGEQNBOAU
SYNTHETIC_P08	15	-2682.77997065	-2721.25421101	OCCWEYAEECEYMSO	JXGJSCSLOSUNADASLERYIHKDJDYGKGZSFABQIDFLATILLVYOSISDOORNQATWELBEQFEALSSBEJHMITISSMEDHJCOSYLIGTYHALEFAMAVQCKEGICSBRITSALFDRHDKTCTLDREVUCWLRJEYVZKRKOSFVNGSZCCHDJFJOXTMFROUSBKIEQNBOAS
SYNTHETIC_P08	15	-2683.81967878	-2722.29391915	OWYIQIQEMAEYMCY	JXIDSKSLISUNALISLADYSHKKJDYGUQZSHHIQADBMATIGGVYKEUSTOOPNQADGEBDLQAJAHSSBEECMCPUSCCELHJCOCILLITYTFLAGAMAVQCEAGINIBZGTSALFDRJKETHTHEREVUKWLRVQYLZSPKOSFFNJSZJKMDFGJOXTHFLOUELAIMONBOAC
SYNTHETIC_P08	16	-2649.3538518	-2690.39304151	AMOOQKIUMUGKYMUQ	KUALOANESUNTABBEFKRIYVGAKJCYSENDLKJVKCZFAOESHOHIMISTSVPJUQVLGZOORLINKSNAMEAPNCLOSGBFPHIYOURSXWDDATMIDBEQJMXQBZIESBAVEEXLFOLCWTSRELQBUWUQEYANDIDIHAKETFOPEHNXXWBRBUSYLGOATJJAOAUNFOWK
SYNTHETIC_P08	16	-2651.31395197	-2692.35314169	AAEOUEIUMUGKYMUQ	KUFLODNESUNTABBEFKHIYPGAKJCYSENDLDBVIUZFAOESHOHIMWITWOPJUQVLGZOOREANISNAMEAPNCLOSURFTHIYOURSXWDDATEIBEEQJMXQBZIESBQVIYXLFOLCWTSREEQBUWUQEYANDIDIHOKETFOPEHNXXWBRBUSYJJOATJJAOAYHFOWK
SYNTHETIC_P08	16	-2654.13041592	-2695.16960564	AAEOEAIUMUGKYMUQ	KUFLOSNESUNTABBEFKHIYKGAKJCYSENDLDBVDHZFAOESHOHIMWITGLPJUQVLGZOOREANDSNAMEAPNCLOSURFDHIYOURSXWDDATEIJGEQJMXQBZIESBQVSUXLFOLCWTSREEQBUWUQEYANDIDIHOKETFOPEHNXXWBRBUSYELOATJJAOAIDFOWK
SYNTHETIC_P08	16	-2656.31932688	-2697.3585166	AYOKEAIUMUGKYMUQ	KUAAOSNESUNTABBEFKREYKGAKJCYSENDLEJVDHZFAOESHOHIMUSTGLPJUQVLGZOORFINDSNAMEAPNCLOSSBFDHIYOURSXWDDATMKJGEQJMXQBZIESBARSUXLFOLCWTSREFQDUWUQEYANDIDIHMKATFOPEHNXXWBRBUSYELOATJJAOAIDFOWK
SYNTHETIC_P08	16	-2657.35213423	-2698.39132395	AYOEMSIUMUGKYMUQ	KUADOJNESUNTABBEFKRYYDGAKJCYSENDLEJVMLZFAOESHOHIMUSTODPJUQVLGZOORFINSSNAMEAPNCLOSSBFKHIYOURSXWDDATMAFTEQJMXQBZIESBALANXLFOLCWTSREFQGUWUQEYANDIDIHMKUTFOPEHNXXWBRBUSYACOATJJAOAQVFOWK
SYNTHETIC_P08	16	-2658.81098318	-2699.8501729	AYOOKOIUMUGKYMUQ	KUALOLNESUNTABBEFKRIYZGAKJCYSENDLEJVAAZFAOESHOHIMUSTMZPJUQVLGZOORFINASNAMEAPNCLOSSBFJHIYOURSXWDDATMIGMEQJMXQBZIESBAVYIXLFOLCWTSREFQBUWUQEYANDIDIHMKETFOPEHNXXWBRBUSYBEOATJJAOAORFOWK
SYNTHETIC_P08	16	-2669.10115194	-2710.14034166	AYOWEKWOUOGKYMUQ	KUAHOANHIUNTABBEFKRQYVGUTJCYSENDLEJVDCZIJOESHOHIMUSTGVPDCQVLGZOORFINDSNDIHAPNCLOSSBFDHISWORSXWDDATMEJBKQFCXQBZIESBADSELLFILCWTSREFQKUWJQAYANDIDIHMKMTFDPMHNXXWBRBUSYEGODTMJAOAINFIWE
SYNTHETIC_P08	16	-2675.07442474	-2716.11361446	AAEOEKWOUOGKYMUQ	KUFLOANHIUNTABBEFKHIYVGUTJCYSENDLDBVDCZIJOESHOHIMWITGVPDCQVLGZOOREANDSNDIHAPNCLOSURFDHISWORSXWDDATEIJBKQFCXQBZIESBQVSELLFILCWTSREEQBUWJQAYANDIDIHOKETFDPMHNXXWBRBUSYEGODTMJAOAINFIWE
SYNTHETIC_P08	16	-2677.04381847	-2718.08300819	AMOOQKIUMUGOQQUQ	KUALOANESUNTEMBEFKRIYVGAKJCYKINDLKJVKCZFAOELLOHIMISTSVPJUQVOYZOORLINKSNAMEAPNALOSGBFPHIYOURSXADDATMIDBEQJMXQFZIESBAVEEXLFOLCOTSRELQBUWUQEYANHGDIHAKETFOPEHNXPABRBUSYLGOATJJAOAUNFOWK
SYNTHETIC_P08	16	-2677.16542244	-2718.20461216	AMOOQKIUMUGKWGUQ	KUALOANESUNTBEBEFKRIYVGAKJCYQYNDLKJVKCZFAOESIOHIMISTSVPJUQVLEZOORLINKSNAMEAPNVLOSGBFPHIYOURSXRDDATMIDBEQJMXQCZIESBAVEEXLFOLCUTSRELQBUWUQEYANELDIHAKETFOPEHNXVQBRBUSYLGOATJJAOAUNFOWK
SYNTHETIC_P08	17	-2643.72180462	-2687.3259437	AGMCYQSOQMKCUOIIE	HUMASNOLUNTLUEIMSELOWZBGVOICZPHBURISULPLFUKTJRGESMFFSONPEARENTYOMSURFNXECIGNVCJDJJKMDZGIGARCTWXSPLETLADPWJQNDSEILWHEUKXPKEXKCRSPNLASYTHILAHPCNQILEBONUSIRTGTXWBBOJCXGFNEWOLLETHHCGSW
SYNTHETIC_P08	17	-2653.39446449	-2696.99860357	AGMCYQSOQMCSYQIIE	HUMASNOLUNTDIDIMSELOWZBGVOICZSJBURISULPLFUKTAREDSMFFSONPEARENLYSOSURFNXECIGNVCAIHQKMDZGIGARCTWXKFPHTLADPWJQNDSEICWFDUKXPKEXKCRSPNDAWATHILAHPCNQILEFONUSIRTGTXWBBOJCPGFNEWOLLETHHCGSW
SYNTHETIC_P08	17	-2655.27292633	-2698.87706541	AGMCMMYOQMKCUOIIE	HUMASHOLUNTLUEIMSELOWZWGVOICZPHBURISULPACUKTJRGESMFFSONPAGRENTYOMSURFNXEIKDNVCJDJJKMDZGIGONITWXSPLETLADPWJQNASEILWHEUKXPKEXKCXSPNLASYTHILAHPIHQILEBONUSIRTGTXKWBOJCXGFNEWOLLETAHCGSK
SYNTHETIC_P08	17	-2660.16270065	-2703.76683973	AGMCYQYOQWSCUOIIE	HUMASNOLUNTLUEIMSELOWZBGVOICZPHBURISULPLCUKIFRGESMFFSONPEGREWBYOMSURFNXECIDNVKFDJJKMDZGIGARITWHAPLETLADPWJQNASEDHWHEUKXPKEXKCXSPXTASYTHILAHPCNQILMKONUSIRTGTXWBBOJMFGFNEWOLLETHHCGSW
SYNTHETIC_P08	17	-2661.61903095	-2705.22317003	AGMCMSEAYICKYQIIE	HUMASEOFINTHIDIMSELOWZCGHXICZSJBURISULPKMUGCAREDSMFFSONPGMRMILYSOSURFNXEIHANVEAMHQKMDZGIGOTOTWTKXPHTLADPWJQNKSAKCWFDUKXPKEXKCDSXJDAWATHILAHPIEQCHGFONUSIRTGTXKCBARYPGFNEWOLLETAHCGSK
SYNTHETIC_P08	17	-2662.64650631	-2706.25064539	AGMCYQYOQWWQQOQIE	HUMASNOLUNTEMEEMSELOWZBGVOICZKHJURISULPLCUKIDRIESMFFSONPEGREWFYKMSURFNXECIDNVKDJLJGMDZGIGARITWHEDHEBLADPWJQNASEDFWJEUKXPKEXKCXSPXXAOYTHILAHPCNQILMIONUSIRTGTXWBBOJMJGFNEWOLLETHHCGSW
SYNTHETIC_P08	17	-2664.28599548	-2707.89013456	AGMCYQSAYYSYYQIIE	HUMASNOFINTAIDIMSELOWZBGHXICZSJBURISULPLFUGHFREDSMFFSONPEARMYBYSOSURFNXECIGNVJFFHQKMDZGIGARCTWJALPHTLADPWJQNDSACHWFDUKXPKEXKCRSXZTAWATHILAHPCNQCHLKONUSIRTGTXWBBAROFGFNEWOLLETHHCGSW
SYNTHETIC_P08	17	-2666.34879112	-2709.9529302	AGMCYQSOQMKKOUIIE	HUMASNOLUNTHABIMSELOWZBGVOICZINBURISULPLFUKTJRJBSMFFSONPEARENTYISSURFNXECIGNVCJMMGKMDZGIGARCTWXSXFKTLADPWJQNDSEILWKBUKXPKEXKCRSPNLAMETHILAHPCNQILEBONUSIRTGTXWBBOJCXGFNEWOLLETHHCGSW
SYNTHETIC_P08	17	-2668.63606548	-2712.24020456	AGMCYQSAYWWYYQIIE	HUMASNOFINTAIDIMSELOWZBGHXICZSJBURISULPLFUGIDREDSMFFSONPEARMWFYSOSURFNXECIGNVKDFHQKMDZGIGARCTWHELPHTLADPWJQNDSADFWFDUKXPKEXKCRSXXXAWATHILAHPCNQCHMIONUSIRTGTXWBBARMJGFNEWOLLETHHCGSW
SYNTHETIC_P08	17	-2669.05498409	-2712.65912317	IGMCYQSOQMCKYYWIY	DUMASNOLUNTHIMBMSMLOWZBGVOICZSRPURESULPLFUKTAREYSMINSONPEARENLYSXSULBNXECIGNVCAMHEDMGHGIGARCTWXKXPOHLUMPWJQNDSEICWFMUKXXKEXKCRSPNDAWITHIHAHPCNQILEFONUSIRBGTXWBBOJCPGFNEWOHLETHPCGSW
SYNTHETIC_P08	18	-2635.19996643	-2681.36905486	KICUIUWASUYGCOGMIY	UBAINESHETZUYFAMOYOLEPYEHHQICYWHYZQCHLTEDSIBIQMCQADVEONTOIRQKBAYSESBSIDELLMVVEGTHEECCCESFININSXEFMILJIZKHOCCAZAGFRAHOAFFAZTJCNITBVIAULTSIULKQZJYFCANUSZEOUGITELECTCZOHFMEOPUMINTHAQA
SYNTHETIC_P08	18	-2635.47866249	-2681.64775093	KICYOMWASUSCQGGMIY	UBAGNISHETZUDZAMOYOLETYWHHQICYLYYZQCHLTCASIBIQCEQEDVEONTOMXQKBAYMASTSIDELLMVVIGTHEHEIGESFININSXWFMILDENCHOCCAZAECRAHOAIVGZTJCNITBZOAULTSIRZKQZJYFCANUSZEOUJKLILECTCZOHFMEOPUGEALHAQA
SYNTHETIC_P08	18	-2636.3469758	-2682.51606424	KIUKEWUEKUECYOGMIY	UBEANDSFITZUMFAMOYOLWFYGHLIICYTHYZQCHLTJFSJMMQJEQADVEONTOYNQIFSYYASBSIDELLDVVDHELEBEECESFINIFSXGDRALPEVKHOCCAZELHRBUOACVCZTJCNITTLEASOTSIRHKQZJYFCENUSZCOUDKHELECTCZGHFMESPUSEITHAQA
SYNTHETIC_P08	18	-2638.42774582	-2684.59683425	QYCUOUIGSCICQGGMQK	MGAINESEETZUDZAMOYVLEPYEHNQICYLYYZQCEDTEASCLIQHEQEDVAOTJOIXQWHAYCASTSILEIDMVVEADHAMEIGESBUTYNSXERTITTENCHOKPKZAGCRHEOJAVGZTJLNOTBVOAGRTAIRZKQZRYCHANUSZBOUBKLILELTIPOHFMEUPUWEALHAYA
SYNTHETIC_P08	18	-2638.88266468	-2685.05175311	KICUIUWASUECYOGMIY	UBAINESHETZUMFAMOYOLEPYEHHQICYTHYZQCHLTEDSIBIQJEQADVEONTOIRQKBAYYASBSIDELLMVVEGTHEBEECESFININSXEFMILPEVKHOCCAZAGFRAHOACVCZTJCNITBVIAULTSIRHKQZJYFCANUSZEOUDKHELECTCZOHFMEOPUSEITHAQA
SYNTHETIC_P08	18	-2641.52768421	-2687.69677265	KWUMKSKGSCICCOGMIY	UHEMNOSEETZUYFAMOYOLWHYDHNQICYWHYZQCHETICSBLIQHEQADVEONHOATQYHAYCASBSIDELEDVVOMDHAMECCESFINWFSXDTTITTEZKHOCCAZEKERGEOJAVAZTJCNITTNKAIRTAIRLKQZJYFTENUSZBOUBKTELECTCMGHFMEUPUWENTHAQA
SYNTHETIC_P08	18	-2641.97363138	-2688.14271982	KIUKEWUEKUGIYOGMIY	UBEANDSFITZUMFAMOYOLWFYGHLIICYTHYZQCHLTJFSJMMQIBQADVEONTOYNQIFSYAGSBSIDELLDVVDHELEASECESFINIFSXGDRALRLVKHOCCAZELHRBUOABECZTJCNITTLEASOTSIWHKQZJYFCENUSZCOUCHHELECTCZGHFMESPUUKITHAQA
SYNTHETIC_P08	18	-2644.26894665	-2690.43803508	KECUEUIGSCICUISESY	UDAINESEETZUBIHDOYOLEPYEHNQICYPBKRQCHATEFSCLIQHEQDKVMONPOINQWHAYCASVEINELPMVVEADHAMEGFLSAINFNSXERTITTERETOMCAZAGHRHEOJAVOZTAKNITBVEAGRTAIRCKQRTYFEANUSZBOUBKJHFIKTCVOHFMEUPUWEENTSAA
SYNTHETIC_P08	18	-2645.5456028	-2691.71469123	QESUEUIGSCICCOGMIY	MDFINESEETZUYFAMOYVLUPYEHNQICYWHYZQCEATEFSCLIQHEQADVEOTPOINQWHAYCASBSIDEIPEVVEADHAMECCESFITFDSXERTITTEZKHOCCKZFGHRHEOJAVAZTJCNOTRVEAGRTAIRLKQZJYCEFNUSZBOUBKTELECTIVEHFMEUPUWENTHAQA
SYNTHETIC_P08	18	-2647.30144358	-2693.47053201	KECUIUWASUECYOGESY	UDAINESHETZUMFADOYOLEPYEHHQICYTHYRQCHATEDSIBIQJEQADVMONPOIRQKBAYYASBSINELPMVVEGTHEBEECESAINFNSXEFMILPEVKHOMCAZAGFRAHOACVCZTAKNITBVIAULTSIRHKQRTYFEANUSZEOUDKHELIKTCVOHFMEOPUSEITHSAA
SYNTHETIC_P08	19	-2648.52418184	-2697.25821963	YYESCAEYMQSCIWUEKUO	GODEOSUBAZUYIFIMYNICKHMYKHEKICZDONQQDEOIDTAEBYMIUFEVENNPEONMQRAMYGOTOUJOFYEMORTHADDEDMJWDIBTINTWIMETROBINSOCAINMGJICXIVBKTPLERAQLFWKQXJSRIPMKRDSZCYATLLTISKIAHDMAYOXTIOUSUNEEMUBPANY
SYNTHETIC_P08	19	-2649.45748043	-2698.19151822	YYESUIUYMGKCAEUWAUO	GODEOBUBAZUYMBIDYNICKHMYTHEKICZVWNIQDEOIDTERGYMAUFIVENNPEONMQJJCYGETOMJOFYEMORTHEMIEDESWHEBIANTWIMELZEBIDLOUIIECGJICXIVKCTPDIREQLJWKQXJSRIXCKRTKZUYALLLTISKIEDIMAYOXGEOUSUFMUMUBPAEG
SYNTHETIC_P08	19	-2653.35839128	-2702.09242908	OYESUIUYMQSCIWUEKYE	LODEOBUBAZUYIFIMYNASKHMYTHEKICZDONQQDEOIDTERGYMIUFEVENNDJONMQJJCYGOTOUJOFYJCORTHEMIEDMJWDIBTINTWIMELZEBINSOCAINMGJACXIVKCTPLERAQLFWUQNJSRIXCKRDSZCYATLOTASKIEDIMAYOXTIOUSUFMUMUBPANY
SYNTHETIC_P08	19	-2656.99611521	-2705.730153	AYESUIUYMQSCIWUEKYQ	FODEOBUBAZUYIFIMYNHEKHMYTHEKICZDONQQDEOIDTERGYMIUFEVENNDDONMQJJCYGOTOUJOFYJOORTHEMIEDMJWDIBTINTWIMELZEBINSOCAINMGJHCXIVKCTPLERAQLFWUQZJSRIXCKRDSZCYATLOTHSKIEDIMAYOXTIOUSUFMUMUBPANY
SYNTHETIC_P08	19	-2661.00248432	-2709.73652211	YYKGUIUYMGKCIWUEKUO	GOANOBUBAZUYIFIMYNICKNBYTHEKICZDONQQDEOIATERGYMAUFEVENNPEONSQJJCYGETOUJOFYEMORBAEMIEDESWDIBTINTWITSLZEBIDLOCAINMGJICXBVKCTPDIRAQLFWKQXJSFIXCKRTKZCYATLLTISZREDIMAYOXTIOUZJFMUMUBPANY
SYNTHETIC_P08	19	-2662.27409172	-2711.00812951	YYESUIIYEGCWGYOGSAO	GODEOBUBEZUYJELLYNICKHMYTHECICZBQHSQDEOIDTERMYDAUIFVHNNCEONMQJJQYYETISJIFYLMORTHEMBEHEEWEHEDENTWIMELZSBADCOACCOUGJICXIVKITPDMRBQBEWHQXJSRIXQKRTCZAYUVLRTISKIEDBMTYOXDHOUSUFMIMNBPAKA
SYNTHETIC_P08	19	-2665.07795286	-2713.81199065	YYESCAKAMGKCAEOCKUO	GODEOSUAAZUYMBLAYNICKHMYKHGKICZVWHOQDEOIDTAELYMAUFIVHNNPEONMQRASYGETOMJIFYEMORTHADADDESWHEEFINTWIMETRUDIDLOUICKMGJICXIVBHTPDIREQBGWKQXJSRIPSKRTKZUYURLLTISKIAHSLAYOXGEOUSUNELOUBPAEG
SYNTHETIC_P08	19	-2666.14109564	-2714.87513343	AYCGUIUYMQSCIWUEKYQ	FOENOBUBAZUYIFIMYNHEKFBYTHEKICZDONQQDEOISTERGYMIUFEVENNDDONLQJJCYGOTOUJOFYJOORFAEMIEDMJWDIBTINTWILSLZEBINSOCAINMGJHCXBVKCTPLERAQLFWUQZJSFIXCKRDSZCYATLOTHSLREDIMAYOXTIOUQJFMUMUBPANY
SYNTHETIC_P08	19	-2666.62538004	-2715.35941783	YYESCAUYMGKCIWUEKUO	GODEOSUBAZUYIFIMYNICKHMYKHEKICZDONQQDEOIDTAEGYMAUFEVENNPEONMQRACYGETOUJOFYEMORTHADIEDESWDIBTINTWIMETREBIDLOCAINMGJICXIVBCTPDIRAQLFWKQXJSRIPCKRTKZCYATLLTISKIAHIMAYOXTIOUSUNEUMUBPANY
SYNTHETIC_P08	19	-2667.83838892	-2716.57242671	YYKGUIUYMGKCAOUEKUO	GOANOBUBAZUYMQIMYNICKNBYTHEKICZVHNQQDEOIATERGYMAUFIVENNPEONSQJJCYGETOMJOFYEMORBAEMIEDESWHMBTINTWITSLZEBIDLOUSINMGJICXBVKCTPDIREQLFWKQXJSFIXCKRTKZUYATLLTISZREDIMAYOXGMOUZJFMUMUBPAEQ
SYNTHETIC_P08	20	-2579.47880888	-2630.77779603	YKECGEUGKWYMKCWIOOCY	OALASUNTHUYGLEDHNPXEDKGWZOGNIIDYEVOURDETHOCCISGETKJOINPHFIBEGRSCOYOFSILIFEZSMTFSEABIEDMEBATHITTLETHEPAPEDAUPEANUMHINGAPFHPTMBRGVCLUKXYFNIOMQGLROHYOYRLLDSFDPHGIXCUSYDJOHTTHAOAKHFAWN
SYNTHETIC_P08	20	-2584.73737097	-2636.03635812	YKQMAOYGGWYMKCWIOOCY	OAFISANTJUYGLEDHNPXEDKSGZZGNEIDYEVOURDETHOJKLSEETKJOINPHFIBEGREMIYSFSILIFEZSMTFSEAIDHSKEDATHITTLETHEPABOXLYPAANUMHINGAPFHPTHEREVELUKXYFNIOMQGLRYBYSYNLLDSFDPHGIXCUSYGEOHTTHAOAERFAWN
SYNTHETIC_P08	20	-2587.23241425	-2638.53140139	YKQMAAYUYWYMKCWIOOCY	OAFISHNJAUYGLEDHNPXEDKSGZLGAWIDYEVOURDETHOJKLSEKTKJOINPHFIBEGREMIYSTSILIFEZSMTFSEAIDHFKKHATHITTLETHEPABOXWYPSANUMHINGAPFHPTHEREVILUKXYFNIOMQGLRYBYSYFLLDSFDPHGIXCUSYGLOATTHAOAEDFOWN
SYNTHETIC_P08	20	-2587.96481276	-2639.2637999	YKECGOUGOWYCAUQOQYCY	OALASANTFUYLDIGENPXEDKGWZZGNMIDYUNIARDETHOCCISGETKJOANPEEDBEGRSCOYOFSILIVEZYODFSEABIESMEMATMATTIDTHEPAPEDLUPIANKCHITIAPFHPTMBRGVALUCXYINHOMQGLROHYOYVLLTSFXPJGIXCUSYDEOHTTHAOAKRFAWN
SYNTHETIC_P08	20	-2591.1067152	-2642.40570235	YCQSWQYUYWYMKCWIOOYY	OEFFSMNJAUYGLEDHNPXEDKSMZBGAWIDYEVOURDETHOJHASEKTKJOINPHFIDEGRESEYSTSILIFEZSMTFSEEIAJKKKHATHITTLETJEPSBUTMYPSANUMHINGALFHPTEGREVILUKXYFNIOBQGLREXYSYFLLDSFDPHGEXCUSYIDOATTHAOAATFOWN
SYNTHETIC_P08	20	-2591.70883942	-2643.00782657	YOKCGOUGOWYMKUQOSOCY	OLIASANTFUYGLIGENPXEDKMWZZGNMIDYENIARDETHOMCISGETKJOINPEDIBEGRYCOYOFSILIFEZYQTFSELLIESMEMATHITTICTHEPEVEDLUPIANUMHITKAPFHPTMBRGVALUKXYINGOMQGLROHYOYVLLDSFXPLGIXCUSYDEOHTTHAOAKRFAWN
SYNTHETIC_P08	20	-2592.77916574	-2644.07815289	YKQMAOYGGWYMAUKIOOCY	OAFISANTJUYGDIOHNPXEDKSGZZGNEIDYUNDURDETHOJKLSEETKJOANPHFIBEGREMIYSFSILIVEZSMTFSEAIDHSKEDATHATTLETHEPABOXLYPAANUCHINGAPFHPTHEREVELUKXYLNIOMQGLRYBYSYNLLDSFRPHGIXCUSYGEOHTTHAOAERFAWN
SYNTHETIC_P08	20	-2594.28899813	-2645.58798528	YKECOOYGGWYCAOMOQYCY	OALASANTJUYLDLIENPXEDKGWZZGNEIDYUHEARDETHOCCYSEETKJOANPEEDBEGRSCXYSFSILIVEZYODFSEABIASKEDATMATTIDTHEPAPELLYPAANKCHITIAPFHPTMKREVELUCXYKNHOMQGLROPYSYNLLTSFTPJGIXCUSYMEOHTTHAOASRFAWN
SYNTHETIC_P08	20	-2595.88692808	-2647.18591523	ACQCGOYGOOYMKCWIOAIG	BEFASANTFUYGLEDHNPXAEKSWZZGNMIDYEVOURDEBGOJCISEETBJOINPHFPLAIRECOYSFSALIFEZSMEFADEIIESKEMETHITTLETEARSBEDLYPISNUMHINGAVNGPTMBREVACUKXYFNIOJQILROHYSYVDLDSFDPHGOXBUSYDEOHTMJAOAKRFAWE
SYNTHETIC_P08	20	-2595.99859905	-2647.2975862	YCQCGEUGKWYMKUQOAWYY	OEFASUNTHUYGLIGENPXEDKSWZOGNIIDYENIARDETHOJCISGETKJOINPEZEDEGRECOYOFSILIFEZYZBFSEEIIEDMEBATHITTILTJEPSBEDAUPEANUMHITSALFHPTMBRGVCLUKXYINCOBQGLROHYOYRLLDSFXPTGEXCUSYDJOHTTHAOAKHFAWN
SYNTHETIC_P09	1	-2896.03924608	-2898.60419544	E	QLOESLBMFRENAZWLCUCMPHBRQMENTJQUCMHFFLOGTCCQCFOTHHRMJQYXAGURENTIEHEJAIDIVLFFRAMENFEXMVQDSMLLVWWOBQMJDYOANMEUOOYEUODCUJDLEXWHTWPJRTVECUEKTIAYLWCFQSTOEYTGRTZLINLLJYGWWFMOJYCBEALLWWFE
SYNTHETIC_P09	2	-2882.96314812	-2888.09304683	OE	UMLSIBUYCTBECHIPPCFUJBHPWENQYQJAGHWVBOUEQCCCEMOXCRRMKYBSDFRNVENCHTQBHDSMNUKJGMBUREFHABELOLNZXWWGHMARMMJYREMEAJOIMSYEWSIEBWGBVAXDUGTWHEFUSAICGCGFXESQBEICCKTXHNXRRVISIOEMLRJTHLLDNUWK
SYNTHETIC_P09	2	-2904.72717619	-2909.8570749	UO	UOLDFJAIMTHEMCOZFKKEGJHZWMNAYQJADCCFLOAEQKCMBHUHMRXMHYHSAAXXVTNNETWBELYWNUKJDHBERMFRKJKVOGNJXWWGEHGBJHPIRMMOKEOSJSEEWSIELWMBVIXNUBTGEMLESIIMDKMPXMSALTONMFTHONCRHVPSFOEMIRPTEGRNNUWK
SYNTHETIC_P09	2	-2909.58879948	-2914.71869819	MG	ULLUJASADTZEDGGRJBCWKAHRWDNSYQJAHGUXCOSEQBCEFLMZDRPMLYZSEUPOVDNEITOBICQONUKJHLBWRDFJBACNONNAXWWGILYTALHARDMGBIOKASWEWSIECWEBVPXEUFTYODCWSPIFHBEHXDSSCDGEDZTYINVRLVHSJOEMMRHTIKJFNUWK
SYNTHETIC_P09	3	-2798.85549259	-2806.55034066	WCE	OASKREJIEFPQLDRRMKPCBESGIHENPMRMHUONOUTDEGRKMISFGQYYMMEXFOTHINTNAJEODAAIUTCLJECDTXHFFISNJCKJWCEWDEDJOICDEBGNYBUOHFJISVWILZTPAGGGVINSTHENTKCMCQKXTETSOORIZHATCSJFQKLPOPHEGSERTALMUCEW
SYNTHETIC_P09	3	-2840.06869411	-2847.76354219	AKM	OJSKZEHEAJXYJMRVUKCLKJAGGDANXMRIDUWVBUTGEGEGINANEQYCMMCXUSTOGITNJJPOMFAQUTLLJMNMTAPFDESRRCIFWGMWBAMNWQAMABONYKUOPFHESZEIWZTSAGECVIVSGDAQBSAILUSFTATSWOREZHITASFJQSWPOSHEESAVTIJIUGMW
SYNTHETIC_P09	3	-2848.53615475	-2856.23100282	SCM	OASKRELIABPYADRNMKGCKBSGKHANPMRMDUOVFUTYEGIKIFSNIQYUMMGXUKTOKNTNAJGOMWAQUTLLJMEDTTHFHISJJCMJWYEWFEMFOQEDABGNYBUOHFLISRWIAZTLAGIGVINSKHAITSEMLMKFTETSOORIZHATNSFAQSAPOLHEISANTIAMUYEW
SYNTHETIC_P09	3	-2897.39981747	-2905.09466554	KYM	OCSKNECKATLYERRFJKKEKTOGBJANLMRBDUKVJUTQEGMMIXONMQYMMMKXUCTOBBTNXJKOMOAQUTLLJMIFTLDFLKSBFCVLWRAWJSMXLQIFABCNYDUODFCWSJTIEZTDAGMIVIJSBJAAPSIBLEGFTSTSLORKZHWTISFTQSEPODHEMSAFTIENUQBW
SYNTHETIC_P09	3	-2898.85573387	-2906.55058194	WGW	OLSKVEJWIFSILBRRQKPAFEWGIFINTMRKLUSFOUTDEGRYDIXXGQYYMMEXJOTZIKTNFJEOHAAAUTGLJWCBTXLFFGSNNCKHWCIWDCHJSACBIBKNYMUOLFJGSVAILZTPAGGEVIRSTFINXCCKGQOPTCTSSORGZHETCSAFQCLPOPHEGSIRTSLKUCIW
SYNTHETIC_P09	3	-2899.31130314	-2907.00615121	MGE	OLSKVEBWEVSQDBRHQKJABVWGAFENTMRKHUSNIUTSEGLYMZXFLQYOMMPXFFTHAKTNFJJODQAIUTCLJEHBTNLFKGSDNCCHWSIWICDZSIHBEBKNYMUOLFBGSLAIDZTFAGLEVIRSAFECXKHKCGOXTCTSSORGZHETHSJVQKDPOFHELSEHTAWKUTIW
SYNTHETIC_P09	3	-2916.52150822	-2924.21635629	SMS	OISKBELDKBZEALRNWKGKHBCGKCKNZMRHAUYBFUTYEGIFFFCTIQYUMMGXLKTVKHTNLJGOJWAWUTILJSELTTRFHWSJSCMEWYOWFMJFYWELKBQNYJUORFLDSRGIAZTLAGIBVIXSKCKIDYEHIMULTMTSYORDZHKTNSCAQYAPOLHEISKNTOAHUYOW
SYNTHETIC_P09	4	-2829.92287016	-2840.18266759	CACO	OFBJLOFSECWCOEMNHCCJSRKFVTYJNMNMAHHOLRCMNEKHCZOFCYREEMNEIGHTFIQEAPASEAGATEMOLJCEROGQECUBZIJCMUIQEFFHOMHUXBGEMATMHUILNFAILTVPUAHNREOTSSFGDAMKIYWXSTVTSNONPKONSTLZGJBOXSVGETAGXSZHNUWK
SYNTHETIC_P09	4	-2845.80220509	-2856.06200252	UAMC	OFJQLOFHICWIGEMBLCKCKRUTVTYCNMNAOHCOCRMMNEFACZYTGYRKWMNSMGCTXIQEEPISWAQATEHOLJMEROBQECEBZIEIMUSEIFAAGMRIXBBKMADALUDEFFKWCTVPMAHNREOTSSFGHAHDIYGLSTVFSNOAPKONSTLZUJPOOSEGITIMPSJVNUWK
SYNTHETIC_P09	4	-2850.31746292	-2860.57726035	UUOC	OIIQLIFHIFWIGEMBLFJCKLWTVJYCNHNAOKBOCLOMNHEACTATGYRKWMNSMJBTXCQEEPHSWASATHGOLJOEREAQEXGBZLXIMOVEIIMAGGTIXEAKMUFALUCEFFMWCTVPMAHNRHOTSMFGHDGDISILSJVFSGOAPAONSNLZUMIOOSHGITHMPSLVNUWK
SYNTHETIC_P09	4	-2855.9685998	-2866.22839723	KMWW	OMEFLAFAAJWLWEMVDJFFADENVAYFNZNUJBKOTDWMNLADCLINLYRAMMNMEAKTNUQEJPDSMAAATLCOLJWERIUQEPPBZCMLMGCYAMIOWYBDXIJAMMNUDULHVFUQHTVPCAHNRLOTSEFGMHCGIKQFSAVISYOUPEONSFLZCDEOFSPGATDCFSTPNUWK
SYNTHETIC_P09	4	-2857.74978065	-2868.00957808	KWGW	OSMFLLFAAEWLWEMVDEAFANONVIYFNJNUJJFOTNGMNGIDCVSNLYRAMMNMEIFTNEQEJPLSMAKATGKOLJGERDEQEZYBZVHLMRMYAHDOWILDXDEAMWXUDUGHVFEQHTVPCAHNRGOTSOFGMCNGIUBFSIVISIOUPMONSPLZCLMOFSZGATOCFSCPNUWK
SYNTHETIC_P09	4	-2859.90652943	-2870.16632686	KAUW	OFFFLOFAACWLWEMVDCGFARCNVTYFNMNUJHLOTRUMNEBDCZGNLYRAMMNMEGLTNIQEJPESMAYATEDOLJUEROKQECMBZIALMUAYAFJOWMZDXBKAMALUDUWHVFTQHTVPCAHNREOTSSFGMADGIYOFSTVISNOUPKONSTLZCJFOFSNGATECFSRPNUWK
SYNTHETIC_P09	4	-2862.79320621	-2873.05300364	KUOK	OIILLIFOAFWEWEMJDFJLALWBVJYLNHNIJKBOTLOMNHEJCTABLYRGMMNAEJBTNCQEJPHSMASATHGOLJOEREAQEXGBZLXEMOVMAIMJWGTQXEAGMUFIDUCAVFMEHTVPCAHNRHOTSMFGMDGMISITSJVBSGOIPAONSNLZCMIOFSHGATHIFSLDNUWK
SYNTHETIC_P09	4	-2867.07241535	-2877.33221278	IUGC	OIMQLIFHBFWIUEMBEFACYLOTVJYCNHNAKKFORLGMNHIACTSTMYRKKMNSFJFTLCQEKPLSKAKATHKOLJGEREEQEXYBZLHIMOMEBIDAUGLIXEEKMUXAEUGETFEWITVPAAHNRHOTSMFGADNDISBLSJVFSGOAPAONSNLZDMMODSZGBTOMDSCVNUWK
SYNTHETIC_P09	4	-2868.96842766	-2879.22822509	YWWQ	OSEILLFUSEWBLEMPJEFQONEGVIYINJNOCJKOHNWMNGAGCVIHEYRDAMNGKIKTBEQECPDSAAAATGCOLJWERDUQEZPBZVMWMRCTSHIGLIBWXDJDMWNOJULSJFULATVPQAHNRGOTSOFGFCCJIUQZSIVLSIOOPMONSPLZILEOTSPGGTDFTSTJNUWK
SYNTHETIC_P09	4	-2869.30695915	-2879.56675658	UAUU	OFFGLOFYICWWGEMSLCGGKRCLVTYGNMNSOHLOCRUMNEBECZGLGYRBWMNKMGLTXIQEEPESWAYATEDOLJUEROKQECMBZIAMMUAWIFJEGMZAXBKBMALSLUWIFFTOCTVPMAHNREOTSSFGHADHIYODSTVJSNOSPKONSTLZUJFOOSNGITEDPSRNNUWK
SYNTHETIC_P09	5	-2849.212255	-2862.03700179	YCCOW	GBQJJLQESDWDDIRNAWYKEIFBIHNODMWAGBDVPLEWRKAGLDAPFXYMBXUMTOTOHATHEMAJMYIFRNDDXKIWOGCWHFEVBMKCQOOEEWGPBDTDOSWASMSVGWHETNEUHVPYRQBHMXTVFLEEHSECEJFLTQCCGSZBXHNHATHLWPASYSTUGEBLIGJVUYMC
SYNTHETIC_P09	5	-2853.89963102	-2866.72437781	EYIOO	DDQJALMESVWFAIRNWCYKBKCBMHJUDMWCDBHVLREORYKGCDXVFPYBLXAMPUTHECTHIMWJMQFHRNHJTKIOOIMWLFABBEHEQOOKAWGPLFTDOYSASMSVDWLETTEMEVPYRWBHMXTVCLIEHYEUBLCLTWYIGSZDXHNHWTHLHPKSYZTAGENAFGAAQEMU
SYNTHETIC_P09	5	-2858.56441212	-2871.3891589	EQWOO	DPQJALFESVWJGIRNOQYKBBIBMHBIDMWOJBHVCFEORDDGCDOJFPYFEXAMHITHEGTHIMOJMQFLRNHJLKIOOMFWLFSPBEHIQOOKSWGPLJTDOYKASMSVJWLETHEMEVPYRWBHMXTVTLIEHNEUBCILTWQWGSZHXHNHOTHLHPDSYZTOGENEWGAAITMU
SYNTHETIC_P09	5	-2862.44461155	-2875.26935834	QCSUC	KBQGGLQEYJWDIPRNAMFKIIKLFHNEJMWALLOVPBKDRKFDIDAFLDYMPXGMTFTVLATEPMAJSFMFRNOVXKIDOGHWEFELBSBCQOOWEWGPFDTAOKWAYMSVLWEETDEALVPYRIBHMXTVKSBEHILIIJKITICSMSZBXENHATNLBPFSYLTKGEFLADGNUOSI
SYNTHETIC_P09	5	-2867.44329739	-2880.26804417	AMEEC	FJQBGLAEIJWLCARNKYOKDDEGFHXQTMWIFGOVZNUDRFMLIDKRVDYHAXGMDQTVGITOPMKJDFHARNOFHKIDOUBWEFPXBSJKQOOGOWGPALTIOUGAIMSVUWEETOEAGVPYRSBHMXTVEDBEHUUIDEEDTSMEWSZJXMNHKTXLJPMSYVTWGEAGHLGXEACI
SYNTHETIC_P09	5	-2869.41741753	-2882.24216431	AMICC	FJQQGLAEHJWLABRNKCMKDDCVFHXUQMWIDHOVZRSDRFKMIDKVTDYHLXGMDUTVGITAPMKJAFHARNOFHKIDOUMWEFPBBSJKQOOGOWGPALTJOUGAGMSVDWEETTEAGVPYRSBHMXTVCEBEHYSIDECETSMIUSZJXANHKTVLJPKSYVTAGEAGFNGXEEBI
SYNTHETIC_P09	5	-2870.90856409	-2883.73331088	KKGAW	AKQDJLYEEDWRBCRNJAKKLEDIIHVSPMWJUVDVXORWRGLALDITRXYNMXUMASTOBJTBEMIJYYUBRNDOFKIWOCAWHFMZBMELQOOQMWGPIMTKOEEAEMSVEWHETREUBVPYRCBHMXTVDFEEHWQCLFDFTCKGSSZKXBNHITTLEPLSYFTYGEIHGAJHCCYC
SYNTHETIC_P09	5	-2871.91818953	-2884.74293631	WCCCC	HBQQGLQEHJWDDBRNAWMKFIFVFHNOQMWAGHOVPLSDRKAMIDAPTDYMBXGMTOTVIATAPMAJAFJFRNOBXKIDOGCWEFEVBSLCQOOCEWGPCDTJOQWAGMSVGWEETNEAIVPYROBHMXTVFEBEHSSIFJFETOCCUSZBXANHATVLLPASYRTUGECLINGTUYBI
SYNTHETIC_P09	5	-2878.36384487	-2891.18859166	AOEKC	FIQLGLCEOJWKCKRNMYUKDCEDFHZQZMWHFDOVBNADREMNIDMRADYGAXGMFQTVGHTJPMMJIFHMRNOFJKIDOABWEFQXBSJJQOOGQWGPARTFOUJAOMSVUWEETOEAGVPYRSBHMXTVEABEHUAIDDEATSOECSZIXONHMTCLJPMSYVTWGEAFHIGXGAII
SYNTHETIC_P09	5	-2878.81513977	-2891.63988656	WEICI	HAQQULSEHOWCABRNCCMKFHCVCHPUQMWMDHKVRRSIRJKMFDCVTJYLLXDMVUTBIOTALMDJAKJERNKBZKIIOFMWBFGBBYLQQOOCHWGPCCTJOQYAGMSVDWBETTEGIVPYROBHMXTVCELEHYSOFICETOEIUSZAXANHCTVLLPKSYRTAGECKFNUTWEBP
SYNTHETIC_P09	6	-2773.19167852	-2788.58137467	ISMAKE	PQQHEEKHEFRYLIVPLBCCKNAVYHPENWNEMYIBMRNEYOOEGFCCAYNCFULMNQXTOKOCJSMRIYMANOBNREKINFBVKEZIXHZZCOMYCFDAMEVERGEYTJVUESOWFTUEEPYRUGBBGNXCBGLANCYITYIDVKYEEKSEOZEDAMBJPORRTDESONGWIFCTITGC
SYNTHETIC_P09	6	-2775.38833904	-2790.77803519	IGMAKO	PAQHEMKUEFRILBVPLJCQKNAFYAPENWNSMYIBMRNEYHOEGFCNAYNCFULMNQXTODOCJSMFIYMANOBNRMKINFBFKKZIXCZNCOMICLDAMMVSRGEITSVUESOLFTUEEPYRUBBBGNXMBMLANKYWTYINVDYEEFSSOZENAFBJPORRTDESONGWIACTITGM
SYNTHETIC_P09	6	-2776.1190877	-2791.50878384	YEMAMO	PBQHWMKSEFSIDCVPKJSOKNCFYBPENWNQMYIBERNEYHEEGFCNFYNCEUBMNQZTOEOCISMDIYOANOBNRMKINFBFCLZIXCPLCOMIHMDALMLQRGGITDVUDSOIFTWEVPYRUBQBGNXMGALANKOUTYINVEYEDFSQOZGNFGBJJOHRTDHSCNGWHATTITIM
SYNTHETIC_P09	6	-2787.15122032	-2802.54091647	IUMKUO	PGQUMMKIEOBILHVPGJCEKNKFYQPRNWNHMJIBMRNMYHOEGPCNAYNKAULMNAHTOJOKESMTIIWANOBNRMKINFBFKNZDXCZACYMICEDIHMVGRQOITIVUMSOYFTEEEPYRUBBBGNXMBFLINKYKTIINVJYRMFSGOIONALBEFORRTNPSONGEDACTICQM
SYNTHETIC_P09	6	-2789.15932465	-2804.54902079	IKMKKM	PLQUEAKYEORGLMVPLKCUKNADYLPRNWNWMJIBMRNMYIOEGPCLAYNKFULMNAXTOBOKJSMJIIMANOBNRAKINFBDKIZDXDZRCYMGCJDIMAVWRQEGTAVUESOOFTUEEPYRUCBBGNXKBKLINLYATIILVBYREGSWOIELADBEPORRTNESONGEIBCTICGK
SYNTHETIC_P09	6	-2792.55257463	-2807.94227078	USMAKS	PQQHETKHEFRNFIVPLHOCKNAJYHPENWNEMYIBGRNEYFAEGFCRHYNCFUXMNQXTOKOCJSMRIYMANOBNRKKINFBJEEZIXALZCOMMJFDAMTHERGENTJVUESOWFTUELPYRUVNBGNXRSGLANILITYIRVKYEEDSEOZERHMBJPODRTDESENGWILPTITGQ
SYNTHETIC_P09	6	-2801.89038467	-2817.28008082	IGAKKE	PAQUEEKUEORYLBVPLBCQKNAVYAPRNWNSMJIBMRNMYOOEGPCCAYNKFULMNAXTODOKJSMFIIMANOHNREKIBFBVKKZDXHZNCYMYCLJIMEVSFQEYTSVUESOLFTUEEPYRUGBBGNXCBMEINCYWHIIDVDYREKSSOIEDAFHEPORRHNESONMEIFCTWCGC
SYNTHETIC_P09	6	-2804.40720654	-2819.79690268	YWYAKE	PFQHEEKKEFRYDGVPLBSGKNAVYFPENWNIMYIBERNEYOEEGFCCFYNCFUBMNQXTOIOCJSMVIYMANOINREKIZFBVCCZIXHPDCOMYHDKAMELIDGEYTHVUESOAFTUEVPYRUGQBGNXCGEFANCOMFYIDVIYEEKSIOZEDFKIJPOHRFDESCNAWIFTTUTGC
SYNTHETIC_P09	6	-2804.52561951	-2819.91531565	UQMKYA	PIQUKGKEEOFUFJVPEDOAKNORYIPRNWNCMJIBGRNMYBAEGPCZHYNKLUXMNALTOLOKCSMPIIAANOBNRGKINFBREFZDXJLXCYMUJODIFGHDRQSUTKVUKSOUFTIELPYRUINBGNXYSHLINELGTIIZVLYRWZSCOITYHABEDODRTNTSENGEBHPTICUY
SYNTHETIC_P09	6	-2804.60168791	-2819.99138405	MWMAKC	PFQHEFKKEFRWJGVPLCGGKNATYFPENWNIMYIBKRNEYASEGFCBLYNCFUPMNQXTOIOCJSMVIYMANOBNRFKINFBTOCZIXICDCOMWADDAMFZIRGEWTHVUESOAFTUECPYRUHFBGNXAMELANDCMTYIBVIYEELSIOZEBLKBJPOVRTDESINGWIGHTITGA
SYNTHETIC_P09	7	-2738.84576464	-2756.80041014	WSSQWGC	QQUBICBKHFVCALPQHBFGTLMJHEXGWOUADEFJBVCEWCLAIIYBKJJSISNEINTOILPYAREMEIGEOUCRTAMKJXFBCZVCWACNZCEMAINITCOEYBYNKALMHRKAWZTGFRKJEKGOTATSBJCSJEGSIJKATIROSSISSPYRMULMAKZARDJWDNDBCERTOISE
SYNTHETIC_P09	7	-2744.38113546	-2762.33578097	CUEAYCY	QGUJHEDKIFFEWHPQBJQWTLMVRHSGWOUICGHJBVMGSYIMCDYRMPLESSIAFDTOHAPEDREMAIDDOUBRTGOKJZFBMCVKWCETACOMWEMHEXOGYGAYVAHMEREIWZTMFDUJEKDETITSDJFSTEGOFIEITKRUUESSOPYRGUKPCKZMRFESANKWBGXTATUA
SYNTHETIC_P09	7	-2748.59581184	-2766.55045735	CISMACY	QMUDGEDKWFRGWHPQHDDWTLMJDISGWOUCBGHJBVYISYIFIKYRMPZSESIAFJTOGAPERREMAIDJOUNRTGCKJAFBMIVEWCETOCAMWEMATEOGYGONGAHMERKCWZTMFRGJEKDKTCTSDJTSFEGOFBKCTKRUISESOPYRMUJPCKZARHESANDDAGXTOEWA
SYNTHETIC_P09	7	-2755.78284693	-2773.73749243	AMEAMGG	QKUJACMKAFFSAPPQBJKGTLMVRUXGWOUIIEDJBVMUWGJDCDYBINDESSNIGHTOALPCVREMEIEHOUHRTEGKJNFBAGVKWAARSCOMAMALEXOEYESYVALMSREIWZTLFDUJEKEITITSMJXSTEGWGMEITIRSMESSSPYRGUWMLKZMRSJABNKWHEVTATIE
SYNTHETIC_P09	7	-2755.88559484	-2773.84024035	MUSIKCE	QGUFBEAKIFNQWNPQHFLWTLMJZSSGWOUEJGEJBVUSSEDMIMYRJZLSASIGADTOBAPODREMAILDOUIRTQOKJLFBHCVGWCBDACWMWKHHTGOGYQANCAHMMRKEWZTWFRCJEKLETETSAJFSBEGUAIKETKREUSASOPYRMUEPMKZARREYINDFIGHTOAGA
SYNTHETIC_P09	7	-2756.26819277	-2774.22283827	KUSIWGE	QGUFICAKIFNCANPQHFFGTLMJZEXGWOUEDEEJBVUEWEEMIMYBJXLSASNGTDTOILPNDREMEIMDOUCRTOOKJXFBNCVGWABAACWMAKIHTGOEYOANCALMARKEWZTUFRCJEKMETETSAJFSBEGUBIKETIRCUSASSPYRMULMMKZARDJYJNDFCEFTOASE
SYNTHETIC_P09	7	-2759.07698393	-2777.03162943	CUEQGCY	QGUBTEDKIFVNWHPQBBAWTLMVHOSGWOUALGHJBVCOSYIMCIYRMPLEISIAFDTODAPEDREMAIDDOUKRTGOKJHFBMCVCWCETACEMWEMHECOGYGAYKAHMEREAWZTMFDKJEKDETATSDJFSJEGOFIEATKRUUEISOPYRGUGPCKZMRNESANKBKGXTAICA
SYNTHETIC_P09	7	-2759.89526367	-2777.84990917	CUMQYOY	QGUBHLDKIFVEIHPQKBQCTLMDHHFGWOUACAHJBVCGEYIMLIYKMPLMISVAFDTOHHPEDREMMIDDOUBRTGOKJZFBMCVCWJETACEMIEMHACOAYGAGKATMERAAWZTMFLKJEKDETATSDJFSJEGOFITATERUUNISAPYRCUKICKZURFRSANGBBAXTIIUM
SYNTHETIC_P09	7	-2763.15513849	-2781.10978399	KUSIKGM	QGUFBCJKIFNQAVPQHFLGTLMJZSXGWOUEJETJBVUSWNEMIMYBFXLSASNOTDTOBLPNDREMEIMDOUIRTOOKJLFBNCVGWAKAACWMASIHTGOEYOANCALMARKEWZTUFRCJEKMETETSJJFSBEGCBIKETIRCUSASSPYRMUEMIKZARRJGJNDFIEFTOAGE
SYNTHETIC_P09	7	-2765.14508343	-2783.09972893	WUSQWOY	QGUBILDKIFVCIHPQHBFCTLMJHEFGWOUADAHJBVCEEYLMIIYKMJLSISVAIDTOIHPYDREMMIGDOUCRTAOKJXFBCCVCWJENACEMIENHTCOAYBANKATMHRKAWZTGFRKJEKGETATSDJFSJEGOIIKATEROUSISAPYRMULICKZARDRSDNDBCARTOISM
SYNTHETIC_P09	8	-2776.10238361	-2796.62197847	KYAMOIUU	QIWALLMMKNFQUDCHEEJAVCBGBOJCHTHICHDRGRYESOAMUFGZIPXBCTLTNMNDBSNSEVAUMADEMBEBTQYOWGBHFEXMFATAEOCIEBEADOUBXKESIDBYMTIDZTVFVFYHIELPVHSPKJNHTQEGFYBTYFWGIGODSLOLIHHTAYFRSCEDESTHFNFZNUWK
SYNTHETIC_P09	8	-2792.87767696	-2813.39727182	KYAQYIUU	QIWLGLMMKNFUEDCHEEJLVCBGBOJGHTHICHDRBRYESOAMEFGZIPXMKTLTNMNHLSNSEVAUHADEMBEBDQYOWGBFAEXMFATAOOCIEBELLOUBXKEWSDBYMTIBZTVFVFYLIELPVHSPFJNHTQEGPYBTYFWEDGODSLOPSHHTAYFRSCEDESTHFNFZNUWK
SYNTHETIC_P09	8	-2794.5872941	-2815.10688896	KGAGUYSC	QEWDIDAIKVFKATAPEAJDVHCCBWJWHJFQCDDRNRYASWAMBFGHIPXEMTMTNMNXHSLSEVAUJFEAMBEBZGWWWCBKCJXIFITAKECQEKETACUKXSENOSBGMTIGZTVBVFYBIELXVDSPHBEDTYEGLOYBYBWJFLONSTOFOXHAAYFRSHOMESTHFNCHNUWK
SYNTHETIC_P09	8	-2795.54471016	-2816.06430502	SGAGUYSA	QEWDIDAJKVFKATANAAJDVHCDJWJWHJFOLDDRNRYBAWAMBFGFEPXEMTMTVMNXHSLSAVAUJFEBUBEBZGWUWCBKCJXJFITAKECOAKETACULFSENOSBEITIGZTVCDFYBIELVVDSPHBEETYEGLOYZYBWJFLOASTOFOXHZJYFRSHOAMSTHFNCFNUWK
SYNTHETIC_P09	8	-2796.70800972	-2817.22760458	SGAMGSUA	QEWACGMJKVFQMNCNAAJAVKBDJWJCHDHOLDDRKRYBAWAMMFGFEPXBWTLTVMNDSSNSAVAUDIDBUBEBLAYUWCBHJMXJFITAWYCOAKEAHFULFSESAMBEITIDZTVCDFYHIELVVDSPBENETYEGXIBZYBWGMBOASTOLARHZJYFRSKEAMSTHFNFFNUWK
SYNTHETIC_P09	8	-2797.02647781	-2817.54607267	SGAMOIGA	QEWALLGJKVFQUDONAAJAVCIDJWJCHTTOLDDRGRYBAWAMUFGFEPXBCTFTVMNDBSZSAVAUMAKBUBEBTQKUWCBHFEXJFITAEOCOAKEADOULFSESIDBEITIDZTVCDFYHIELVVDSPKJKETYEGFYMZYBWGIGOASTOLIHHZJYFRSCLAMSTHFNRFNUWK
SYNTHETIC_P09	8	-2802.89730406	-2823.41689892	SWSOUSMA	QJWMIGDJKLFSANUNAFAMVKFDJMBEHDZOLTHRNRYBANSMBFGFEPXAMTCTVMNFHSFSAVEUJIHBUBWBZAQUWHFGCMXJFYLAKYCOACIMAFULFIWUOMBEITVCZTVCDFRJIELVVISPHEHETOEGLISZYRWFFBOASIONORHZJYSRSKIAMSKHFNXFNUWK
SYNTHETIC_P09	8	-2804.04726934	-2824.5668642	KCAQAUSC	QGWLFFAIKRFUGPAPECJLVJCCBSJGHFFQCFDRARYASSAMGFGHIPXMJTMTNMNHNSLSEVAUGHEAMBEBFCWWWEBFMLXIFETAQACQEMELXEUKXOEWVOBGMTIBZTVBVFYLIELXVFSPEDEDTUEGRKYBYDWECAONSPOPUTHAAYFRSJOMESTHFNCHNUWK
SYNTHETIC_P09	8	-2804.30204391	-2824.82163877	SGAGUSMA	QEWDIGDJKVFKANUNAAJDVKFDJWJWHDZOLDDRNRYBAWAMBFGFEPXEMTCTVMNXHSFSAVAUJIHBUBEBZAQUWCBKCMXJFITAKYCOAKETAFULFSENOMBEITIGZTVCDFYBIELVVDSPHEHETYEGLISZYBWJFBOASTOFORHZJYFRSKIAMSTHFNXFNUWK
SYNTHETIC_P09	8	-2809.00764418	-2829.52723904	KGAMOEMC	QEWALADIKVFQUZUPEAJAVEFCBWJCHPZQCDDRGRYASWAMUFGHIPXBCTCTNMNDBSFSEVAUMCHAMBEBTMQWWCBHFGXIFITAEKCQEKEADMUKXSESIYBGMTIDZTVBVFYHIELXVDSPKLHDTYEGFUSBYBWGIIONSTOLIDHAAYFRSEIMESTHFNXHNUWK
SYNTHETIC_P09	9	-1662.74611855	-1685.83066276	ACEWWESCI	UITHEHADALREADYBOUGHTAFARMWITHHISMONEYONWHICHHEHADDESIGNEDTOPASSTHEREMAINDEROFHISLIFEBUTHEBESTOWEDTHEWHOLEONHISRIVALTOGETHERWITHTHEREMAINSOFHISPRIZEMONEYTOPURCHASESTOCKANDTHENHIMSE
SYNTHETIC_P09	10	-2721.87140322	-2747.52089679	AQAICMIEAE	WLSLIDACCRLEENIHQQMEYICANDOFVOHAMWMZNDIAWJDHDFNAKUDOMYDETKDNOKWEMUTRAMMOIHEBMAEMOFMVJWQBOMFTSASTCSMZHDPDFMEFWDVKBNNMZDOIHVRROAVESATAGMXKJOSWILLAIZPIBLSQABTYODVDFRFTONIHAUVTTGFNSIUS
SYNTHETIC_P09	10	-2721.87519073	-2747.52468431	YQUICMMEYC	WLSLIDLCDRLEENIHUQKEYIFANDOFVOHAGWMZNDIAWJQHDFNALUDOHYDETKBNOKWEMUARBAMOIHEBRACKOFCVJWQBOAFTMASTCSMXIDPDFMCFWETKBNNMDDOGIVRROAVESBRAGMXKJOSUVLBAIZPICNRQUBTYODTAGRITONGHBUTTNGFNWISS
SYNTHETIC_P09	10	-2722.30844021	-2747.95793378	SQAICMMEEU	WLSLIDLCARLEENIHUQQEYICANDOFVOHAMWMZNDIAWJDHDFNAIUDOMYDETKHNOKWEMUARLOMOIHEBRAIDOFMVJWQBOEFTSASTCSMPLDPDFMCFWINKBNNMDDOYLVRROAVESFLAGMXKJOSMMLLAIZPIMDKQABTYODZTJRFTONGHLUNTTGFNWIYS
SYNTHETIC_P09	10	-2722.32240772	-2747.9719013	SQAICMIEAU	WLSLIDACCRLEENIHQQMEYICANDOFVOHAMWMZNDIAWJDHDFNAKUDOMYDETKDNOKWEMUTRAOMOIHEBMAEDOFMVJWQBOEFTSASTCSMPLDPDFMEFWINKBNNMZDOYLVRROAVESFLAGMXKJOSMMLLAIZPIBDKQABTYODVTJRFTONIHAUNTTGFNSIUS
SYNTHETIC_P09	10	-2723.11134148	-2748.76083505	UQUICMMESW	WLSLIDLCPRLEENIHUQFEYIFANDOFVOHAGWMZNDIAWJQHDFNAXUDOHYDETKUNOKWEMUAREDMOIHEBRAWEOFCVJWQBODFTMASTCSMRUDPDFMCFWHOKBNNMDDOAKVRROAVESENAGMXKJOSOLLBAIZPIFCMQUBTYODNVIRITONGHEUPTNGFNWIMS
SYNTHETIC_P09	10	-2723.81955624	-2749.46904981	YYUICMMEUU	WTSLIDLCFRLNENIHUQGEYEFANDOFVOHIGWMZNDIAWFQHDFNAAUDWHYDETKXNOGWEMUARDOMWIHEBRAYDONCVJWQBOEFAMASTCSMPIMPDFMCFWITSBNNMDDOYIVRROAVESFRAGMXKJOSMVHBAIZPIEDRYUBTYODPTGRITONGHDUTTNGFNWIOS
SYNTHETIC_P09	10	-2725.19522476	-2750.84471834	YYAICSMSUU	WTSLIALIFRLNENINUEGEYECANAOLVOHIMWMFNRIAWFDHDCNGAUDWMYDKTYXNOGWEMUARDOMWIHEBRAYDONMVJAQQOEFASASYCHMPIMPDFJCLWITSBNNSDROYIVRROKVKSFRAGMXQJCSMVHLAIDPBEDRYABTFORPTGRFTONGADUTTTGFNWWOS
SYNTHETIC_P09	10	-2730.02161694	-2755.67111051	SQAICSMSEU	WLSLIALIARLEENINUEQEYICANAOLVOHAMWMFNRIAWJDHDCNGIUDOMYDKTYHNOKWEMUARLOMOIHEBRAIDOFMVJAQQOEFTSASYCHMPLDPDFJCLWINKBNNSDROYLVRROKVKSFLAGMXQJCSMMLLAIDPBMDKQABTFORZTJRFTONGALUNTTGFNWWYS
SYNTHETIC_P09	10	-2732.64533043	-2758.294824	YYUSMMIEAU	WTSGWDACCRLNEXTHQQMEYEFINDOFVOHIGGMZNDIAWFQCLFNAKUDWHINETKDNOGWVHUTRAOMWIQOBMAEDONCVEWQBOEFAMACTCSMPIMPLAMEFWITSBXNMZDOYIVRROAVESFRAGMXKJOSMVHBIDZPIBDRYULTYODVTGRITONIHAUTTNGFNSIUS
SYNTHETIC_P09	10	-2734.51549625	-2760.16498983	UQUICMIEAW	WLSLIDACCRLEENIHQQMEYIFANDOFVOHAGWMZNDIAWJQHDFNAKUDOHYDETKDNOKWEMUTRADMOIHEBMAEEOFCVJWQBODFTMASTCSMRUDPDFMEFWHOKBNNMZDOAKVRROAVESENAGMXKJOSOLLBAIZPIBCMQUBTYODVVIRITONIHAUPTNGFNSIUS
SYNTHETIC_P09	11	-2632.40394402	-2660.61838695	SMCQKMSAAGM	TMBBELICEVPKAEURGAMMENINWOUCOUTALEBNCNKIAUSUCHPCCWKVTNASFSXNNNQNTFIHAMILTEBUQWBGZPHLJBEBOMELOWNRTHINGITWHOKNSQTVIZBCPYRECFSNEIHJELBERFCCTSTIGILICIOILNISGNWPASGMISGONLZKQQPNTSHFNUWK
SYNTHETIC_P09	11	-2639.45353937	-2667.6679823	SOMEGMSAAGM	TLJHGLICEVPKCEINGAMMENIGWMUCOUTALECNRNKIAUSUCGPIEWKVTNASHSLJNNQNTFIGIFKLTEBUQWBQNLHLJBEBOLMEOWNRTHINISHWHOKNSQTVDZDCPYRECFSXEEHJELBEREKITSTIGILIESCILNISGNWPISIMISGONLZUQMPNTSHFNUWK
SYNTHETIC_P09	11	-2641.40265083	-2669.61709377	SMCKGIGIAGM	TMBEGABLEVPKAEONCOUMENINWJUEOUTALEBNXNGIAUSUCHPFEWDETNASFSRJNNZNTFIHACKATABUQWBGTLDLJBEBOMETOWNRTHINGIMWHOKNSQTVIZDEPYRECFSNEEDJELBERFCFTBDVGILICIIIGARSGNWPASISBSGONLZKQMKBTSHFNUWK
SYNTHETIC_P09	11	-2646.79107332	-2675.00551625	SMCQAUOSEGM	TMBBJHKPCVPKAEUHOWFQENINWOULOUTALEBNCNSIAUSUCHPCHWMMENASFSXDNNJQTFIHAMAHTIMUQWBGZFPLJFEBOMELOWNREHINGITWHOKQSQTVIZGLPYRECFSNEYPJELBERFCCTIMMEILICIOISIAWGNWPASLIRSEONLZKQGXITWHFNUWK
SYNTHETIC_P09	11	-2647.85150051	-2676.06594344	SOWEYKOSEGM	TLEHKMKPCVPKCEIFEWFQENIGWMUDOUTALECNRNIIAUSUCGPIIWMMENASHSLBNNJQTFIGDFBMTIMUQWBANDFLJFEBOLHEOWNREHINICHWHOKQSQTVLZHDPYRECFSHEWFJELBEREFITAMMEILIECCIIIAWGNWPDSMARSEONLZEQENITWHFNUWK
SYNTHETIC_P09	11	-2648.62180233	-2676.83624526	AAWEKMSAAIA	TFEHELICEVPKOEIRGAMMENEAWMUCOUTMRMONRNKIAUUJLAPICWKVTNGATSLNNNQNTTEADFILTEBUQEBANPHLJBEBOFHEOWNRTXBNUCHWHOKNVETVLZBCPYRDIFSHEIHJELDSELFITSTIGHERQCCILNISIBWPDSGMISGONLZEQQPNTSHFNUWK
SYNTHETIC_P09	11	-2649.45798779	-2677.67243072	AUYUSCSUWUA	TIDMADIFRVPKIEYZWAGJENEDWEUHOUTQRMINHNAIAUHJLDPALWKLINGANSBVNNLITTEDOKEDTHDUQEBDDXXLJXEBOIGJOWNRIABNOEXWHOKIGETVKZKHPYRUIFSJEQXJELOSEBEATETLIBERKESIANCOUBWPCSCEISIONLZGQYFNTOHFNUWK
SYNTHETIC_P09	11	-2651.42298317	-2679.6374261	AAWESMMUWQA	TFEHALLFRVPKOEIZGUGJENEAWMUCOUTIRMONRNKIAUCJLAPILWALINGATSLVNNLITTEADFELTHDUQEBANXHLJXEBOFHEOWNRICBNUCHWHOKICETVLZKCPYRMIFSHEQHJELLSELFITSALIDERQCCILGCOQBWPDSCMLSIONLZEQYPHTOHFNUWK
SYNTHETIC_P09	11	-2652.49526453	-2680.70970746	AUCKGIMUWQA	TIBEGALFRVPKIEONCUGJENEDWJUEOUTIRMINXNGIAUCJLDPFEWALINGANSRJNNLITTEDACKATHDUQEBGTLDLJXEBOIETOWNRICBNOIMWHOKICETVIZDEPYRMIFSNEEDJELLSEBCFTBALIDERKIIIGGCOQBWPASISLSIONLZKQMKHTOHFNUWK
SYNTHETIC_P09	11	-2653.73597956	-2681.95042249	SMCQYUMSEGM	TMBBKHLPCVPKAEUFOUFQENINWOULOUTALEBNCNSIAUSUCHPCIWAMENASFSXBNNJQTFIHAMBHTIMUQWBGZDPLJFEBOMELOWNREHINGITWHOKQSQTVIZHLPYRECFSNEWPJELBERFCCTIAMEILICIOISGAWGNWPASMILSEONLZKQEXHTWHFNUWK
SYNTHETIC_P09	12	-2662.74260807	-2693.52200036	SGOCYGMCMAIU	JMWIFBJDCCQGLVEHEAUOYEMTOEVAUTQDHEHONTMAIAUOURINADVFBTITICOSVNNSLTETOIQEROUQWCIMZIGWKJPFBWNHECAABLAKDETEVHFIESTITBAGNBYSIROFVDSBRANRKAHNXEIMTSEHPHONGIRHUWPOSTPASEHATSLYFNFIBENTKUUE
SYNTHETIC_P09	12	-2663.198524	-2693.97791629	SGOCYGUCAWOU	JMWIFBFDIEQGLVEHEACOMEMTOEVAUTQDAGEONTMAIAUOINONADVFBTETOPOSVNNSLTMTDFQEROUQWCEMZKDWKJPFBWVHEYGABLAKDETEVJCIESTITBAGNXESIROFVDSBRCNRKAHNXEIMTOEHPHONGIRHULPOSTPASEHATPLYFNFIBENTKUUE
SYNTHETIC_P09	12	-2665.14254284	-2695.92193513	SGKCOOMCMAIU	JMWIKRJDCCQGLVEHUJUOYEMTOEVAUTQDHEHONTMAIAUOURINADVFNTITICOSVNNSATETOIQEROCQWLIMZIGWKJKFBENHECAABLUKIATEVHFIESOIJJAGNBYSIROFVTSBRANRKAHNXNIMTSEHPHONLERHUWPOSTPAIMHATSLYFNHIGANTGUKM
SYNTHETIC_P09	12	-2668.12790346	-2698.90729575	SGKCOOMCMASQ	JMWIKRJDCCQILVEHUJUOYEMPOEVAUTQDHECONTMAIAUOURSNADVFNTITICOSVNNSATETOIQEROCQWLIMZIBWKJKFBENHECKABLUKIATEVHAKESOIJJAGNBIOIROFVTSBRANRKAHNXNIMTSEHPHONLERHUWPOSTPAIMHATSLYFNHIGANTGUKM
SYNTHETIC_P09	12	-2669.54865694	-2700.32804923	MGOCYGMCMASM	MMWIFBJDCCQKLVEHEAUOYEMLOEVAUTQDHECONTMAIAUOURSNDDVFBTITICOSPNNSLTETOIQEROUQWCIMZIBWKJPFBWNHECKAELAKDETEVHASYSTITBAGNBILLROFVDSBRANREAHNXEIMTSEHPHONGIRHUWPOSTPASEHATSLYINFIBEHTKUUE
SYNTHETIC_P09	12	-2670.87713242	-2701.65652471	SGKMKGOCAWOU	JMWDMBIDIEQGLVERQAWOMEMTOEVIUTQDAGEONTMKIAUOINONADVAITHTOPOSVNNCXTGTDFQEROCQWCHMZKDWKJKFBWPHEYGABLUFPETEVJCIESOSEBAGNXESIROAVDSBRCNRKAHNXEIMTOEHPHOHAIRHULPOSTPLEEHATPLYFNHDIENTGEGE
SYNTHETIC_P09	12	-2671.8280344	-2702.60742669	MGSCOOMCMAIQ	MMWIKRJDCCQILVEHUJUOYEMPOEVAUTQDHEHONTMAIAUOURINDDVFNTITICOSPNNSATETOIQEROLQWLIMZIGWKJSFBENHECAAELLKIATEVHFKYSXIJJAGNBYOLROFVTSBRANREAHNXNIMTSEHPHONLERHUWPOSTPAIMHATSLYINDIGAHTOUKM
SYNTHETIC_P09	12	-2672.7295866	-2703.50897889	SGOMOEMCMAIU	JMWDKCJDCCQGLVERUYUOYEMTOEVIUTQDHEHONTMKIAUOURINADVANTITICOSVNNCATETOIQEROUQWDIMZIGWKJPFBUNHECAABLAFIFTEVHFIESTSJZAGNBYSIROAVESBRANRKAHNXCIMTSEHPHOHLJRHUWPOSTPLICHATSLYFNFDGFNTKEKC
SYNTHETIC_P09	12	-2675.2126236	-2705.99201589	MGSCYGMCMAIQ	MMWIFBJDCCQILVEHEAUOYEMPOEVAUTQDHEHONTMAIAUOURINDDVFBTITICOSPNNSLTETOIQEROLQWCIMZIGWKJSFBWNHECAAELLKDETEVHFKYSXITBAGNBYOLROFVDSBRANREAHNXEIMTSEHPHONGIRHUWPOSTPASEHATSLYINDIBEHTOUUE
SYNTHETIC_P09	12	-2675.21569157	-2705.99508386	SGKCOOMCAWOU	JMWIKRJDIEQGLVEHUJUOMEMTOEVAUTQDAGEONTMAIAUOINONADVFNTITOPOSVNNSATETDFQEROCQWLIMZKDWKJKFBENHEYGABLUKIATEVJCIESOIJJAGNXESIROFVTSBRCNRKAHNXNIMTOEHPHONLERHULPOSTPAIMHATPLYFNHIGANTGUKM
SYNTHETIC_P09	13	-2735.70087528	-2769.04521693	EECIIWKCEKOAM	PWWAAEMHAQQJQLTFMOQSORENZHOFTQRCMKMNCWRMCIAUITSFNVFGEOFOLDSWVIUGLRSVSKEQENIJZOLKVGFQLAMASGIFIEKAAAICYMVSUHEATKWZEVILLNESHPAFSOFNUIRYCGCHTHEGKJGFGSYOUIAYSHANDYEABTONZWGHMQJLDSCHEMYE
SYNTHETIC_P09	13	-2739.04186916	-2772.38621081	KQOAQGKSCWCEC	PBWEJMMMBQQHCLEFEWASEPENDWOUTQRKMCONIWRMPIAUSTICNJFGBOMOHLSWVCUEDXSHSSOQENUJDEIEVKBQLFASSEALUECIAAYCLMZIUBLETFWZTVBJDNQEZPKFSNFBYIRYJKLCTVFADHLFGEQWEIRWEVEDAYLESTONZWMFSQVDKSCHEMMI
SYNTHETIC_P09	13	-2740.73238802	-2774.07672967	MYYGWGACEWCEM	PKWBGMRHAQQHQLMFKCAJORENDHOITQRKRKMNIWRMWIAUSISFNJFGAOHOELSWVCUELZSRSYOQENUJDOHAVHLQDAMSSEINCEIOAQICLMZSUKGBTFWZEVBJLNYOFPKFSOFBYIRYEHICTHEADHGFGOWCEIAYEVENMYGRHTBNZWMFUQFIRSTHEMMI
SYNTHETIC_P09	13	-2741.5074749	-2774.85181655	AQOAUOKSEAMEY	PBWEHIMMAQQHELEFEAISERENDSOUTQRNMCMNWWRMPIAUBTIFNSFGTOMOFHSWVAUEFMSHSWWQENYJDANEVKMQLFMFSECAUECMAAYCOMZEUBLETBWZEVJJFNQEZPSFSOFLYIRYJKJLTVELLHZFGEQAMIRYIFEYFYLEITONZWHFIQVDPSCHEMWI
SYNTHETIC_P09	13	-2742.19036722	-2775.53470887	MSOSMOKOEWCEM	PAWILIMBAQQHQLGFWSISARENDHOLTQRNMEMNIWRMQIAUBTEFNJFGAOMOJHSWVCUELZSHSOWQENUJDOHDVXDQLHMSSEINWEVEAAUCLMZSUWLITBWZEVBJLNTERPSFSOFBYIRYJBALTBEADHGFGEISMIMYEVENMYLIMTONZWMFUQVVHSCHEMMI
SYNTHETIC_P09	13	-2743.88948822	-2777.23382987	KQOAQGKSEUSEC	PBWEJMMMAQQHCLEFEWASERENDWOUTQRKMCMNAWRMPIAUSTIFNZFGBOMOHLSWVDUEDXSHSSOQENSJDEIEVKBQLFMISEALUECIAAYCIMZIUBLETFWZEVGJDNQEZPKFSOFRYIRYJKLCTVEBIHLFGEQWEIRYCLEDAYLESTONZWEFSQVDKSCHEMCI
SYNTHETIC_P09	13	-2745.26798725	-2778.6123289	KQOAUOKOEWCEC	PBWEHIMBAQQHCLEFEAISARENDWOUTQRNMEMNIWRMPIAUBTEFNJFGBOMOFHSWVCUEDXSHSWWQENUJDEIEVKMQLHMSSEALUECMAAUCLMZIUBLETBWZEVBJDNQEZPSFSOFBYIRYJKJLTBEADHLFGEQAMIMYEVEDAYLEITONZWMFSQVDPSCHEMMI
SYNTHETIC_P09	13	-2745.32115841	-2778.66550006	KQOAUOKSEUSEC	PBWEHIMMAQQHCLEFEAISERENDWOUTQRNMCMNAWRMPIAUBTIFNZFGBOMOFHSWVDUEDXSHSWWQENSJDEIEVKMQLFMISEALUECMAAYCIMZIUBLETBWZEVGJDNQEZPSFSOFRYIRYJKJLTVEBIHLFGEQAMIRYCLEDAYLEITONZWEFSQVDPSCHEMCI
SYNTHETIC_P09	13	-2746.47971201	-2779.82405366	AOCKQCKOCWKOU	PCWMJBMBBQQCGLCFOWWSAPENNOOATQRMMEONEWRMMIAUOTECNRFGTOFOHASWVCUTHMSVSSKQENUJMWNFVFBQLHASSMEASEMIAAUCLMJAUCERTHWZTVKEHNOSIPGFSNFJIIRYCFLETBFAMCCFGSAWAIMWEDOVFYEMSTONZWIAIQJNKSCHEMUS
SYNTHETIC_P09	13	-2747.04750919	-2780.39185084	KQOAQGKSEAUSC	PBWEJMMMAQQACLEFEWASERENRWOUTQRKMCMNMWRMPIAUSTIFNBFGBOMOHLSWVAUKDXSHSSOQENYJREIEVKBQLFMFSTALUECIAAYCOMMIUBLETFWZEVFCDNQEZPKFSOFTMIRYJKLCTVELHWLFGEQWEIRYINTDAYLESTONZWDLSQVDKSCHEMEW
SYNTHETIC_P09	14	-2634.52451468	-2670.43380568	CMQAWGKACGYWIO	WDREEBDCCQWFFMKBEECASNOFNUDYQRNEALIWIREAREIAUNEXLNJEHADMAMWVNETEMOICAMEUQFMFJYEADANXAISFILEARTXODESTCOMARCWGOKVAHJDEUVREATVISINEOVJEKUVAHNWMIGHKOKSLDFULPHUNQTTTOYXEHVTGANEWCEXTMTSE
SYNTHETIC_P09	14	-2643.08935118	-2678.99864218	CMQAWGESCGYWIO	WDREEBGPCQWFFMKBEECAMEOFNUDYQRNEALLWIREAREIAUNEXFNJEHADMAMWVNETIMOICAMEUQFMFJQEADANXAISFILHERTXODESTCOMALUWGOKVAHJDEUVRIATVISINEOVJEKMVAHNWMIGHKOKSCDFULPHUNQTTTOQXEHVTGANEWCEXTMTSE
SYNTHETIC_P09	14	-2645.47158241	-2681.38087342	CMQAWGKAYQYWIO	WDREEBDCEQWFFMKBEECASNKFNUDYQRNEALIWKREAREIAUNEXLNFEHADMAMWVNETENOICAMEUQFMFJYBADANXAISFILEARTXODESTCOMARCWGOKVAHJDEUVRECTVISINEOVJEKURAHNWMIGHKOKSLFAULPHUNQTTTOYTOHVTGANEWCEXTMTSE
SYNTHETIC_P09	14	-2645.75478029	-2681.6640713	CMQAWGKKKGYWIO	WDREEBDKLQWFFMKBEECASXWFNUDYQRNEALIWEREAREIAUNEXLNREHADMAMWVNETRIOICAMEUQFMFJJMADANXAISFILEIRTXODESTCOMARMWGOKVAHJDEUVRMOTVISINEOVJEKECAHNWMIGHKOKSGMFULPHUNQTTTOIFEHVTGANEWCEXTMTSE
SYNTHETIC_P09	14	-2656.18014717	-2692.08943818	SGWAWGKACGYWUO	WGREEBDCCQWFMMKVEECASNOFNUPYQRNEALIWIREAREIAUNEXLNJEHADMFCWVNETEMOICHMUOQFMFJYEADAZXFLSFILEARTXOKEINCOMARCWGOKHAMMAEUVREATVISIDEUVJEKUVAHNWMAJEKOKSLDFULPHKHWTTTOYXEHVTGFNBWCENTSTSE
SYNTHETIC_P09	14	-2662.4387207	-2698.34801171	CMSASUKWKQYWIO	WDREGHDELQWFFMKBEEYOSJWFNUDYQRNECEIWEREAREIAUNALLNREHADMAMWVNKTGIOICAMEUQFMTJUMADANXAISFKEECRTXODESTCOMORYWGOKVAHJCEUVRGOTVISINEQVJEKQCAHNWMIGGKODSAMAULPHUNSTTHOUFOHVTGANDWEKXTOTOS
SYNTHETIC_P09	14	-2665.04737902	-2700.95667002	CSSCWGKACGYWIK	WARDEBDCCQWFFBKHEGCASNOFNUDUQRNDALIWIREARGIAUPEXLNJEHADIAJWVNETEMOICABEAQFMFJYEADANTAFSEILEARTXODYSZCQMARCWGOKVXHGCDUVREATVISKNEQXJEKUVAHNWIIDGXOKSLDFULPOUTSUTTOYXEHVTDANDICEXTOUSE
SYNTHETIC_P09	14	-2665.59416342	-2701.50345442	CWWWWGKACGYWIO	WLRGEBDCCQWFFMKLEACASNOFNUDYQRNRALIWIREAREIAUIEXLNJEHADMAHWVNETEMOICAMEEQFMFJYEADANXAOSSILEARTXODESCCLMARCWGOKVAHEAGUVREATVISINEURJEKUVAHNWMIBEMOKSLDFULPHUXWPTTOYXEHVTGANBLCEXTSOSE
SYNTHETIC_P09	14	-2666.09279108	-2702.00208208	CMSASUKACGYWIO	WDREGHDCCQWFFMKBEEYOSNOFNUDYQRNECEIWIREAREIAUNALLNJEHADMAMWVNKTEMOICAMEUQFMTJYEADANXAISFKEEARTXODESTCOMORCWGOKVAHJCEUVREATVISINEQVJEKUVAHNWMIGGKODSLDFULPHUNSTTHOYXEHVTGANDWEKXTOTOS
SYNTHETIC_P09	14	-2669.83986378	-2705.74915478	WCSAMGKACGYWIK	WIREJBDCCQWFFBKREESASNOFNUDUQRNEFLIWIREARGIAUNUXLNJEHADIDSWVNETEMOICABYLQFMFJYEADANTDASFALEARTXODYMJCOMARCWGOKVXKBCEUVREATVISKHEQVJEKUVAHNWILLGKOKSLDFULPOODSTTTOYXEHVTDDNDWHERTOTIE
SYNTHETIC_P09	15	-2698.79029846	-2737.26453882	YQCKMIYSYIGSIYO	WJRKLEDHEWQACJTLEEOSCHELFMRCJLRDANDWFQYAYELLUVCLANNEEGNCRUPOULDIIUBRHALLQWLNPJIOBDBDQLMLJOBJTXOUMPICCMUKSESWGOLKEDOANBCMHVTSPANERHQXCGMQBGMWHICTAEGYOUWHOAYSFSHKNZFNUHPSCKZHRELASAGE
SYNTHETIC_P09	15	-2699.6548357	-2738.12907606	MQCKMIYSYMGUOKG	WJRKLEDHEWQWMDTLEEOSCHELFMSIVLRDANDWFQYLYDIFEVCLANNEEGRCTABHULDIIUBRHLLUQWCNPJIOBDBDULPLJGHJTXOUMPIACLUESSSWGOLKEDSAPBOMAVTSPANERFQXMATEBGMWHICTEEGEANWHOAYSFSHINZCNUHPSCKZHREPASGGE
SYNTHETIC_P09	15	-2703.3440361	-2741.81827646	IQCKMIYSYEGUWUE	WJRKLEDHEWQWILTLEEOSCHELFMSQFLRDANDWFQYRYDEAFVCLANNEEGICTILFULDIIUBRHCLUQWDNPJIOBDBDMLPLJEJJTXOUMPIECLUMSOSWGOLKEDKAPBYMCVTSPANERYQXTSEABGMWHICTXEGNLKWHOAYSFSHMNZLNUHPSCKZHREHASOGE
SYNTHETIC_P09	15	-2705.2916851	-2743.76592547	WOCKMIYSYEGUWUI	WKRKLEDHEWQWILTLCEOSCHELFMSQFLREANDWFQYRYDEADVALANNEEGICTILJUTDIIUBRHCLUQWBNMJIOBDBDMLPLJICKTXOUMPIECLUMSCQWGOLKEDKAPBYMIVTSPANERYQXTSCOBGMWHICTXEGNLOWIOAYSFSHMNZLNUHNSCKZHREHASOGE
SYNTHETIC_P09	15	-2708.76244879	-2747.23668915	GQCKMIYSYEGUWUO	WJRKLEDHEWQWILTLEEOSCHELFMSQFLRDANDWFQYRYDEAUVCLANNEEGICTILOULDIIUBRHCLUQWLNPJIOBDBDMLPLJOKJTXOUMPIECLUMSMSWGOLKEDKAPBYMDVTSPANERYQXTSMYBGMWHICTXEGNLUWHOAYSFSHMNZLNUHPSCKZHREHASOGE
SYNTHETIC_P09	15	-2710.24283743	-2748.71707779	YQCKMIYSYMGUOCO	WJRKLEDHEWQWMHTLEEOSCHELFMSINLRDANDWFQYLYDIJUVCLANNEEGRCTATOULDIIUBRHLLUQWLNPJIOBDBDULPLJOBJTXOUMPIACLUISESWGOLKEDSAPBGMHVTSPANERFQXMEMQBGMWHICTEEGESUWHOAYSFSHINZCNUHPSCKZHREPASGGE
SYNTHETIC_P09	15	-2713.30040455	-2751.77464491	MQMWCIYSYMGUOKG	WJREREDHEWQWMDTLEEAJCHELFMSIVLRDICIWFQYLYDIFEVCVNDNEEGRCTABHULLCAUBRHLLUQWCNPJUEBDBDULPLJGHJTXOUMPIACLUESSSWGOLKEDSAPBOMAVTSPANERFQXMATEBGMWHICTEEGEANWHOHYSFSHINZCNUHPSOKZHREPASGGE
SYNTHETIC_P09	15	-2713.48463678	-2751.95887715	YQCKMIYSYMGUGQO	WJRKLEDHEWQWDATLEEOSCHELFMSABLRDANDWFQYLYDMCUVCLANNEEGRCTSHOULDIIUBRHLLUQWLNPJIOBDBDULPLJOBJTXOUMPIACLUBSESWGOLKEDSAPBUMHVTSPANERFQXDKMQBGMWHICTEEGWGUWHOAYSFSHINZGNUHPSCKZHREPASYGE
SYNTHETIC_P09	15	-2714.4398551	-2752.91409546	EQCKMIYSYMGIOAO	WJRKLEDHEWQFMITLEEOSCHELFMHILLRDANDWFQYLYJIKUVCLANNEEGRCHAROULDIIUBRHLLDQWLNPJIOBDBDULCLJOLJTXOUMPIACEUJSKSWGOLKEDSADBEMEVTSPANERFQXMFMWBGMWHICTEEGEQUWHOAYSFSHINZCNUHPSCKZHREPASGGE
SYNTHETIC_P09	15	-2715.14179516	-2753.61603552	EQCKMIYSYIGSGAO	WJRKLEDHEWQADITLEEOSCHELFMRALLRDANDWFQYAYEMKUVCLANNEEGNCRSROULDIIUBRHALLQWLNPJIOBDBDQLMLJOLJTXOUMPICCMUJSKSWGOLKEDOANBEMEVTSPANERHQXDFMWBGMWHICTAEGWQUWHOAYSFSHKNZGNUHPSCKZHRELASYGE
SYNTHETIC_P09	16	-2608.91052055	-2649.94971027	KAEEIYQGUSMIQMES	REAREDIAMQWCAAYQKOFJOTYTHENGLXLMIJHRMYRINGEDBAVKTRFMOEHKDQZZRETYCARTACMAWSINZCIANAIBMHUBLINFACEWKHESEIWSRKCFZAVPXNILDTALNTCHOQFTYDXTBHADYIDIHEMESSEGYOWEIRGRINFLARDTONEGDUFTXGFNAKOS
SYNTHETIC_P09	16	-2622.99426889	-2664.03345861	KAEOUYAQESMIQMES	REAKLDDIHQWCAAYQKOFSATIDRENGLXLMIJHRGYRDNGEDBAVKTRFMAEHUDQZZRETYCARTHCHIWSINZCIANAIBYHELLINFACEWKHELLIWKRKCFZAVPXNIUPTAUNTCHOQFTYDXTSHILYIDIHEMESSEGLOGOIRGRINFLARDTONMBLUFTXGFNKUYS
SYNTHETIC_P09	16	-2624.19318438	-2665.2323741	KAEEIYQGUEKCIQOS	REAREDIAMQWFELYQKOFJOTYTHENADBLMIJHRMYRINAFGFLVKTRFMOEHKDCXTJITYCARTACMAWSJNZADANAIBMHUBLILFAGOWKHESEIWSREDIZLVPXNILDTALNFABOUFTYDXTBHADYCELLCHESSEGYOWEIDELARPLARDTONEGDUFTXGFNAKOS
SYNTHETIC_P09	16	-2626.07719183	-2667.11638155	KAEKKWAQEEKCIQOS	REAMVEDIHQWFELYQKOFORRIDRENADBLMIJHRLYRDNAFGFLVKTRFMQEHUDCXTJITYCARTMDHIWSJNZADANAIBOFELLILFAGOWKHEADJWKREDIZLVPXNIQFRAUNFABOUFTYDXTATILYCELLCHESSEGANGOIDELARPLARDTONMBLUFTXGFNKUYS
SYNTHETIC_P09	16	-2627.20783186	-2668.24702158	QOIAKWAQESMIQMES	RKLEVEDIHQWCAAYQKCFERRIDRENGLXLMFCFRLYRDNGEDBAVKZFJMQEHUDQZZRETYMGATMDHIWSINZCIATANBOFELLINFACEWHATFDJWKRKCFZAVPDBNGFRAUNTCHOQFTYQXTATILYIDIHEMESHEGANGOIRGRINFLSRBTONMBLUKTBGFNKUYS
SYNTHETIC_P09	16	-2629.07554626	-2670.11473598	UAEEIYQGUSMIQMEK	REAREDIAMQWCAAYQKOFJOTYTHENGLXLMDJHRMYRINGEDBAVBDRFMOEHKDQZZRETQKARTACMAWSINZCIEXAIBMHUBLINFACEOFHESEIWSRKCFZAVPHNILDTALNTCHOQFTYDXTBHADYIDIHEMISSEGYOWEIRGRINFDIRDTONEGDUPTXGFNAKOS
SYNTHETIC_P09	16	-2630.04154396	-2671.08073368	KOKOYYQGUSMIQMES	RKKKJDIAMQWCAAYQKCFSETYTHENGLXLMICEREYRINGEDBAVKTFLMEEHKDQZZRETYCGMTFCMAWSINZCIANAPBCHUBLINFACEWKABLJIWSRKCFZAVPXBOUTTALNTCHOQFTYQXTGHADYIDIHEMESHEGOOWEIRGRINFLARATONEGDUFTDGFNAKOS
SYNTHETIC_P09	16	-2632.95827579	-2673.99746551	SACIKWIWESMIQMES	REBAVEMFHQWCAAYQKOFMRRQJRENGLXLMNJIRLYRANGEDBAVKARDMQEHADQZZRETYLADTMDDFWSINZCIAVAHBOFMRLINFACEWPHFBDJWHRKCFZAVPENGOFRAANTCHOQFTYDXTATEIYIDIHEMESSEGANOUIRGRINFLJRETONILLUNTVGFNSAYS
SYNTHETIC_P09	16	-2633.04829121	-2674.08748093	SACIKWQGUSMIQMES	REBAVEIAMQWCAAYQKOFMRRYTHENGLXLMNJIRLYRINGEDBAVKARDMQEHKDQZZRETYLADTMDMAWSINZCIAVAHBOFUBLINFACEWPHFBDJWSRKCFZAVPENGOFRALNTCHOQFTYDXTATADYIDIHEMESSEGANWEIRGRINFLJRETONEGDUNTVGFNAKOS
SYNTHETIC_P09	16	-2635.09890842	-2676.13809814	EEIAKWAQESMIQMMI	RCLEVEDIHQWCAAYQKSFERRIDRENGLXLMLHFRLYRDNGEDBAVCNVJMQEHUDQZZRETOFLATMDHIWSINZCEFHANBOFELLINFACMMAFTFDJWKRKCFZAVPRRNGFRAUNTCHOQFTYBXTATILYIDIHEINSWEGANGOIRGRINNADRBTONMBLUZTBGFNKUYS
SYNTHETIC_P09	17	-2605.14112139	-2648.74526046	ASIAAGKIGQEUQMMGC	RGRICALFAWELLYQPDKGEEHATVSFNTLWKMSEQHRYKPGEBELTHAOFAMOFGLCHTHENSTPMMBLMJFOIZVCHGQIISEFANVLJLEAGEYEOFASSICIJJTEMYCUALLOTAXMAREONESPFOGJFKEAICKLIBYJVKBJOCYIQDITHLASDOTLLGESADFAHXKEYG
SYNTHETIC_P09	17	-2607.8275795	-2651.43171858	ASIAAGKIGQEUMAKKC	RGRICALFAWELALQPDKGEEHATVSFNTHLKMSEQHRYKPGEBELTATOFAMOFGLCHTHENSHMMMBLMJFOIZVCHGQOOSEFANVLJLEAGEYEDCASSICIJJTEMYCUCEMOTAXMAREONESPFKUJFKEAICKLIBYJVKDCOAYIQDITHLASDOTHZGISADFAHXKEYG
SYNTHETIC_P09	17	-2608.66254187	-2652.26668094	MYMAAGKIGQEUQMMKC	RDRICALFAWELLYQPDKMEEHATVSFNTLWKMSLQFRYKPGEBELTHAOFMMSFGLCHTHENSTPMMIIKJFOIZVCHGQIISERGRVLJLEAGEYEOFASSFAIJJTEMYCUALLOTADMAREONESPFOGJFKLKGCKLIBYJVKBJOAYIWHITHLASDOTLLGISHADAHJQIYG
SYNTHETIC_P09	17	-2614.62711573	-2658.2312548	SYIAAGKIGQEUQMMKC	RDRICALFAWELLYQPDKMEEHATVSFNTLWKMSIQHRYKPGEBELTHAOFSMOFGLCHTHENSTPMMFIMJFOIZVCHGQIISEXGNVLJLEAGEYEOFASSFCIJJTEMYCUALLOTADMAREONESPFOGJFKIKICKLIBYJVKBJOAYIWDITHLASDOTLLGISEAFAHPQEYG
SYNTHETIC_P09	17	-2618.17962122	-2661.7837603	AAIAGYGIGQEUQMMGC	RCRIMEAFAWELLYQPDKOEENSPVSFNTLWKMSEQHRYBPGEBELTHAOFAMOFGDCHTHENSTPMMBHMJCOKZVCHGQIISEFINVLJHEAGEYEOFASSECIGATEMYCUALLOTAFMAXWONESPFOGJFKEJICHCKBYJVKBJOCYIYDIZZHASDOTLLGESAMFAEXSEYM
SYNTHETIC_P09	17	-2618.23174667	-2661.83588575	ASIAAGKIGQEISAKKC	RGRICALFAWEETLQPDKGEEHATVSFNHMLKMSEQHRYKPGEBEETATOFAMOFGLCHTHEBSHMMMBLMJFOIZVCHMQOOSEFANVLJLEAGEMEDCASSICIJJTEMYCUVEMOTAXMAREONESPFRUJFKEAICKLIBYJVDACOAYIQDITHLASDOHNZGISADFAHXKEYG
SYNTHETIC_P09	17	-2621.88307142	-2665.4872105	MQQAAGKIGQEUQMMGC	RPRICALFAWELLYQPDKFEEHATVSFNTLWKMSLQYRYKPGEBELTHAOFMMXFGLCHTHENSTPMMIMIJFOIZVCHGQIISERYVVLJLEAGEYEOFASSJLIJJTEMYCUALLOTAVMAREONESPFOGJFKLBECKLIBYJVKBJOCYIOLITHLASDOTLLGESHEBAHJIMYG
SYNTHETIC_P09	17	-2623.1329093	-2666.73704837	EYIAAGKIGQEUQMMKS	RDRICALFAWELLYQPRKMEEHATVSFNTLWKMJCQHRYKPGEBELTHAOKEMOFGLCHTHENSTPMMMIMJFOIZVCHGQIISJJGNVLJLEAGEYEOFAISFCIJJTEMYCUALLOTADMAREONESPFOGJFKCKICKLIBYJVKBJOAYIWDITHLASDOTLLGISNAFAHAQEYG
SYNTHETIC_P09	17	-2624.14726973	-2667.7514088	AAIAUQSIGQEUQMMGC	RCRIFIHFAWELLYQPDKOEEBKBVSFNTLWKMSEQHRYFPGEBELTHAOFAMOFGVCHTHENSTPMMBHMJIOEZVCHGQIISEFINVLJTEAGEYEOFASSECIMETEMYCUALLOTAFMALOONESPFOGJFKEJICAGEBYJVKBJOCYIYDINRTASDOTLLGESAMFAKXSEYA
SYNTHETIC_P09	17	-2625.99094868	-2669.59508775	MYMAWKKIGQEUMAKKC	RDRIELLFAWELALQPDKMEEDETVSFNTHLKMSLQFRYIPGEBELTATOFMMSFGPCHTHENSHMMMIIKJHOIZVCHGQOOSERGRVLJLEAGEYEDCASSFAILHTEMYCUCEMOTADMANIONESPFKUJFKLKGCMJIBYJVKDCOAYIWHIPLLASDOTHZGISHADAJJQIYC
SYNTHETIC_P09	18	-2527.69595146	-2573.8650399	AASWGCEKCQUEMYMSSC	PEVEACHLITVEFEPREWKOEBMXNWPENDHIKMISEYNEXGHBHLNEIHOGFSHEHADBRADITLOMMIESONDVXWBLOGISACWERFLJSEATEOETMADEDGMWVPYREVCMOTVEMPRNNDPEETRECEJELYEAHMWBRILLMASGSRITINGAEUTMOVBAGITIKYVRSUMS
SYNTHETIC_P09	18	-2529.96956253	-2576.13865096	AASWGCEKCUKEMYMSSC	PEVEACHLITVEFEPREWKOEBMXNWPENDHIKMISEYNEXGHBHTNEIHOGFSHEHADBRADNTLOMMIESONDVXWBLOEASACWERFLJSEATEOEXCADEDGMWVPYREVCMOTVEMPRNNDPEETRECEJELYEAHMWBRILLMASGSHATINGAEUTMOVBAGITNKYVRSUMS
SYNTHETIC_P09	18	-2530.37258768	-2576.54167612	AASWGCEKCQUEMYYUSC	PEVEACHLITVEFEPREWKOEBMXNWPENDHIKMISEYNEXGHBHLNEIHOFFSHEHADBRADITLOMMKESONDVXWBLOGISACWDRFLJSEATEOETMADEDIMWVPYREVCMOTVEMPRNNDPEETRECEJELYEAHMWBRILLMASGSRITINAMEUTMOVBAGITIKYVREWMS
SYNTHETIC_P09	18	-2535.58073378	-2581.74982221	AASWGCEKCAMEUYYUSC	PEVEACHLITVEBEPREWKOEBMXNWPENDPIKMISEYNEXGHBHGNEEHOFFSHEHADBRADSTLWMMKESONDVXWBLOOMSJCWDRFLJSEATEOECEALEDIMWVPYREVCMOTVEIPRNNDPEETRECEJELYMAHMWBRILLMASGSEMTONAMEUTMOVBAGITTKYCREWMS
SYNTHETIC_P09	18	-2537.16843796	-2583.33752639	MISWGCEKCUKEMYYUSK	PAVEACHLITVEFEPREEKWEBMXNWPENDHIKMIBLYNEXGHBHTNEIHOFFSTEHADBRADNTLOMMKESONDVXWBLOEASACWDRBLJSEATEOEXCADEDIMEVLYREVCMOTVEMPRNNRPNETRECEJELYEAHMWIRELLMASGSHATINAMEUTUOVBAGITNKYVREWMS
SYNTHETIC_P09	18	-2540.85146523	-2587.02055366	AASWGCSCCOUEMYMSSC	PEVEACACITVEFEPREWKOEBMXBOPENDHIKMISEYNEXGAFHMNEIHOGFSHEHADBFSDGTLOMMIESONDVXWHQOHISACWERFLJSEATSHERMADEDGMWVPYREVIDOTVEMPRNNDPEETREQWJELYEAHMWBRILLMASKSKITINGAEUTMOVBAGATHKYVRSUMS
SYNTHETIC_P09	18	-2541.52385187	-2587.69294031	AASWWGOGCUKEMYYUSC	PEVEFACAITVEFEPREWKOEBCBXSPENDHIKMISEYNEXECDHTNEIHOFFSHEHADFBWDNTLOMMKESONDVXGJAOEASACWDRFLJSEAWOKEXCADEDIMWVPYRJVKBOTVEMPRNNDPEETHEMAJELYEAHMWBRILLELSISHATINAMEUTMOVREGETNKYVREWMS
SYNTHETIC_P09	18	-2542.13687372	-2588.30596216	AASWQCEGCUKEMYYUSC	PEVEICHAITVEFEPREWKOEBWXNSPENDHIKMISEYNEXGHDHTNEIHOFFSHEHADBRWDNTLOMMKESONDVXWBAOEASACWDRFLJSEATEKEXCADEDIMWVPYRMVCBOTVEMPRNNDPEETBECAJELYEAHMWBRILLHASISHATINAMEUTMOVLAGETNKYVREWMS
SYNTHETIC_P09	18	-2543.52810144	-2589.69718988	AASWGCSCCOUEMYYUSC	PEVEACACITVEFEPREWKOEBMXBOPENDHIKMISEYNEXGAFHMNEIHOFFSHEHADBFSDGTLOMMKESONDVXWHQOHISACWDRFLJSEATSHERMADEDIMWVPYREVIDOTVEMPRNNDPEETREQWJELYEAHMWBRILLMASKSKITINAMEUTMOVBAGATHKYVREWMS
SYNTHETIC_P09	18	-2544.59426689	-2590.76335533	AASWGCECSWKEMYMSSC	PEVEACHCATVEFEPREWKOEBMXNOFENDHIKMISEYNEXGHFMINEIHOGFSHEHADBRSTOTLOMMIESONDVXWBQODASACWERFLJSEATEHEZCADEDGMWVPYREVCDOTVEMPRNNDPEETRECWJELYEAHMWBRILLMASKSGATINGAEUTMOVBAGATPKYVRSUMS
SYNTHETIC_P09	19	-2598.91150045	-2647.64553825	YMOWGCEKMCQAQYCSAQG	RCIFAIBEAVLLIDRNJGUKAEANXMXYFMZKIKMRHOPEULDHEITALOPCEAINEGRDVSTEDTITMMOOTTSJWKJDOEDTOINELLALLPEACOAFEWBDJCONSIVXHOFITVTEARNNRLQLTSTVDWHIFKWWBGMXYIISLEGWPILYCRSTINEWNUTELYPRKNHTIGEM
SYNTHETIC_P09	19	-2603.33203554	-2652.06607333	YMOWGCEKMMIAGYCSAQG	RCIFAIBEAVCLADRNJGUKAEANXMXYFMZAIKMRHOPEULDHEITICOPCEAINEGRDVSTEDTSLMMOOTTSJWKJDOEDTOWNEDLALLPEACOAFEWBDSCONSIVXHOFITVTEARNNRLQLTSTVDWHIFKWWBGMXYIISLEGWPILYCRSTINIWNUTELYPRKNHTAGEM
SYNTHETIC_P09	19	-2607.43383646	-2656.16787425	YMEKKUEKCCQAQYCSAQG	RCALLMBEFVLLIDRNJGUKAEORPMXOFMZKIKMRHOPEUEBLEITALOPCEAINEGRDJWLEDTITMMOOTTSJWKBJOIDTAINELLALLPEACEOFWWBSJCONSIVXHOFITVTIARNNRLQLTSTVDWHIFKOWBGMXYIISLEGWPIDYARSTANEWNUTELYTRKNXTIGEM
SYNTHETIC_P09	19	-2613.00120783	-2661.73524562	YMEKKUEKCCQAGICSAQG	RCALLMBEFVLLALRNJGUKAEORPMXOFMZASKMRHOPEUEBLEITALOPKEAINEGRDJWLEDTITMMYOTTSJWKBJOIDTAINEDGALLPEACEOFWWBSJCONCIVXHOFITVTIARNNRLQGTSTVDWHIFKOWBGMXYISSLEGWPIDYARSTANEWNUTELYTRKNXTIGEM
SYNTHETIC_P09	19	-2613.39163637	-2662.12567416	YMEKKUEKCCQMEOCSAQG	RCALLMBEFVLFBIRNJGUKAEORPMXOFMLYYKMRHOPEUEBLEITALOPHEAINEGRDJWLEDTITMMEOTTSJWKBJOIDTAINLEDALLPEACEOFWWBSJCANIIVXHOFITVTIARNNRFQDTSTVDWHIFKOWBGMXKIYSLEGWPIDYARSTANEWNUTELYTRKNXTIGEM
SYNTHETIC_P09	19	-2614.92371702	-2663.65775481	YMOWGCEKMCQAGUGSOOG	RCIFAIBEAVLLAPRNCHUKAEANXMXYFMZAFKMFFOPEULDHEITALOPECABNEGRDVSTEDTITMMKSTHSJWKJDOEDTOINEDALLEPEACOAFEWBDJCONOMVXHOFITVTEARNNRLQATSTVDWHIFKWWBGMXYIESLEGWPILYCRSTINEWNUTELYPRKNHTIGEM
SYNTHETIC_P09	19	-2615.18878508	-2663.92282287	YMEKKCEKMCQAQYCSAQG	RCALLIBEAVLLIDRNJGUKAEORXMXYFMZKIKMRHOPEUEBHEITALOPCEAINEGRDJWTEDTITMMOOTTSJWKBJOEDTOINELLALLPEACEOFEWBDJCONSIVXHOFITVTEARNNRLQLTSTVDWHIFKWWBGMXYIISLEGWPIDYARSTINEWNUTELYTRKNHTIGEM
SYNTHETIC_P09	19	-2617.42117834	-2666.15521613	YMOWGCEKMCQOYEGSOOG	RCIFAIBEAVLEEARNCHUKAEANXMXYFMNSOKMFFOPEULDHEITALOPMCABNEGRDVSTEDTITMMUSTHSJWKJDOEDTOINKHILLEPEACOAFEWBDJCCNYMVXHOFITVTEARNNREQITSTVDWHIFKWWBGMXMIOSLEGWPILYCRSTINEWNUTELYPRKNHTIGEM
SYNTHETIC_P09	19	-2618.55394793	-2667.28798572	YMEESCEKMCQAQYCSAQG	RCABHIBEAVLLIDRNJGUKAEIZXMXYFMZKIKMRHOPEUHKHEITALOPCEAINEGRDDETEDTITMMOOTTSJWKBMOEDTOINELLALLPEACEIFEWBDJCONSIVXHOFITVTEARNNRLQLTSTVDWHIFKWWBGMXYIISLEGWPIDYJRSTINEWNUTELYBRKNHTIGEM
SYNTHETIC_P09	19	-2618.59796667	-2667.33200446	YMOWGCEKMMIAGUGSOOG	RCIFAIBEAVCLAPRNCHUKAEANXMXYFMZAFKMFFOPEULDHEITICOPECABNEGRDVSTEDTSLMMKSTHSJWKJDOEDTOWNEDALLEPEACOAFEWBDSCONOMVXHOFITVTEARNNRLQATSTVDWHIFKWWBGMXYIESLEGWPILYCRSTINIWNUTELYPRKNHTAGEM
SYNTHETIC_P09	20	-2578.13697958	-2629.43596673	YQUIMYYWYGGYGIWCQSWW	VPQMWEKIJTYEMANWGLKDKEENSSHILFNWASKNHJEMWLLCHHOICPOGWVCULINODOHYNRSDAMMOTTOTTAQESKTODBRIXLEMPUTEALLHESMADECKMANAXHOLDFACFFNRFEXISDVTYALLPBDCRBGNXWIGSYEGXZCBIRRFGRITONALBUTTNGFNIASS
SYNTHETIC_P09	20	-2586.35147095	-2637.6504581	UQUIMYWWGEQUOSMUOGMC	VPQMWELIFTYGIINWHECAKEENSSFITFNSICKNFXUSWLLCHHOILPOSCVHUMBNODOHYNRSDIMMLATETROQESKTODBRIXMMYPUTIBEDEESMADECKMYXXXHOLBTQIHFNRFEXISEVTERWCPHIMNBGNXWIGSWEGEITTIFHLIRITONBLNUPTNGFNGABS
SYNTHETIC_P09	20	-2588.02759504	-2639.32658219	UQSMAGKCCEMYIAWCQSWW	VPQKJAWFHTYELENWGLKDKEERHASOPFNWCKKNHJEMWLMANDOFAPOGFVCULINODOFCAZSJEMMOUTOTTAQESKKOJKRFXMBMPUTEALLHESLARMCQMYTAXHOLDFACHFNRLAXTSEVTHELLPBDCNBGNXEINSWEGYRCBIRRFIRSTONHIMUPTKGFNUGWS
SYNTHETIC_P09	20	-2589.61300325	-2640.9119904	UQSMAGKCCEGGYSWUQSWW	VPQKJAWFHTYADINWGLKDKEERHASOPFNESCKNHJEMWLMANDOFAPOCKVCULINODOFCAZSJEMMWKTOTTAQESKKOJKRFXMEIPUTIALLHESLARMCQMYNIXHOLDFACHFNRLAXTSEVTMRLCPBDCNBGNXEINSWEGOICTIRRFIRSTONHIMUPTKGFNUGWS
SYNTHETIC_P09	20	-2591.38572979	-2642.68471694	UQUKMYUWSGGQSUCUQSWW	VPQLWEMIMTYIGHNWGLKDKEEPSSDIFFNOMEKNHJEMWLLBHHOIFPOKAVMULINODOHANRSDUMMGETUTTAQESKTODBRIXLEDPUTIALLHESMADECKMANSXHOLDFACHFNRFEXISDVTCHICPBDCNBGNXWIGSYEGILITIRRFIRITONCLEUPTNGFNEAMS
SYNTHETIC_P09	20	-2591.82674789	-2643.12573504	UQUIMYSQUEYYGIWCQSWW	VPQMWEALLTYEMANWGLKDKEENSSBCHFNWASKNHJEMWLLCHHOLEPOGWVCULINODOHYNRSXWMMOTTOTTAQESKTODBRLXMIMPUTEALLHESMADECEMYFAXHOLDFACHFNRFEXLSEVTYALLPBDCNBGNXWIASWEGXZCBIRRFIRITONDBDUPTNGFNCUOS
SYNTHETIC_P09	20	-2592.41435289	-2643.71334004	UQUIMYSQUEGGOWAUQSWW	VPQMWEALLTYAIGNWGLKDKEENSSBCHFNEIGKNHJEMWLLCHHOLEPOCCVAULINODOHYNRSXWMMWATSTTAQESKTODBRLXMEIPUTIALLHESMADECEMYNIXHOLDFACHFNRFEXLSEVTEGJCPBDCNBGNXWIASWEGENGTIRRFIRITONDBDUPTNGFNCUOS
SYNTHETIC_P09	20	-2592.5617733	-2643.86076045	CQUKMYUWSEGGOWAUQSKE	VPQLWEMIMTYAIGNWGLDMKEEPSSDIFFNEIGKNHJSUWLLBHHOIFPOCCVAULINODOHANRSDUMMWATSTTAQESKTODBRIXMEIPUTIALESESMADECKMYNIXHOLDFOLDFNRFEXISEVTEGJCPBJLVBGNXWIGSWEGENGTIRFNERITONCLEUXTNGFNEAMS
SYNTHETIC_P09	20	-2593.51940393	-2644.81839108	YQUKMYUWSGGYGIQGCYUU	VPQLWEMIMTYEMANWAULEKEEPSSDIFFNWASKNTOCKWLLBHHOIFPOGWVFUFFNODOHANRSDUMMOTTITFGQESKTODBRIXLEMPUTCHIMIESMADECKMANAXHOLPLYAFFNRFEXISDVTYABJPLEDRBGNXWIGSYEGXZWFIXPDGRITONCLEUTTNGFNEAMS
SYNTHETIC_P09	20	-2595.21643257	-2646.51541972	UQUKUYSQUEYYGIWCQSWW	VPQLMEALLTYEMANWGLKDKEEPBSBCHFNWASKNHJEMWLLBDHOLEPOGWVCULINODOHAVRSXWMMOTTOTTAQESKTOMBRLXMIMPUTEALLHESMALECEMYFAXHOLDFACHFNRBEXLSEVTYALLPBDCNBGNXWIASWEGXZCBIRRFIRITONDBDUPTNGFNCUOS
SYNTHETIC_P10	1	-2984.97465706	-2987.53960642	S	JHLZNTNCEDESSLEXYAPHAVQHMSRTHPEMKAFLITZLWAFLGFTHAMIXDLVSIKVZLFHSACHNBFMMHJELGTRIWKUEGPMQEDFNSDQUYAVRUZMQWFGVSKRDFKNDMGWDJMYFNEUZIXGSJXDNJMYJYHIAYTGFHPCZRXKUYLXXCKGXLLYCEYEPDJEUFRQL
SYNTHETIC_P10	2	-2907.91647243	-2913.04637115	AS	BUPOUESUAEKUBESNVPATDQDMLRAHFEWGRFIRJDALROBLVKEBBRULLVSYMMTJAQMESQLLFMMREERHEIADUULKKMXDSFLVYHDOTVASXVZFNPFNHISPHESXUWPHHCVNZLFTAGEKFDEPICVNPRGUUPTUBCXHNKXKZBKUBPSTHYSEFEHTANRYJHYZ
SYNTHETIC_P10	2	-2946.44836903	-2951.57826774	OU	OKCRUDSWGDYWHDGPVPATJQRMEROHSDLIKEXTCCONROBLVJEDHRILEVGYFLHLNQBELQYLLLARKDFJKHOFUULKDLLFLEYXYGDQTVASXVZFNPFNAHGRADGZAWCHABJPZKFVGFSMLCSRBBJPPRGUUPTUHBLJNTXNZAKUHPGTAYGELDVVGNFYCGMB
SYNTHETIC_P10	3	-2895.57862568	-2903.27347375	IMU	DFNXIANHDDMENABAHYWKGHXWRSQIHTCLOCNCIAWJFKLCTASFARZDLYRZLSHNMJMUEUGMLDAGJNFZBNFBUYFKEJNFXRBFQDTCVZKATTWNFRJEAREBIDVUMCPJHBNDHERNFZEYIMINIOYPRJUGPSQSVFANTPVWXRBLVXDBBNWMJLCPMRKDGLMT
SYNTHETIC_P10	3	-2904.99792337	-2912.69277145	AYW	UMCOUDNBCDYGAHATTAWEFHJYESQBHTGFDUZFMHWBRKCJTSEFERBVLBRZKSHPDDLMEWXGKUMIABERMPJIUQRKIDNXJRFMQVFCVZJATVWNERJEEFDTVDVILCALLINVTERNEZEAMGHFUQYPRJUGPSQSVFENTHVWXRALVXHIAFIOAFBHYTOKFCYV
SYNTHETIC_P10	3	-2910.73089838	-2918.42574645	SIU	LHNHEANJDDIEECBLDYWMGHTWISQTHTTRONICDCWTBKGETKOFIRZNLYRZLSHNHLMEEUBBLNWGEJFJWNADUIBKMLNPTRJHQNPCVZKATTWNFRJEIAELFDVDMCKJCDNNDERNFZEYDBIXEOYPRJUGPSQSVFINTZVWXRBLVXLDBXSMERCZJRFFGVIT
SYNTHETIC_P10	3	-2913.31763077	-2921.01247884	SMA	LFAHIHNHADMKEALLHEWKDHXCISQTHTTLBNNJDAWTFKGCTKSFIRMNLFRZISHTHJJEEABMINAMENCJBTABUIFKMJNPXRJFQNTCVZHATZWNCRJEIRBLIDVUJCPPCBNNHERNPZEFDMFXIUYPRJUGPSQSVFINTZVWXRLLVXLBLXWSELMZMXFDDVMZ
SYNTHETIC_P10	3	-2917.37687397	-2925.07172204	IIC	DHMXEJNJMDIMNCKADGWMCHTERSQIHTCRACILICWJBKLETAOFARLDLHRZHSHVMLIUECGBHDWOJJBZWVFDUYBKELNFTRBHQDPCVZGATBWNBRJEAAABFDVDICKRHDNDDERNBZEGIBENEWYPRJUGPSQSVFANTPVWXRKLVXDDKNSUJRZPJYKFCLIB
SYNTHETIC_P10	3	-2918.10422802	-2925.79907609	AIQ	UHFOEXNJNDIBACDTDUWMIHTSESQBHTGRGUIZMCWBBKCETSOFEREVLVRZASHJDLBMEQXBAUWCAJHRWJJDUQBKILNXTRFHQVPCVZUATOWNHRJEEAGTFDVDBCKFLDNVDERNHZEUMBSFELYPRJUGPSQSVFENTHVWXRDLVXHDDFSIAREHJNOFICIP
SYNTHETIC_P10	3	-2934.50484467	-2942.19969274	KIW	CHCZEDNJCDIGICADDAWMFHTYMSQLHTBRDEIFHCWLBKKETCOFMRBFLBRZKSHPLLLWEWFBKFWINJEAWPEDUABKDLNHTRAHQFPCVZJATVWNERJEMADDFDVDLCKLGDNFDERNEZEAHBHPEQYPRJUGPSQSVFMNTRVWXRALVXUDAOSOIRBRJTJFFNIV
SYNTHETIC_P10	3	-2938.6339407	-2946.32878877	QUQ	MBFFQXNDNDUBFJDJPUWGIHFSJSQRHTLHGKVZETWRMKHLTIAFJRELLVRZASHJIFBCEQCIALICFDHHIJBKUGNKAPNNERSBQKBCVZUATOWNHRJERHGIRDVKBCWFDUNLOERNHZEUEISVQLYPRJUGPSQSVFJNTXVWXRDLVXMKDVEIFHEXUNGMITUP
SYNTHETIC_P10	3	-2944.46537495	-2952.16022302	IEQ	DJFXAXNLNDEBNEDAZUWBIHPSRSQIHTCCGCFZIEWJXKLGTAKFAREDLVRZASHJMABUEQGDADSCJLHZSJFFUYXKEANFPRBJQDLCVZUATOWNHRJEACGBBDVFBCGFHFNDZERNHZEUIDSNALYPRJUGPSQSVFANTPVWXRDLVXDUDNPIJCEPENKHILEP
SYNTHETIC_P10	3	-2945.76574421	-2953.46059228	KSY	CCBZOFNEBDSIITMDMCWHEHDAMSQLHTBICETHHKWLLKKMTCYFMRAFLDRZVSHQLGKWEYFJJFGKNEDAGRELUALKDGNHDRACQFZCVZIATXWNDRJEMICDPDVLKCUNGLNFNERNDZECHJGPOSYPRJUGPSQSVFMNTRVWXRMLVXULMOCQIIARSVJWENTX
SYNTHETIC_P10	4	-2867.02363873	-2877.28343616	YKAY	MIHNMHGERABBIMAZBEDEASGIGLSBZGSQBRWAGITFUPIHBKSFFZLVTLERECNQQBYIEXFJILUMBKEFOZSBGPXVKLFDIALEINVEZUKVBTZHRSHRFNCIEDUKROCBIIZUTEFVOAFADDAHJGPRSFIUSQOMTVFHWGMLWDCXFUHMRTEIFHANELXBKLWR
SYNTHETIC_P10	4	-2867.61617279	-2877.87597022	UKAI	BIHNIHGEHABJFMAJDEDMASGSILSNVGSBDRWICITPUPICBKSPHZLEPLEAGCNQMBYIGXFEELUWDKEAKZSLIPXVKLFDKALMENVOZUKVBTZHRSHAFNCTGDUFNOCLUIZUOEFVEAFIYDARLGPROFIUSQOHTVFRWGMGWDCHHUHHNTESHHAJALXKWLTR
SYNTHETIC_P10	4	-2884.21449757	-2894.474295	YUGI	MDENMRMERILJIWGJBMAMASGSGGSNZGSBBHGIGTYPUPFCBKYPFZIETLKAEKNQQLYIEXCEILAWBFBAOJYLGPXVKLFDIIIMIXBOZUHVBTFHRSEAFNITELUFRYCLIDZUTOFVOICIDNGRJBPRSPIUSQOHTVFRWBJGWNIHFUEHRTKSFCKJEVDKKGWB
SYNTHETIC_P10	4	-2886.99726295	-2897.25706038	SCAQ	CMHNGZGEIEBFDEAREIDIASGAJCSFTGSINDWEBBTXUPILBKSXIZLANLEIHGNQKTYIHXFACLUEEBEJIRSTJPXVKLFDLELICFVWZUKVBTZHRSHJFNCBHHUWLGCSLMZUNWFVFEFZWVAYMYPRMWIUSQODTVFZWKMCWVCPIUHDLTEAILAFYDXSACQJ
SYNTHETIC_P10	4	-2896.72387886	-2906.98367629	UIUS	BJKNIFAEHSEEFLUTDFGHASGCIMSEVGSKDAMZCHMYUPLKBKMZHZBMPLYKGDNQMZYIGXIMELOGDLHIKXMVIPXVKLFDKSBHEKPYZUAVBTTHRSKIFNWDGEUANMCVUJZUOCFVEBIDYBUBLHPRODIUSQOCTVFBWHCBWBWRHUKCNTYCHIDEAJRUWMTP
SYNTHETIC_P10	4	-2898.83535957	-2909.095157	UQOE	BFANINUEHKHLFSOFDBJBASGOIISLVGSWDJCKCPGLUPBEBKGLHZEGPLSWGMNQMHYIGXLGELISDPKCKEGHIPXVKLFDKKEBETJKZUDVBTNHRSACFNQPGAUHNUCHUFZUOKFVEKLKYJONLDPROLIUSQOJTVFNWDFIWJQDHUAJNTSOHEGLARLGWITX
SYNTHETIC_P10	4	-2901.5001564	-2911.75995383	UQUC	BFKNINAEHKEMFSUDDBGCASGMIISMVGSUDJMLCPMJUPLFBKMJHZBHPLYUGMNQMHYIGXIVELORDPHDKEMFIPXVKLFDKKBCETPIZUAVBTTHRSKDFNWNGAUINUCFUFZUOKFVEKILYJULLDPROLIUSQOKTVFLWDCJWJWBHUKKNTYMHEDMARREWITX
SYNTHETIC_P10	4	-2902.5896244	-2912.84942183	UCOC	BMANIZUEHEHMFEODDIJCASGMICSMVGSUDDCLCBGJUPBFBKGJHZEHPLSUGGNQMTYIGXLVELIRDBKDKRGFIPXVKLFDKEECEFJIZUDVBTNHRSADFNQNGHUINGCFUMZUOWFVEELLYVOLLYPROWIUSQOKTVFLWKFJWVQBHUAKNTSMHLGMADLEWCTJ
SYNTHETIC_P10	4	-2911.54934835	-2921.80914578	YIOE	MJANMFUERSHLILOFBFJBASGOGMSLZGSWBACKGHGLUPBEBKGLFZEGTLSWEDNQQZYIEXLGILISBLKCOXGHGPXVKLFDISEBIKJKZUDVBTNHRSACFNQPEEUHRMCHIJZUTCFVOBLKDBONJHPRSDIUSQOJTVFNWHFIWBQDFUAJRTSOFIGLEJLGKMWP
SYNTHETIC_P10	4	-2912.16684341	-2922.42664084	YKGM	MIENMHMERALHIMGNBEAKASGWGLSHZGSEBRGGGIYTUPFABKYTFZICTLKEECNQQBYIEXCCILAABKBLOZYPGPXVKLFDIAIKINBSZUHVBTFHRSELFNIXEDUDROCPIIZUTEFVOACGDDGVJGPRSFIUSQOFTVFVWGJEWDILFUEYRTKXFHKHELDOKLWR
SYNTHETIC_P10	5	-2817.28734493	-2830.11209172	SEWWS	EFCENHACETEEAVGTFORXMYGHHUMLJTFLGLDNEFULPVIHWAKPCEMCGBVWXOYTASFFBEEXIDENEGINGNKLPXVPELLFDPHEYIVMLCSUWNPGSZFRIFNBKJWDXOADEZUORMYFUFDDHKCTMATNYUPHQHVFNTKWABXYUWOULUADELSAHKEEDWHOGNYV
SYNTHETIC_P10	5	-2817.44018793	-2830.26493472	SYMWS	EIHENHUSETEHFVGTZERXMYLHHUMBJTFBLLDNYVULPVAHWAKFCEMFLBVWREYTASKFBEENIDENJGINGDKLPXVPELLFDPHHYIVMFCSUWNPGSZFRIFNECJWDREADEAUORMTFUFDGMKCTGQTNYUJHQHVUNTKWFBXYUWOULUFDELSQHKEHOWHOACYV
SYNTHETIC_P10	5	-2826.00703716	-2838.83178395	SEAIA	EFALNHAGETEELEPTFSCEMYEBDUMPVBFLRFMNEIGTPVGBWAKTOEMCEIVWXSYTASDMKEEBULENCAENGRWTPXVPALLFDXHEYCVMLCEUWNPASZFRIFNBIDWDXSMDEZUORMYFUFDDFELTMEFVYUCBQHVIZTKWLIKYUWADLULKALSETSEEBWDOGRYD
SYNTHETIC_P10	5	-2828.01030159	-2840.83504838	KKACA	ICABNZGGETIBLHPLLSWEDYEEDMMPPBJIRIMFKIATPVGEWAKTIEDMELVODSYTESDCKWEBOLINCDEFGRQTPXVPALLFDXLBYFVERCYUWNPDSZFRIFNLIGWDDSGDIHUOREFFUFHAFHLLSEZVYUCEQHVITTBWLLKQUWUDCULAADSENSITBWDGNRYD
SYNTHETIC_P10	5	-2839.06416178	-2851.88890856	SGAII	EEALNHCGETEDLELTHSCNMYEBMUMPVJFKRFINGIGBPVGBWAKTOEMBEIVWZSYTASDMGEEBUTENCAANGRWBPXVPJLLFDFHTYCVMMCEUWNPASZFRIFNAIDWDZSMDEJUORMBFUFDCFEHTOEFDYUCBQHVIZTKWLIGYUWALLULKNLSETBEDBWMOIRYL
SYNTHETIC_P10	5	-2840.8585186	-2853.68326539	SWYAS	EJBCNHSEETEIMIGTXQUXMYFFHUMNNTFCFJDNWHYLPVHFWAKRGEMGFMVWPQYTASEDBEEZMDENDEINGPOLPXVPELLFDPHIYGVMDCWUWNPESZFRIFNFVHWDPREDEBUORMRFUFDHGICTECXNYUDFQHVGRTKWMMXYUWSULUMBELSCLKEICWHOYPYV
SYNTHETIC_P10	5	-2845.13282013	-2857.95756692	SOUWS	EANENHKBETEMBVGTPMRXMYRHHUMIJTFGHLDNODULPVTHWAKMCEMKHBVWHMYTASGFBEEVIDENFGINGLKLPXVPELLFDPHMYIVMVCSUWNPGSZFRIFNQLJWDGMADEFUORMJFUFDLIKCTWYTNYUFHQHVCNTKWBBXYUWOULUBDELSYHKEMEWHOQLYV
SYNTHETIC_P10	5	-2845.92951345	-2858.75426024	ACAIQ	AGALNPYGETNFLEHADSCVIYEBICMPVRBMRFEVCIGJPVGBWAKTOEIDEIVEVSYTJSDMCMEBUBANCARVGRWIPXVPFLLFDNDFYCVUJCEUWNPASZFRIFNCIDWDVSMDALUORUXFUFMSFEDBLEFLYUCBQHVIZTGWLICGUWATHULKFTSETIAFBWIWERYT
SYNTHETIC_P10	5	-2847.47624159	-2860.30098838	KKWEA	ICCANZGCETIBAGPLLOYEDYGDDMMLRBJIGHMFKFCTPVISWAKPLEDMGKVODOYTESFBKWEXQLINECEFGNSTPXVPALLFDXLBYEVERCAUWNPCSZFRIFNLKFWDDOIDIHUOREFFUFHAHGLLSABVYUPDQHVFVTBWAKKQUWWDCUAMADSAPSITDWDGNNYD
SYNTHETIC_P10	5	-2848.81898499	-2861.64373177	SGWQA	EECHNHCCETEDAAPTHOKEMYGKDUMLDBFKGBMNGFOTPVIKWAKPWEMBGEVWZOYTASFIKEEXCLENEJENGNETPXVPALLFDXHTYTVMMCNUWNPJSZFRIFNAKMWDZOUDEJUORMBFUFDCHALTOANVYUPKQHVFHTKWAEKYUWIDLUAGALSABSEDDWDOINYD
SYNTHETIC_P10	6	-2832.16302681	-2847.55272295	MSOEMO	BEINNGAOVFSQCGGHQQENTHBSMNPEROMGSWICLFUPVTNLLYALFVKCGVGKTWFZMQJIMVYFORWKLICHBACHGGNYMOUSYJICQJWQXVAWNIBTNHZEBEQGBWEPDWESGLORNIHNEVEOVCBYJRQPIZGJOYZCHMTVENJCOPRUBYKVXRESHEMMDQTSKHCZ
SYNTHETIC_P10	6	-2837.66993141	-2853.05962756	IUOEMW	DDINNCWQVFSYEFGHQQAPTHBSBNPERDIGSWILREUPVTINLYALHVKCGVCKTWFZBQJIMVUFORWKARCHBJYIGGNGBEUSYFEFQJWYXVAWNEBTNHZEDDQGBLARDWEBIUORNEDOEVEWEBBYJGNRIZGQOYZCHITVENJKOPRUBYKVXRESJDMMDQPUKHCZ
SYNTHETIC_P10	6	-2839.39013767	-2854.77983382	MSOCGY	BEINNNAOVFSBCGGIQQENTFBSMNPFBCMGSUDNLFUPVTNLLYALFVKDZVGKTUYZMQJJCVYFOPQKLICIEICHGEHIMOUSIEICQJRAXVAWNDBTNHZEBEQHEKEPDUYDGLORNDHNEVEYVCBYMFQPIZASOYZDKTTVELDNOPRUEYKVXRYSHEMAGQTSKFWZ
SYNTHETIC_P10	6	-2839.77767563	-2855.16737177	IUKIOW	DDKNNCWQRFSYEFIFQQAPPLBSBNPCKDIGSALLREUPVTINLYALHVMAFVCKPAHZBQLXLVUFKUYKAREFUJYICKOGBEUSEFEFQJZYXVCWNEBTJHZEDDQEALARDAGBIUORNEDOEVEWEBDYIGNREZIQOYZAGITVERLKOPRUAYKVXRGSJDBKCQPUGLEZ
SYNTHETIC_P10	6	-2842.02050495	-2857.4102011	IWKIGS	DCKNNEWSRFSUEEIFQQARPLBSBNPCBFIGSADHRDUPVTIPLYALHVMAZVCKPAYZBQLXCVUFKUQKAGEFELYLCKHCBDUSIHEHQJRUXVCWNGBTJHZEDCQEEAATDAYXIJORNGDREVESEADYMINTEZAMOYZAKKTVERDGOPRUEYKVXRYSJCBKGQPWGLWZ
SYNTHETIC_P10	6	-2845.69879913	-2861.08849528	IUKIGO	DDKNNGWQRFSQEFIFQQAPPLBSBNPCBOIGSADCREUPVTINLYALHVMAZVCKPAYZBQLXCVUFKUQKAREFEAYICKHYBEUSIJEFQJRQXVCWNIBTJHZEDDQEEWARDAYSIUORNIDOEVEOEBDYMRNREZAJOYZAKMTVERDCOPRUEYKVXRYSJDBKGQPUGLWZ
SYNTHETIC_P10	6	-2846.67245626	-2862.06215241	MSIAQO	BELNNGAOPFSQCGJJQQENNDBSMNPGJOMGSSNCLFUPVTNLLYALFVAEEVGKNSJZMQMKKVYFINAKLIFJMACHACRYMOUSDJICQJBQXVDWNIBTHHZEBEQIMWEPDSISGLORNIHNEVEOVCEYHRQPCZKJOYZRFMTVEINCOPRUMYKVXRISHECOBQTSECGZ
SYNTHETIC_P10	6	-2847.12018633	-2862.50988247	ISWIOW	DEENNCWODFSYEGNFQQANALBSBNPCKDIGSALLRFUPVTILLYALHVGAFVCKBAHZBQFXLVUFWUYKAILFUJYHOKOGBOUSEFECQJZYXVJWNEBTVHZEDEQEALAPDAGBILORNEDNEVEWECVYIGNPRZIQOYZAGITVERLKOPRUAYKVXRGSJEIKCQPSSLEZ
SYNTHETIC_P10	6	-2851.79147577	-2867.18117192	IUOIWS	DDINNEWQVFSUEFGFQQAPTLBSBNPCGFIGSATHREUPVTINLYALHVKABVCKTAPZBQJXHVUFOUGKARCFJLYIGKXCBEUSAHEFQJHUXVAWNGBTNHZEDDQEUAARDAPXIUORNGDOEVESEBBYEINRIZQMOYZACKTVERTGOPRUUYKVXRPSJDMKLQPUKLMZ
SYNTHETIC_P10	6	-2854.19273853	-2869.58243468	AAOEMM	UAINNHPWVFSOICGHQQSVTHBSFNPERIAGSWIBEBUPVTBTLYALLVKCGVUKTWFZFQJIMVMFORWKEECHBBQPGGNWFBUSYKWLQJWOXVAWNJBTNHZEHAQGBDSXDWERMHORNJVVEVEMIYBYJLFWIZGGOYZCHATVENJAOPRUBYKVXRESANMMDQHBKHCZ
SYNTHETIC_P10	7	-2771.02173138	-2788.97637688	UUAKAEM	DFANNCSIRHESHCMGQNVJLZXASGOPEDEEMEDRIVKJDEMERMZYCMAFTHAGGFWSDQEMLYINENFREEWFBPGRYTHMEKSYDEFRERJKHGWNPRSURSHZFRIFMISCLUNNYCNPHCSSMAFGFZEFCANRPSDJYZRGVJBTUFYEPRUUFXSLVXQENDGJJQAUWNQZ
SYNTHETIC_P10	7	-2784.36914158	-2802.32378708	KUAMAES	IFANNCSYRHESHCEGQNVJIPXASGOVJDEDMEAHIVMJDKEERLZYMCAFVHAMLFWSDQBCLYINETPREDWFLEGRATHSJKSYDECHERJKHMENPRSURJHZFRIFEISULUNDYCOPHCSSMMFGYZEFEANWPSDOYZRGVJCTUFGEPRUUCMSLVXQKIDGIJQRUWPQZ
SYNTHETIC_P10	7	-2788.34076786	-2806.29541336	UUAEEEQ	DFANNCSIRHESHCMGQNVJJZXASGOTEDEHKEBRIVENDIMERCZYAMAFNHAKGFWSBQCMLYIRERFREWHFMPGRTWHQEKSYBEDRERJOHKWNPRSURSHZFRIFMISFJUNNYCHTHCSSMDDGDZEFWENVPSDMYZRGVJVTUFYEPRUUDXSLVXQINDGMHQAUWHUZ
SYNTHETIC_P10	7	-2788.50588322	-2806.46052872	UUIOEEQ	DFJNNCSIRPESHCMGQNVJJZXASGOTEDACKEBRIDONDIMERKZYAMAFXHAKGFWSBQCMLYIRERFRACHFMPGZCWHQEKSYBEDRERJOHKWNPRSURSHZFRIFMISAJUNNYCRTHCSSILDGDZENGENVPSMHYZRGVRFTUFYEPRUUDXSLVXQINDCHHQAUERUZ
SYNTHETIC_P10	7	-2788.63409138	-2806.58873688	UUYAEEQ	DFBNNCSIRFESHCMGQNVJJZXASGOTEDFJKEBRITANDIMERRZYAMAFIHAKGFWSBQCMLYIRERFRFJHFMPGPOWHQEKSYBEDRERJOHKWNPRSURSHZFRIFMISHJUNNYCDTHCSSAFDGDZEDSENVPSQBYZRGVGRTUFYEPRUUDXSLVXQINDHOHQAUUCUZ
SYNTHETIC_P10	7	-2790.44796133	-2808.40260683	SUAMAEY	EFANNCSGRHESHCAGQNVJFXXASGOBFDEDMEKPIVMJDQAERLZYJKAFVHASHFWSDQLKLYINEZGREDWFINGRATHYFKSYDEMPERJKHSANPRSURRHZFRIFAISULUNLYCOPHCSSMMFGMZEFEANDPSDOYZRGVJCTUFCEPRUUMUSLVXQQEDGIJQZUWPQZ
SYNTHETIC_P10	7	-2791.71341467	-2809.66806017	UUAEIQM	DFANNJSIRHESTCMGQNVDLZXASGAPEDEHILDRIVERPEMERCZYCMAFNHAGGFWSMQEMLYIVENFREWFMBPGRTATMEKSYMLFRERJSTGWNPRSURSHZFRIFMISFYUNNYCHWHCSSMDBAFZEFWIZRPSDMYZRGVJVTUFYEPRUUFXSLVXQENDGMFQAUWHYZ
SYNTHETIC_P10	7	-2792.66822863	-2810.62287413	WWAEIEI	CEANNCSKTHESHCLFQNVJABZASGOLDCEHIEFTKVERDALORCZYEODFNHACFEWSMQGONYIVEJEREWFFDRGRTAHIDJSYMEHTGRJSHCLNPRSURVHZFRIFLHSFYUNPACHWHCSSMDBGHZEFWINNPSDMYZRGVJVTUFADPRUUHYULVXQACCGMFQDWWHYZ
SYNTHETIC_P10	7	-2795.18038845	-2813.13503395	WOAMAES	CIANNCSKLHESHCLJQNVJIBRASGOVDGEDMEATCVMJDKLHRLZYMOUFVHAMFPWSDQBOEYINETEREDWFLRGRATHSDASYDECTYRJKHMLNPRSURVHZFRIFLLSULUNPSCOPHCSSMMFGYZEFEANWPSDOYZRGVJCTUFAHPRUUCYMLVXQKCGGIJQDOWPQZ
SYNTHETIC_P10	7	-2796.25436783	-2814.20901333	WWAKAEI	CEANNCSKTHESHCLFQNVJABZASGOLDCEEMEFTKVKJDALORMZYEODFTHACFEWSDQGONYINEJEREEWFDRGRYTHIDJSYDEHTGRJKHCLNPRSURVHZFRIFLHSCLUNPACNPHCSSMAFGHZEFCANNPSDJYZRGVJBTUFADPRUUHYULVXQACCGJJQDWWNQZ
SYNTHETIC_P10	8	-2830.23165226	-2850.75124712	EKUWSCCA	AINNREANTHBETEDALVYGJQEABSGHVNQMTEHOLBVTMINCTUKZCRZKHUNDZKYPKZSHCQHCEPDROLPLERWHPNSDUEYQLLECPNRIUEDPRSUEBSTHZFQIDAUALNZUWODZHGDNDALAMKBRICVFWZWYZRNIAKLKSVFEORIUMNICIZNNXSZHKFDSHLCR
SYNTHETIC_P10	8	-2838.8492136	-2859.36880846	EEAWSYCA	ANANRGANTAGETADALVYGJQEABSGHVNQMTHEOLDVTMCTCTQKZCRMKHUNDZKFPKZSHCQECEPDROLVLERWHPNSDUGYQLLECPJRIUHAPRSUEBSZHZFQIDDUALNZUWIDZHGDNDDIAMMBRIWBFWVWYZRNIAMLKSVFEONIUMNFCIZNNXSFHKFDSHBCL
SYNTHETIC_P10	8	-2841.72840548	-2862.24800034	EUSGSCCA	ADENREANTRYETEDALVYBJQEABSGRVNQMTWILLBVTMTLNTUKZCRDFHUNDZKXZKZSHCQIKEPDROLNVERWHPNSLUEYQLLECPNRIUMEPRSUEBSRHZFQIDIUILNZUWYDJHGDNDIMIMKBRIMTPWZWYZRNDAKLKSVFOORIUMNJKIZNNXSXRKFDSHGCB
SYNTHETIC_P10	8	-2847.04769802	-2867.56729288	UGUWSYIA	FKNNRGKNJDBETADADVYGJQBABSGHVNWMJGHOLDVTDENCTQKZHRZKHUNDPKYPKZSHHQHCEPARELPLERCHPNSDUGYQLLECPJRIUGDPRSUEBSTHZFQIISUALNZUMLDZHGDNICLAMMLRYYVFWVCYZRNIAMIKSVFEONOUENICIZNNNSZHKFDSWATN
SYNTHETIC_P10	8	-2848.91407013	-2869.43366499	EIIGSWCA	AJJNRHANTFOETYDALVYBJQEABSGRVNQMTFALLEVTMGBNTOKZCRIFHUNDZKNZKZSHCQAKEPDROLDVERWHPNSLUHYQLLECPHRIUFJPRSUEBSHHZFQIDBUILNZUWMDJHGDNDBEIMABRIAJPWTWYZRNDAALKSVFOOLIUMNBKIZNNXSNRKFDSHMCP
SYNTHETIC_P10	8	-2849.21066284	-2869.7302577	CKUWSYIA	BINNRGKNRHBETADAMVYGJQBABSGHVNWMFEHOLDVTLINCTQKZDRZKHUNDXKYPKZSHDQHCEPARMLPLERCHPNSDUGYQLLECPJRIUEDPRSUEBSTHZFQIEAUALNZUUODZHGDNEALAMMLRGCVFWVCYZRNIAMIKSVFEONOUANICIZNNVSZHKFDSILAR
SYNTHETIC_P10	8	-2855.96419907	-2876.48379393	EWISICCA	ACJNREANTTOETEDALVYISQEABSGDKNQMTLAFDBVTMUBZJUKZCRIMMUNDZKNLAZSHCQAEJPDROLDHURWHPNSFDEYQLLECENRIULJPRSUEBSHHZFQIDHUCDNZUWADVXGDNDHECEKBRIOJBMZWYZRNKFKLKSVFAERIUMNBEAZNNXSNDAFDSHFCD
SYNTHETIC_P10	8	-2857.16084909	-2877.68044395	EEAIEGAA	ANANRCBNTAGETIDALVYADQFABSGTHNOMTHEKFMVTMCTPFYKZCRMEBUNDZKFBWZSHCQEJLPEROLVXQRUHPNSKFCYQLLECARRIUHAPRSUEBSZHZFQIDDUHFNZUWIDLTGDNDDIHGICRIWBRIDUYZRNCHIMKSVFQAVGUMNFJCZNNXSFTWFDSHBCL
SYNTHETIC_P10	8	-2860.1003933	-2880.61998815	WGSESCUA	EKENREENLDYETEDACVYCJQIABSGPVNIMIGIMLBVTFELLTUKZGRDGHUNDRKXXKZSHGQILEPHRGLNTEROHPNSMUEYQLLECPNRIUGEPRSUEBSRHZFQIHSUJLNZUOLDHHGDNHCMJMKFRAYTNWZOYZRNTAKCKSVFNORAUDNJLIZNNPSXPKFDSLAUN
SYNTHETIC_P10	8	-2860.26265049	-2880.78224535	WGSIEGAA	EKENRCBNLDYETIDACVYADQFABSGTHNOMIGIKFMVTFELPFYKZGRDEBUNDRKXBWZSHGQIJLPERGLNXQRUHPNSKFCYQLLECARRIUGEPRSUEBSRHZFQIHSUHFNZUOLDLTGDNHCMHGICRAYTRIDUYZRNCHIMKSVFQAVGUDNJJCZNNPSXTWFDSLAUN
SYNTHETIC_P10	9	-2748.61757231	-2771.70211652	OIIUGMOQA	GJJRSINLLDEOFSODRKRBMSKJMROHTLMUYOHTIETSWOKJZOALYAKHXFQPFSQQDSISHALZIBEACDDIMEBHNEXAXHXFJLBIUAVBWNCIPDRVZBTZBDWICBYMAGEDMYRDTOFSBLICEHEYEMNHUTMURNTMIGXRLTVECDAUVXGAINNTHBDTSBFCSVQX
SYNTHETIC_P10	9	-2749.62584114	-2772.71038536	OIIWQMEKA	GJJRSINBLDEOFSODLKRBMSFJEROHTLMEYEHTIETSWOCMZOALYAKXRFQPFHQQISISHAMZIREACDDHHEGKNEXAZRXVDLBIUMVBWNCIPDTVZBTZBDWHKBYCAGEDOIRDNOFSBKDCJKEYEMPRUJGURNTLDGIRLTVEENALVXGAINNTMEDTSBFCSLKX
SYNTHETIC_P10	9	-2749.83117247	-2772.91571668	OIIUGGEKA	GJJRSLNBLDEOFSIDLKRBMSKMEROHTLMUSEHTIETSWOCMZOALYAKXRFQPFSQQISISHALZIREACDDIMHGKNEXAXHRVDLBIUAVEWNCIPDRVTBTZBDWICEYCAGEDMYLDNOFSBLIFJKEYEMNHOJGURNTMIJIRLTVECDULVXGAINNTMEDTSBFCSLKX
SYNTHETIC_P10	9	-2751.5925765	-2774.67712072	OIIUGMGKA	GJJRSINBLDEOFSODLKRBMSKJDROHTLMUYGHTIETSWOBMZOALYAKZRFQPFSQQHSISHALZITEACDDIMEFKNEXAXHXXDLBIUAVBWNCIPDRVZBTZBDWICBYCAGEDMYRDNOFSBLICIKEYEMNHULGURNTMIGHRLTVECDANVXGAINNTLEDTSBFCSNKX
SYNTHETIC_P10	9	-2752.82079458	-2775.9053388	OIIWWMMQA	GJJRSINLLDEOFSODRKRBMSCJTROHTLMKYNHTIETSWOLJZOALYAKFXFQPFHQQESISHAMZIZEACDDHEECHNEXAZXXDJLBIUMVBWNCIPDTVZBTZBDWHHBYMAGEDOORDTOFSBKYCFHEYEMPWURMURNTLAGERLTVEETATVXGAINNTIBDTSBFCSTQX
SYNTHETIC_P10	9	-2752.9574604	-2776.04200462	OIIWQGIKA	GJJRSLNBLDEOFSIDLKRBMSFMCROHTLMESIHTIETSWOAMZOALYAKBRFQPFHQQXSISHAMZIUEACDDHHHEKNEXAZRRZDLBIUMVEWNCIPDTVTBTZBDWHKEYCAGEDOILDNOFSBKDFHKEYEMPRONGURNTLDJGRLTVEENUPVXGAINNTKEDTSBFCSPKX
SYNTHETIC_P10	9	-2758.22966433	-2781.31420854	QIIUGMMEG	FJJRSINEIFEOFSODFQRBMSKJTROHTLMUYNHTHETSWOLCZQALYAKFLFQPFSQQESFSHALZIZEGBDDIMECANGXAXHXDXLAIUAVBWNPKPDRVZBTEADWICBYFKIEDMYRDHUESBLICFABYEMNHURAARNTMIGERITVECDATVXFAINNTIHAVSBFCSTED
SYNTHETIC_P10	9	-2759.91119957	-2782.99574379	QAKAQMOEQ	FAIRSINEDFWQFSODFARSLSFJMROHKNMEYOHTHITSWOKCZQSLYAKHLFQPEFQQDSVSHCQZIBERBUCFHEBANGOCDRXFXLAMUKVBWNHKHDXVZBTPAHWFKBYFFIWDSIRDHEESAIDCEAJYEOTRUTAKRNTJDGXRDTVEINAUVXFEHNNTHHIVKDFCSVEN
SYNTHETIC_P10	9	-2761.29788828	-2784.3824325	QIIUGMCOM	FJJRSINMYFEOFSODPXRBMSKJFROHTLMUYCHTHETSWODKZQALYAKVVFQPFSQQJSCSHALZIPEMBDDIMEHINGXAXHXTHLAIUAVBWNJKPDRVZBTLADWICBYANIEDMYRDRBESBLICKILYEMNHUHKGRNTMIGJRFTVECDAJVXFAINNTACKVSBFCSJOJ
SYNTHETIC_P10	9	-2762.63602209	-2785.72056631	IAKUGMOEQ	JAIRSINEDXWQFSODFARSLSKJMROHKNMUYOHTLITSWOKCZISLYAKHLFQPESQQDSVSHCLZIBERFUCIMEBANYOCXHXFXLEMUAVBWNHCHDRVZBTPEHWICBYFFAWDMYRDHEISALICEAJYEONHUTAKRNTMIGXRDTVECDAUVXJEHNNTHHINKDFCSVEN
SYNTHETIC_P10	10	-1807.56436682	-1833.21386039	UKAASQAIIQ	DIESOFTHEHIGHESTDISTINCTIONAFEWMONTHSBEFOREMYARRIVALTHEYHADLIVEDINALARGEANDLUXURIOUSCITYCALLEDPARISSURROUNDEDBYFRIENDSANDPOSSESSEDOFEVERYENJOYMENTWHICHVIRTUEREFINEMENTOFINTELLECTOR
SYNTHETIC_P10	11	-2760.5041728	-2788.71861573	EWMYIQSEISU	LGMONLYGLEMSTSETTCETVVERINRBDEFIOSINGTIPTCTCVGRZEQLLMPMEFGBDKXWAZTAGLWFULDLXLZKZQCHITBUVGZBLVMWLPRIOYHFDNVRBTTSUFINELORNFCOFDCTHGDMORAFULSQOYZHJSHZCKJVHUDFJYONSERIEDHUKVWRLSNDMHFCD
SYNTHETIC_P10	11	-2761.36640358	-2789.58084651	EWMOIQKAAAW	LGMONLYICALSTSETTCALDXERINRBHGJEDSINGTIHPUBFVGRZEQUADPLEFGBDKOSSZTAGLWFUCFCKKZKZQCHAPTDXGZBXVMWAPRHOYHUDNVNBTVSUFANECORNECOFTCTZGDMQRAFULSQOYZGJSHZCKJVHUFFJYONSIRMACHUKVWRDSFLOHFCD
SYNTHETIC_P10	11	-2762.99755764	-2791.21200057	EWMYIQSOWSU	LGMONLYBEEMSTSETTCOHVVERINRBDMLIOSINGTIPDQTCVGRZEQLGFPMEFGBDKXGOZTAGLWFULLEXLZKZQCHIDPUVGZBLVMWNPRIOYHFDNVABTTSUFINELORNFCOFDCTHGDMORAFULSQOYZHJSHZCKJVHUDFJYONSERBEDHUKVWRLSBDMHFCD
SYNTHETIC_P10	11	-2764.28613806	-2792.50058099	EWMOIQQMQAW	LGMONLYCHALSTSETTCMBDXERINRBEABEDSINGTINBKBFVGRZEQMHIPLEFGBDKVEIZTAGLWFUMMHKKZKZQCHGBJDXGZBXVMWHPRHOYHUDNVZBTVSUFANEMORNECOFTCTFGDMQRAFULSQOYZGJSHZCKJVHUFFJYONSFREACHUKVWRJSVLOHFCD
SYNTHETIC_P10	11	-2766.2339983	-2794.44844123	EWMYIQSEOAW	LGMONLYGIALSTSETTCEZDXERINRBDECEDSINGTIPTIBFVGRZEQLLQPLEFGBDKXWHZTAGLWFULDIKKZKZQCHITHDXGZBLVMWLPRHOYHFDNVRBTVSUFINELORNECOFDCTHGDMQRAFULSQOYZGJSHZCKJVHUFFJYONSERFACHUKVWRLSTLOHFCD
SYNTHETIC_P10	11	-2767.06440258	-2795.27884551	EWMOIQKCWAW	LGMONLYHEALSTSETTCCHDXERINRBHFLEDSINGTIHRQBFVGRZEQUMFPLEFGBDKOUOZTAGLWFUCEEKKZKZQCHARPDXGZBXVMWMPRHOYHUDNVPBTVSUFANECORNECOFTCTZGDMQRAFULSQOYZGJSHZCKJVHUFFJYONSIRBACHUKVWRDSBLOHFCD
SYNTHETIC_P10	11	-2773.25314903	-2801.46759196	EWMYIQSEUAC	LGMONLYGPAISTSETTCEEDDERINRBDEMEASINGTIPTOBLVGRZEQLLGPIEFGBDKXWMZTAGLWFULDFKHZKZQCHITNDDGZBLVMWLPREOYHFDNVRBTBSUFINELORNBCOFDCTHGDMWRAFULSQOYZDJSHZCKJVHULFJYONSERZAMHUKVWRLSYLUHFCD
SYNTHETIC_P10	11	-2773.4788332	-2801.69327613	QAYOSQQMQAW	FEGONLYCHALEXEETTCMBDXLECNRBEABEDENZGTINBKBFVRRZMQMHIPLEIGBNKVEIZTHEFWAUMMHKKLOLQMHGBJDXAMIXVMWHPRHADTUDNVZBTVSHMANEMORNECTRTCTFGDMQJYMUGSQOYZGUXTZMKJVHUFMHYONSFREACTYKVWRJSVLOBQOG
SYNTHETIC_P10	11	-2775.43032646	-2803.64476939	MOMYIQSAIEE	NKMONLYILLHBLSETTCATHFAKINRBDGFCMABNGTIPPCFNVKRZEQLAMPHEXGBDKXSAZTJKLWFULFLIGHCZQCHIPBHFCFBLVMWAPRDWRHFDNVNBTDSAFINELORNACHFDCTHGDMYLEFULSQOYZCQKHZCKJVHUNUAYONSERILLOMKVWRLSNPWDJKV
SYNTHETIC_P10	11	-2776.08263922	-2804.29708215	QWMOIKKEOSW	FGMONTYGIELETSETMCEZVXLRINREHECIDEINGTCHTITFVGRZEQULQPLEFGBDKOWHZTHGLWFUCDIXKLKZQCHATHUXAZBXVCWLPRHAYHUDHVRBTVSUFANHCORNECOFTCNZGDMQJAFULAQOYZGUSHZCFJVHUFMJYONSIRFECTUKVWRDSTDOBFOD
SYNTHETIC_P10	12	-2728.62582874	-2759.40522103	UWCIWMCGQAIK	RHANTFVMNJMLISIFTOCHADJKDRIIIDDLMCEBUHTBTAXHZYARGUMMEWSAIKSVOLGAPYSGIRYISEXEEHELUFYQKLULXXSZKKFCRSGRROUNQVDEBTAHZEQJFMKVEHSZSMVYALLMOREVEMZFUTISMYZGGFAPRHDGTVERTAIVXTKINCFKLQAWYLMZ
SYNTHETIC_P10	12	-2733.09264183	-2763.87203412	UWCIWAUGKYIK	RHANTLVMIKMLISIFTCCHVBJKDRIIIJHLCDEBUHTBTOPHTWARGUMMEWSALLSVOLGAPYSGCPYISEXEEASLUGYQKLULXLLZKKFCRSGRROUNQVDEBTAHZEQJFMKVEHSZSFVYDMLMOREVEAZFORISMYZGGLEPRIDGTVERTOAVXRKINCFKLQAWYLMZ
SYNTHETIC_P10	12	-2733.13648605	-2763.91587834	UWCIWAUGQOYK	RHANTLVMNCELISIFTCCHARZKDRIIIJHLMIVBUHTBTOPHZMRRGUMMEWSAIDSVOLGAPYSGIFYISEXEEASLULYQKLULXLLZKKFCRSGRROUNQVIEBTAHZEQJFMAVEHSZSFVYAEDMOREVEAZFUHYSMYZGGLEPRAIGTVERTOAVXHAINCFKLQAWYLMZ
SYNTHETIC_P10	12	-2733.86124372	-2764.64063601	UWYIOQUSYYIK	RHCNTDVGBKMLISEFTSCTJBJKDRKIMBHFIDEBUHTBLEPTHWARGUBMIWSHELSVOLCAHYSGQPYISELEINSFUGYQKLRLPALLKKFCRSIRROUNQVDEBTWHZEQJFMKVEHSZSKVYJMLMOREVEQZFCRISMYZGKDEPRIDGTVERLEAVXRKINCHKCQAWULEZ
SYNTHETIC_P10	12	-2737.21966982	-2767.99906211	UWCIWAUKQOSG	RHANTLVKNCHQISIFTCCLARTHDRIIIJHJMIMTUHTBTOPLZMKMGUMMEWSLIDSVOLGAPYSGIFYISEXEEASOULYQKLULXLLCKKFCRSGRROUNQVLGBTAHZEQJFMUREHSZSFVYAEGBOREVEAZFUHSOMYZGGLEPRALITVERTOAVXHUENCFKLQAWYLMZ
SYNTHETIC_P10	12	-2740.13515615	-2770.91454844	UWIIESOGQOKY	RHKNTCVMNCLEISOFTUCHARLYDRFIEARLMIDHUHTBBGIHZMCFGUJMAWSAIDSVOLMAXYSGIFYISEGEPELLULYQKLBLEDEZKKFCRSDRROUNQVCKBTGHZEQJFMMJEHSZSJVYAEKFOREVESZFUHKGMYZGCCHPRACYTVERBGUVXHMXNCCKHQAWELUZ
SYNTHETIC_P10	12	-2740.36466551	-2771.1440578	UEWIOQIGQOCG	RDONTDVMNCCQIADFTSCHARDHDRLIMBALMIHTUHTBLEDHZMUMGUNMIWSAIDSVOLBAHYSGIFYISAMEINBLULYQKTPLPAYZKKFCRSJRROUNQVGGBTUHZEQJFMEREDSZSKVYAEBBOZEVEQZFUHCOMYZGKDKPRAGITVERLEOVXHEENLIKCQAESLEZ
SYNTHETIC_P10	12	-2741.79138899	-2772.57078128	UWYIUKUQSOYK	RHCNTGVHECELISEFTMCRDRZKDRKIJEHGLIVBUHTBRYPRBMRRGUBMFWSIHDSVOLCANYSGKFYISELEFISGULYQKLRLVVLJKKFCRSIRROUNQVIEBTWHZEQJFMAVEHSZSSVYMEDMOREVELZFWHYSMYZGHGEPRAIGTVERRYAVXHAINCHKMQAWULKZ
SYNTHETIC_P10	12	-2742.35470343	-2773.13409572	UWUEWMCGQAIK	RHENTFVMNJMLISAFTOCHADJKDRMKIDDLMCEBUHTXTAXHZYARGUDBEWSAIKSVOLYWPYSGIRYISEAGEHELUFYQKLNHXXSZKKFCRSKRROUNQVDEBTSHZEQJFMKVEHSZSMVYALLMOREVEMZFUTISMYZIGFAPRHDGTVENTAIVXTKINCJMLQAWQHMZ
SYNTHETIC_P10	12	-2742.92872667	-2773.70811896	AOCIWMCGQOCI	ESANTFVMNCCMPLIFTOCHARDINRIIIDDLMIHCBHTBTAXHZMUPDUMMEWSAIDSVULGAPYSGIFYIFIXEEHELULYQRDULXXSZKKFCRSGRROUNQVGWBTAHZEQJFMESBLSZSMVYAEBAUJEVEMZFUHCQJYZGGFAPRAGHTVERTAIVXHEGAGFKLQHOYLMZ
SYNTHETIC_P10	13	-2698.97252131	-2732.31686295	MWMAWOKUWOSCW	MDHTYVPDLJHMKASTFSRDVHRSCOZIDEDUKLILWARTPIPROSSPUTULDSQDMLVHFREMEEYTHPEYJJFTOHOUMYQTGJKZLJVCPKLEDGERJDFQVUDSHAYKCFUAGEMPLOLDNOTDELLAFHESLEYZRNIMERXQZFPJUHVEONSNGZIDIOWQLUXROTPEOFCT
SYNTHETIC_P10	13	-2708.15659428	-2741.50093592	MWMAWOWQACSCW	MDHTYVPFJCHMKASTFSRDRLFSCOZIDEDUPAGEWARTPIPROFOTITULDSQDMLVJDREMEEYTHPEYJNFTOHOUMYQTALIZLJVCPKLEDSARJDFQVUDSHAYMALUAGEMPLOLDJSHDELLAFHESFGYZRNIMERXQZRLJUHVEONSNGZNNGOWQLUXROTABSFCT
SYNTHETIC_P10	13	-2710.28482151	-2743.62916316	MWMAWOWAQOSCW	MDHTYVPNBJHMKASTFSRDABRSCOZIDEDUPILLWARTPIPROFYJUTULDSQDMLVEIREMEEYTHPEYJDFTOHOUMYQTAGAZLJVCPKLEDSKRJDFQVUDSHAYHFFUAGEMPLOLDTITDELLAFHESFBYZRNIMERXQZRVJUHVEONSNGZNALOWQLUXROTAKIFCT
SYNTHETIC_P10	13	-2712.33491993	-2745.67926158	WIKAWOKUWYEKU	SKITYVPDLEBILLERFSRDVHBEKMZCEEDUKLIGHORTBGPROSSPEEDLLSQDMLVHFRLIPOYTHPEYJJFFWEDDAYQTGJKZUFLNAKLEDGERJONPVUESHAYKCAUJREMNLOLDNODDMIGHGHESLEYZRNJWQPXQZFPJUHVCONSNGZIDIOWQLUXROTPEOFCT
SYNTHETIC_P10	13	-2714.25823355	-2747.60257519	MSIUIQGUWYSCW	MFJTYAPDLEHMKAOPFSSDVHBSCOZKFROMMLIGWARTLEICROSPETULDSQGGKVHFREMEEYTHBGYJJFTOHOLBYQTIJKZLJVCKKLEDCERJDFQVUFIBMYKCAUAGEMLEANDNODDELLCHKLSAEYZRNIMANRCZBPJUHVEONSNAZKDIOWQLUXRATLEOFCT
SYNTHETIC_P10	13	-2714.97091484	-2748.31525649	MWMECQWAQOSCW	MDHTYAPNBJHMKASTFSSDABRSCOZIDCAMPILLWARTPITXRFYJUTULDSQBXKVEIREMEEYTHUGYJDFTOHOUMYQTAGAZLJVCPKLEDSKRJDFQVUDDEMYHFFUAGEMPOUNDTITDELLAFFBSFBYZRNIMERBWZRVJUHVEONSNDZNALOWQLUXRUTAKIFCT
SYNTHETIC_P10	13	-2719.11511707	-2752.45945872	WIKEIQGUWYEKU	SKITYAPDLEBILLERFSSDVHBEKMZCECOMMLIGHORTBGTCROSPEEDLLSQBGKVHFRLIPOYTHBGYJJFFWEDDAYQTIJKZUFLNAKLEDCERJONPVUEDBMYKCAUJREMNOANDNODDMIGHGFLSAEYZRNJWQPBCZBPJUHVCONSNAZKDIOWQLUXRATLEOFCT
SYNTHETIC_P10	13	-2719.27585268	-2752.62019433	WOMAWOKUWIKCC	SHHTYVPDLMLMHLKTFSRDVHLKCUZMDEDUKLIBEARTHIPROSSPOKULLSQDMLVHFRIMBOYTHPEYJJFLONDAMYQTGJKZCJHNGKLEDGERJVFXVUDSHAYKCIUADEMPLOLDNONDERGYFHESLEYZRNFWXRXQZFPJUHVKONSNGZIDIOWQLUXROTPEOFCT
SYNTHETIC_P10	13	-2720.06034088	-2753.40468253	AMMAWOWAQOKCW	FIHTYVPNBJLMKOITFSRDABRKCOZADEDUPILLEARTFIPROFYJUKULWSQDMLVEIRIMETYTHPEYJDFLOHBBMYQTAGAZCJVREKLEDSKRJVFQVUDSHAYHFFUAGEMPLOLDTITDELEFFHESFBYZRNIAURXQZRVJUHVEONSNGZNALOWQLUXROTAKIFCT
SYNTHETIC_P10	13	-2721.19489527	-2754.53923691	MSIOIQSUYCSCW	MFJTYAPDKCHMKAOPFSSDVJFSCOZKFKOMGLHEWARTLEDCRASRITULDSQJGKVHEREMEEYTHBGYJLFTOHOLBYQTCJJZLJVCKKLEDOERJDFQVUFLBMYKBLUAGEMLYANDNQHDELLCHALSHEYZRNIMANLCZNPJUHVEONSNAZEDHOWQLUXRATXEQFCT
SYNTHETIC_P10	14	-2707.58806801	-2743.49735901	AOEOSEUYAISMGM	BGEYVANKDMECILOLLESHDZLKSMYHEOFIMEIKBARGYVXCZOADMEABLYAKFBRQINDDERADEUSEYJFFULKLMATQGBZUBGUKNPRMURWYRJDHOFDEVZATMAMKEPESFISSVFTTDRGGDNUDEUFNNTHEZIRMBLIUUFHUMFSUFGWXZVWEAGEHAQHOARIZ
SYNTHETIC_P10	14	-2710.34066868	-2746.24995968	AOEOSEOCUYKKIA	BGEYVANIGEIDHEOLLESHDDFAKKAVEOFIMELIEFRHYVXCZOADGIURLYAKFBRQINGBHREEDUSEYJFFOPELEYVQGBZUBGAINDRAURWYRJDHJJDVVXATMAMKEPHSIASSVLTTDRGGDNOTEUFBNTHEZIRKEDMUULHUMFSUFKQNRVWSAGEHAQHOARIZ
SYNTHETIC_P10	14	-2714.6296277	-2750.53891871	AOEOSEOCUYSMGM	BGEYVANIGEECILOLLESHDDFASMYHEOFIMELIEFRGYVXCZOADGIURLYAKFBRQINGBHRADEUSEYJFFOPELMATQGBZUBGAINDRMURWYRJDHJJDVVZATMAMKEPHSIASSVFTTDRGGDNOTEUFNNTHEZIRKEDIUUFHUMFSUFKQNZVWEAGEHAQHOARIZ
SYNTHETIC_P10	14	-2714.63558149	-2750.5448725	AOEOSMSSUYUAQQ	BGEYVJNWGEDIDJOLLESPDSFAUAILEOFIMASAEFRMYVXCZOALLYURLYAKFBRQINEPHRMJMUSEYJFFSEELOODQGBZUBCLANDRFURWYRJDPNZDVVNATMAMKEPFSIASSVDTTDRGGDNOTEUFRNTHEZERCEDHUUDHUMFSUFAQNBVWIAGEHAQHOARIZ
SYNTHETIC_P10	14	-2715.73722887	-2751.64651987	AGEWSEOCUYYAAM	BKEYVANIGEBILLODLESHDDFAYASHELFEMELIEFRMYVXVZWADGIURLYAKFFRQINGBHRWJHUSWYJFFOPELTONQGVZUBGAINDRFURWRRJDHJJDVVNATMEMGEPHSIASSVFTLDZGGDNOTEUFNNTHAZIRKEDFUUFHUMNSUFKQNFVWEAKEDAQHGAZIZ
SYNTHETIC_P10	14	-2715.75683403	-2751.66612503	UOEOSEUEGISUAO	EGEYVANHAMELLRILLESHDFRKSUSIHOFIMEIHLARCYVRCZOADMKGBLYAKIBRQINDABRAMHUMEYJFFURQLMINQJBZUBGUHNPRIURQYRJDHOLDEVHATCAMKEPESCISSVENTDRGGDNADEUFPNTHEZIRJOLIUUEHUMFSUFMDXZVWGNGEHAQAOARIZ
SYNTHETIC_P10	14	-2716.91581774	-2752.82510874	UOEOSEUIUYKMIO	EGEYVANFGEICHRILLESHDJFAKMAIHOFIMEIFEFRGYVRCZOADMOURLYAKIBRQINDLHREDDUMEYJFFUVELEAVQJBZUBGUFNDRMURQYRJDHOPDVVZATCAMKEPESIASSVENTDRGGDNOTEUFPNTHEZIRHEDMUUEHUMFSUFQQNRVWGNGEHAQAOARIZ
SYNTHETIC_P10	14	-2718.005826	-2753.915117	AGEWSQUGUYCAAM	BKEYVHNGGEMILLODLESTDHFACASHELFEMLIGEFRMYVXVZWAPMMURLYAKFFRQINDMHRIJHUSWYJFFUTELWONQGVZUBAUGNDRFURWRRJDTONDVVNATMEMGEPESIASSVFTLDZGGDNOTEUFNNTHAZCRIEDRUUFHUMNSUFOQNIVWEAKEDAQHGAZIZ
SYNTHETIC_P10	14	-2718.65974903	-2754.56904004	UOEOSEUYAIKUAO	EGEYVANKDMILLRILLESHDZLKKUSIHOFIMEIKBARCYVRCZOADMEABLYAKIBRQINDDEREMHUMEYJFFULKLEINQJBZUBGUKNPRIURQYRJDHOFDEVHATCAMKEPESFISSVENTDRGGDNUDEUFPNTHEZIRMBLMUUEHUMFSUFGWXRVWGNGEHAQAOARIZ
SYNTHETIC_P10	14	-2718.66922235	-2754.57851336	UOEAAQUGUYCAAO	EGEYVHNGGEMILRILLESTDHFACASIHOFCILIGEFRMYVRCZAIPMMURLYAKIBRQENDMHRIJHUMEYJNFUTELWONQJBZUKAUGNDRFURQYRJLTONDVVNATCAMEAPESIASSVENTDDOGDNOTEUFPNTHLZCRIEDRUUEHUMRSUFOQNIVWGNGEOJQAOACQZ
SYNTHETIC_P10	15	-2713.30963182	-2751.78387219	YUSICCKSSSOOCQY	BJCVPMWHHEBEDSENRYETFDTCUOOVKDDLKBIAMIZYVRDEVSUBGUILLLYALUXFBNGADWELLSIXHPBLETUNKEHERJHTERWNPASURRFUNQHUWSADFVPBTQGZFRIFAISVYHYGICEABKETOEVFCZFWKPXGNTIUCKMENRZNGTABEFUXBEBLUXRGSHAR
SYNTHETIC_P10	15	-2714.71654129	-2753.19078165	YUSICCKSEEOOCQY	BJCVPMWHBLBEDSENRYETFDTOGOOVKDDLKBIAMIZYVRDEVSUBGUILLLYALUXFBNGADWELFSIXHPBLETUNKEHQRJHTERWNPASURROUNQHUWSADFVPBTDGZFRIFAISVYHYGRYEABKETOEVFCZFJXPXGNTIUCKMENRZNGTABEFUXBEBLUXRGSHAR
SYNTHETIC_P10	15	-2717.10177755	-2755.57601792	KUAMAOSEEQOIOEY	IJLVPGWBBFBHKDEZRGETRDFOSOIHZDPLGSWHICZYVRKKVFUJLTUTXLYALGLFINCLEWAFFSIXBABXEBYLKMTQRJHFTRENPRSARROUNQBUWFADIVABTDGZFRIFHISVYBYARDEDIDEFOEVFOZFJIPRSBTCULIALNRZNGTHHERUXFCNLUXRGSTOR
SYNTHETIC_P10	15	-2717.90265989	-2756.37690025	YUSICCKSSMQGQWY	BJCVPMWHHHVIRHENRYETFDTCORGIRDDLKBIAMIZYVRRBVSUBGUILLLYALJDFBNGADWELLSHXAEBLETUNKEHERLHHLRWNPASURRFUNQAUWSADFVPBTQGZFRIFAISVYHYGIFDUHHETOEVFCZFWEROUTTIUCKMENRZNFTGLEFUXBEBLUXRISVGR
SYNTHETIC_P10	15	-2719.76701927	-2758.24125963	KUYUACKSSAQOCQY	IJMVPMWHHAVEDSEZREETFDTCCROVKDPLHIWAMIZYVRDEVFUHSTILLLYALUXFINDHEWELLSHXHPBXEZGLKEHERLHTERENPHSURRFUNQHUWFADRVPBTQGZFRIFHISVYHYGILDABKEFOEVFCZFWSRXGNTCUMEAENRZNFTABERUXNCBLUXRISHAR
SYNTHETIC_P10	15	-2719.88599062	-2758.36023098	YUCUMCKSSAKGOEY	BJKVPMWHHADIKDENRIETFDTCCKGHZDDLFIDAMIZYVRKKVSULSEILLLYALGLFBNBHLWELLSPXBABLEDGXKEHEREHFTRWNPHSURRFUNQBUWSADRVPBTQGZFRIFAISVYHYGILGUIDETOEVFCZFWSLOSBTIUKEHENRZNITHHEFUXNOBLUXRCSTOR
SYNTHETIC_P10	15	-2721.1961174	-2759.67035776	YUSUACKSSAKOMOY	BJCVPMWHHADELLENRYETFDTCCKOFJDDLKIWAMIZYVRLFVSUBSTILLLYALEVFBNGHEWELLSPXCIBLETGLKEHEREHDDRWNPHSURRFUNQCUWSADRVPBTQGZFRIFAISVYHYGILGAJSETOEVFCZFWSLXQKTIUCEAENRZNITICEFUXNCBLUXRCSRYR
SYNTHETIC_P10	15	-2724.54114199	-2763.01538235	KUAMAOSQYUASOEY	IJLVPGWIEDICKDEZRGETRDRIWASHZDPLGSWHIRZYVRKKVFUJLTUTILYALGLFINCLEWAMISCXBABXEBYLKMFKRVHFTRENPRSARRCUNQBUWFADIVABTWGZFRIFHISVYBYHFBLLIDEFOEVFOZFCMBBSBTCULIALNRZNATHHERUXFCNLUXRSSTOR
SYNTHETIC_P10	15	-2725.75828552	-2764.23252588	YUSICCKSEAOIEWY	BJCVPMWHBABHCHENRYETFDTOCOIXRDDLKBIAMIZYVRCBVSUBGUILLLYALWDFBNGADWELFSIXGEBLETUNKEHQRJHVLRWNPASURROUNQGUWSADFVPBTDGZFRIFAISVYHYGRLEDAHETOEVFCZFJSPRITTIUCKMENRZNGTMLEFUXBEBLUXRGSJGR
SYNTHETIC_P10	15	-2725.94509983	-2764.41934019	YUSMAOSEEGASOEY	BJCVPGWBBKICKDENRYETRDFOIASHZDDLKSWHICZYVRKKVSUBLTUTXLYALGLFBNGLEWAFFSCXBABLETYLKMTQRVHFTRWNPRSARROUNQBUWSADIVABTDGZFRIFAISVYBYARILLIDETOEVFOZFJYBBSBTIUCIALNRZNATHHEFUXFCNLUXRSSTOR
SYNTHETIC_P10	16	-2683.20840168	-2724.2475914	WKGSYQYECSMMUICM	IGFGNWQBMMFLIMEHLGMETSDEMUMNNDGOHELIFEYVRRGCQDNQEIYZZJKYBKFTERGALWELSPLVBEMIKBKKGKBGKRTHTHEPUTTEROENQVUWSSUYKJZBBSEHZEQJEMOWNEDFAGEGGICYLINTWYLEADHADNTZWNJUGVKDHNBDBNTOIHPTKDRECTIT
SYNTHETIC_P10	16	-2684.47086954	-2725.51005926	WSASKQGIIAOMUICM	ICIGNWQMJIELIMEHLOGETSDISCONNDGOHABIMEYVRRFCQDNQEQSZLJKYBKHTERGALWHLAPHVLALIKBKKGKVGXRBHZPGPUTTEROHNQVUWSSAYKJZBBSYHZEQJEMRWNEDFACHGAILYIENTWYLEALBAPNBZCVJUGVKDHNEDINTOFDPTEDDECTOB
SYNTHETIC_P10	16	-2691.49683285	-2732.53602257	WSAIOQYECSMMUICM	ICILNWQBMMFLIMEHLOGETSDEMUMNNDGOHABAKEYVRRGCQDNQEQSPPJKYBKFTERGALWHDLPLVBEMIKBKKGKVWBRTHTHEPUTTEROHNQVUWSSUYKJZBBSYHZEQJEMOWNEDFACHLLICYLINTWYLEALBQTNTZWNJUGVKDHNEIGNTOIHPTETHECTIT
SYNTHETIC_P10	16	-2694.65179586	-2735.69098558	WSAGMQGOWAYASICM	ICIMNWQJCIMESMEHLOGETSDOGCYBKDGOHABBLEYVRRAIQDNQEQSNNJKYBKRHERGALWHEMPHVEAGOLBKKGKVUZRBHNPQCSTTEROHNQVUWSSILLJZBBSYHZEQJEMBLLEDFACHMMILYBENTWYLEALBORNBZQVJUGVKDHNEJHNTOLDPTERFECTCB
SYNTHETIC_P10	16	-2697.82161188	-2738.8608016	WUOSKIUOWAYASICM	IBBGNFQJCIMESMEHLQUETLDOGCYBKDGOHWHIMIYVRRAIQDNQETGZLBKYBKRHERGALWALAPAVEAGOLBKKGKJGXRPHNPQCSTTEROANQVUWSSILLJZBBSMHZEQJEMBLLEDFABUGAMEYBENTWYLEANOAPFPZQVJUGVKDHNKDINTOLDPTSDDECTCB
SYNTHETIC_P10	16	-2698.68298054	-2739.72217026	WKACASYECSMMUICM	IGIBNAQBMMFLIMEHLGGETVDEMUMNNDGOHEBREDYVRRGCQDNQEISIBLKYBKFTERGALWHGFPLVBEMIKBKKGKVQNRTHTHEPUTTEROHNQVUWSSUYKJZBBSYHZEQJEMOWNEDFAGHBFHCYLINTWYLEADBKFPTZWNJUGVKDHNELANTOIHPTENTECTIT
SYNTHETIC_P10	16	-2699.20702982	-2740.24621954	UKAASOYACSMCUCWM	JGICNCQDMMFDICHHJGGETRDAMUMDNXAOIEBEIFYVRRGHQGNQCISHTHKYBKFJELGAMWHUJPLVBEMAKEAKEKVPFRTHTHEFUNNEROHNQVUWSSUKKMZBBSYHZEQJEMONNYDFBGHCJJCYLINTWYBEYDBIXLTZWNJUGVEDINEMENTOIHNTELLECTIT
SYNTHETIC_P10	16	-2701.01543427	-2742.05462398	KMAASOYACSMAEIWM	BFICNCQDMMFEDMHHZIGETRDAMUMBXDAOADBEIFYVRRGIQDNQSKSHTHKYBKFHERGAEWHUJPLVBEMOFBAKUKVPFRTHTHECETNEROHNQVUWSSULFJZBBSYHZEQJEMOLXEDFGFHCJJCYLINTWYBEOFBIXLTZWNJUGVEDANEMENTOIHDTELLECTIT
SYNTHETIC_P10	16	-2701.89067745	-2742.92986717	WKACACYICSMMUICM	IGIBNIQMMMFLIMEHLGGETFDIMUMNNDGOHEBRELYVRRGCQDNQEISIBVKYBKFTERGALWHGFPLVBEMIKBKKGKVQNRTHTHEPUTTEROHNQVUWSSUYKJZBBSYHZEQJEMOWNEDFAGHBFCCYLINTWYLEADBKFZTZWNJUGVKDHNELANTOIHPTENTECTIT
SYNTHETIC_P10	16	-2703.03248453	-2744.07167425	WSAGMQGOKIKIUICM	ICIMNWQJIEGRIMEHLOGETSDOUKKINDGOHABBLEYVRRHEQDNQEQSNNJKYBKDPERGALWHEMPHVKJAKKBKKGKVUZRBHBXCLUTTEROHNQVUWSSCHKJZBBSYHZEQJEMNTNEDFACHMMILYHANTWYLEALBORNBZEDJUGVKDHNEJHNTOEMPTERFECTQJ
SYNTHETIC_P10	17	-2695.04213572	-2738.64627479	AGCOQIWOKIYUGYSYS	LFBNBMQGDHFIAGEDTOCJFSLCOUKZVZSWAAEBLEVRRZDMUDAPAGHTNDGKZALDOFCHBMLXCXHPFBDASHETYTVZUNRXHHWPQKTOMKKEDOWSSUDDCFUKFDPCJSZRIENTTOLDARYCAHGDENTWYZMKYODHEICONVAIUHUFFSUEDDMYVWADAWIWITYT
SYNTHETIC_P10	17	-2704.4511137	-2748.05525278	QGCQQIWOSIAAGGKES	DFBNBMQGMHEFACIATECJFSLCOCKBBZAOGARBLDVRRZMMUAAPEDHINDIKZALLOFIHBELXHXHPFBDAJHDGYTVZUDRXHHWPQTTQTKKEDOWSSUDDCFUKEAPLASZRIENTTOLDATECIZGDJNTWYZMKYOCREEGONLAIUHUFFSUEIDUQVWFDAWIMITYT
SYNTHETIC_P10	17	-2711.03363657	-2754.63777565	YMQWAIMQKIYUGYSOY	MCHNJMQFDHFIAGEITMIXFSLCQUKZVZSWQAFLEAVRRZDMUDAPALERTROKZALDOFCHBMLDDXAPABIMSHETYTVZILRLHRWFSKTOMKKEDVWSSULDHEUKFDPCJSZRIENDTENDARYCAHGDFHTWYZXJYODHEICONTHIUHUUHSUEDDMYVWBAGWDUOHYD
SYNTHETIC_P10	17	-2712.02753401	-2755.63167308	AGOWYCWOKIYUGYSYS	LFINKCQGDHFIAGEDTOCVFSFCOUKZVZSWAAEBFAVRRZDMUDAPAGHTNPOKZALDOFCHBMLXCXBPBEDASHETYTVZUNRJHPQPQKTOMKKEDOWSSUMGCFUKFDPCJSZRIENBNOLDARYCAHGDENTWYZMKYODHEICONVAIUHUFFSUEDDMYVWADHWEWIFYB
SYNTHETIC_P10	17	-2717.54445982	-2761.1485989	SCUMAEWGMIYUGGKEG	CHFNJQQKCHFIACIATGYBFSGCGWKZVZAOGAIRCFVRRZCMUDAPEDALIVEKZALFOFCHBELLPXLPADDEMHETYTVZEERPHRSPINTOMKKEDDWSSULUCJUKFDPLASZRIENDOODDARYCIZGDIMTWYZMBYODHEEGONNXIUHUFXSUEDDUQVWEFEWDOELYD
SYNTHETIC_P10	17	-2718.27433443	-2761.87847351	OSEYQQWOKIYUGMAQS	EMANBIQGDHFIAMAHTCOLFSTCOUKZVZGESAKIKMVRRZDMUDAPJKHHZFQKZALDOFCHBULXIXGPFKDASHETYTVZUBRZHHEPQKTOMKKEDOWSSUDMCFUKFDPIFSZRIENTBOLDARYCOPGDRETWYZMKYODHEBLONINIUHUFFSUEDDAGVWGKMWIKUVYT
SYNTHETIC_P10	17	-2718.35961437	-2761.96375345	MAQWSCWOKIYUGGKES	FIHNACQGDHFIACIATAWXFSFCOUKZVZAOGALEEAVRRZDMUDAPEDHFHROKZALDOFCHBELXJXAPEEDASHETYTVZUZRLHJQPQKTOMKKEDOWSSUCGCFUKFDPLASZRIENVNOLDARYCIZGDLATWYZMKYODHEEGONHVIUHUFFSUEDDUQVWHGGWHICHYV
SYNTHETIC_P10	17	-2723.5481472	-2767.15228628	OSEGQQMGMIYUGGKES	EMANBIQKCHFIACIATCOLFSTCGWKZVZAOGAKIKIVRRZCMUDAPEDHHZFYKZALFOFCHBELXIXGPFKIEMHETYTVZUBRZHHEFINTOMKKEDOWSSUDMHJUKFDPLASZRIENTBEDDARYCIZGDRETWYZXBYODHEEGONINIUHUUXSUEDDUQVWGKMWIKUVYT
SYNTHETIC_P10	17	-2723.8618083	-2767.46594738	YMQWAUWOCGMEYGKCG	MCHNJGQGHILDECIPTMIXFSXCOMINFRAOFAFLEAVRRZHAULEPEEARTROKZALVMFMHBELLDXAPAIDAEIKEYTVZELRLHRIPQDRCXKKEDDWSSULKCFULLLPLASZRIENDFOLDYFICIZGDFHTWYZMKYOJCIEGONTHIUHUFFSUENVUQVWBAGWDUOHYD
SYNTHETIC_P10	17	-2723.9591217	-2767.56326078	QGCQQQICSCYAGGKES	DFBNBIQMMKFFACIATECJFSTCCCEZBZAOGARBLDVRRZMCUAAPEDHINDIKZALLIFIHBELXHXHPFKKGJKEGYTVZUDRXHHEBETNOTKKEDOWSSUDMNZUAFAPLASZRIENTBBYDURECIZGDJNTWYZGDYODREEGONLAIUHURTSUEIDUQVWFDAWIMITYT
SYNTHETIC_P10	18	-2640.0666995	-2686.23578794	UOEIIYMAYKCQMSWKSI	LILWQENIMMEIMEETROILLFTACAINDREMANBTBBRRZVKHNLPWMQFFSVUGLYBLEHESHAGLADLYSOFSHEALTVZUEMUWELLCWKJIDSKKFDJDRJDLCAMANDIFGZSSCCVYGRNLDBBCDDMHCMHNEVFJOPRDDMINSIDENNTOAQSVFREMTUXDEPLUWRKT
SYNTHETIC_P10	18	-2644.46750927	-2690.6365977	IIUYQYMAYKCQQKAYUC	EPNWQENIMMEIKIPHROWEAFTACAINDRIEFABTHERRZVKHNLPWSQDLIVIALYBLEHESHALLERMYBKKGDEALTVZUCDUWDPYXMBRIDSKKFDNVRJFEIDEFFDIFGZSSAGVYFDBFDRICDDMHCMLFEVFCOPRIMMINSIDENNTOMQSVFHMMTUXDEPLUWRMT
SYNTHETIC_P10	18	-2645.5340209	-2691.70310934	MQUIIYMAYKCQMSWKIS	CHNWQENIMMEIMEETROANAFTACAINDREMANBTFARRZVKHNLPWMQFFBVMILYBLEHESHAGLADAYMGKSHEALTVZUEMUWJGCFMKJIDSKKFDJDRJTVGMEANDIFGZSSCCVYLIFNDBBCDDMHCMHNEVFSOPRDDMINSIDENNTOFQSVFREMTUXDEPLUWRAT
SYNTHETIC_P10	18	-2646.88559723	-2693.05468566	UOEIIYMAYKCQQGWASI	LILWQENIMMEIKNEGROILLFTACAINDRIBACBTBBRRZVKHNLPWSQFKSVUGLYBLEHESHALLATLYSOFSHEALTVZUCVUWELLCWKJIDSKKFDNQRJDLCAMANDIFGZSSAIVYGRNLDBBCDDMHCMLBEVFJOPRDDMINSIDENNTOAQSVFREMTUXDEPLUWRKT
SYNTHETIC_P10	18	-2649.29598427	-2695.4650727	IIUYQYWIQKCQQKAYUC	EPNWQENEDMEIKIPHROWEAFTACIANDRIEFABTHERRZVFUNLPWSQDLIVIALYBLOOESHALLERMYBKKGDETHTVZUCDUWDPYXMBRIMAKKFDNVRJFEIDEFFDDSKZSSAGVYFDBFDRICDKEHCMLFEVFCOPRIMMONSIDENNTOMQSVFHMMCUXDEPLUWRMT
SYNTHETIC_P10	18	-2655.31640816	-2701.48549659	IIUKAQMAQKCQQKAYUC	EPNWQINIDMEIKIPHROWEAFTSCAANDRIEFABTHERRZVKHNLPWSQDLIVIALYBLEHESHALLERMYBKKALIALTVZUCDUWDPYXMNBADSKKFDNVRJFEIDEMAHIFKZSSAGVYFDBFDDSUDDEHCMLFEVFCOPRCHDINSIDENNTOMQSVFTWETUXDEPLUWRMT
SYNTHETIC_P10	18	-2655.97161627	-2702.1407047	SQMQGQMAQKCQMSWKSI	MHHWQINIDMEIMEETROGNTFTSCAANDREMANBTCARRZVKHNLPWMQFFSVSILYBLEHESHAGLADLYJGBKIIALTVZUEMUWELIFETHADSKKFDJDRJDLDMIRKHIFKZSSCCVYGRLNDIYUDDEHCMHNEVFJOPRMEDINSIDENNTOAQSVFZCETUXDEPLUWRKT
SYNTHETIC_P10	18	-2658.22806978	-2704.39715822	GQMYQYMAYKCQMSWKMW	FHHWQENIMMEIMEETROUNTFTACAINDREMANBTIARRZVKHNLPWMQFFMVGILYBLEHESHAGLADEYCGBGDEALTVZUEMUWHEWFEBRIDSKKFDJDRJXZZMIFFDIFGZSSCCVYJGYNDRICDDMHCMHNEVFWOPRIMMINSIDENNTODQSVFHMMTUXDEPLUWRET
SYNTHETIC_P10	18	-2659.26641273	-2705.43550117	YQUYQYMAYKCQISAMQA	JHNWQENIMMEIBEPAROMNAFTACAINDRAMFOBTMARRZVKHNLPWBQDEKVYILYBLEHESHACLEFIYGGKGDEALTVZUGMUWNCOFMBRIDSKKFDFDRJADAMEFFDIFGZSSECVYHERNDRICDDMHCMDNEVFAOPRIMMINSIDENNTOBQSVFHMMTUXDEPLUWRIT
SYNTHETIC_P10	18	-2659.68116665	-2705.85025508	YQUQGQMMWKCQMSWKQA	JHNWQINCAMEIMEETROMNAFTSCMGNDREMANBTMARRZVKBNLPWMQFFKVYILYBLETESHAGLADIYGGKKIIAFTVZUEMUWNCOFMTHADEKKFDJDRJADAMERKHIMSZSSCCVYHERNDIYUDPLHCMHNEVFAOPRMEDINSIDENNTOBQSVFZCETUXDEPLUWRIT
SYNTHETIC_P10	19	-2672.7311554	-2721.46519319	SWYMKCOUIEECOEISSUA	GCKQQMVBADBEGATIONRHTFFSECUTHFCGYNVBSHRBVQCMQFWSBQDDERQRAKYBKDIEDGAZKTWAYTHTHIMAVZUXEUWNICBLRHOSHOEKLFDFORJZHDYDRUSHASSVELYPRKYULSHOLDYNGCNJOFUECZFMKTCFUACHANRZNNEACQWOBKKVWRASINGF
SYNTHETIC_P10	19	-2683.02309132	-2731.75712911	SEIMKCOUIEECOEISSUA	GNFQQMVBADBEGATIONRHAPFSECUTHFCGYNVBSHRKVQCMQFWSBQDDERQRAKYBKDIEDGAZKTWAYTHTHEHAVZUXEUWNICBLRHOSPYEKLFDFORJZHDYDRUSDISSVELYPRKYULSHOLDGXGCNJOFUECZFMKTCFUYKHANRZNNEACQWXLKKVWRASINGF
SYNTHETIC_P10	19	-2684.8311677	-2733.56520549	UGYKKCOUIEECOEISYEO	FKKQQMVBADBEGATIONRJDFFSECUTHFCGYNVBSHRJVQCMQFWSBQDDERQRGKYBKDIEDGAZKTWAYTHHGDMBVZUXEUWNICBLRCOUROCKLFDFORJZHDYDBUSCASSVELYPRKYULSEMEDINGCNJOFUECZFMKZNTUICIANRZNNEACQWYBIKVWRASINGF
SYNTHETIC_P10	19	-2689.40524864	-2738.13928643	SWYWUAOOIEECOEISSUA	GCKQQAVEADBEGATIONRHTFFSCCOTHFCGYNVBSHRBVQKAQIWSBQDDERQRAKYBKNGEXGAZKTWAYTHTHIMIVZUXEUWNICBLRHOSHOOKLFDFORJZHDYDRUSHASSVEBYPRKYULSHOLDYNGCNJIFUECZFMKTCFUACCINRZNNEACQWOBUKVWRASINGF
SYNTHETIC_P10	19	-2692.36629105	-2741.10032884	UGYKKCOUIEECAIQYYEO	FKKQQMVBADBEALLFONRJDFFSECUTHFCSCUBBSHRJVQCMQFWSBQKBARQRGKYBKDIEDGAZKFAIYTHHGDMBVZUXEUWNCASIRCOUROCKLFDFORJLLKEDBUSCASSVELYPRKYUHGEMEDINGCNJOFUECZFURZNTUICIANRZNNEAWQWYBIKVWRASINTF
SYNTHETIC_P10	19	-2692.84904051	-2741.5830783	QGYGUCOUIEECOEISYEO	PKKQQMVBADBEGATIONREDFFSECUTHFCGYNVBSHRJVQKMQFWSBQDDERQRGKYBKNIEDGAZKTWAYTHHIDMDVZUXEUWNICBLRCOQROYKLFDFORJZHDYDBUSCASSVELYPRKYULSEMEDINGCNJOFUECZFMKZNTUICKINRZNNEACQWYBEKVWRASINGF
SYNTHETIC_P10	19	-2697.75357246	-2746.48761026	QGYGUCOUIEECAIQYSUA	PKKQQMVBADBEALLFONREDFFSECUTHFCSCUBBSHRJVQKMQFWSBQKBARQRAKYBKNIEDGAZKFAIYTHTIDMDVZUXEUWNCASIRHOQROYKLFDFORJLLKEDRUSCASSVELYPRKYUHGHOLDINGCNJOFUECZFURTCFUICKINRZNNEAWQWYBEKVWRASINTF
SYNTHETIC_P10	19	-2699.87649918	-2748.61053697	QGYKKCOUAMQEAIQYSUA	PKKQQMVBEMIDALLFONREDFFSECULPRESCUBBSHRJVQCMQFWSIQKBARQRAKYBKDIEDGALKFAIYTHTIDMBVZUXIBWNCASIRHOQROCKLFDXXRJLLKEDRUSCASSVELYPRJYUHGHOLDINGCNJOFUEEZFURTCFUICIANRZANLMWQWYBIKVWRTSUPTF
SYNTHETIC_P10	19	-2700.07741594	-2748.81145373	UGYKKCOUIEECOEWYYEO	FKKQQMVBADBEGAIFONRJDFFSECUTHFCGYABBSHRJVQCMQFWSBQDDKRQRGKYBKDIEDGAZKTWOYTHHGDMBVZUXEUWNICHIRCOUROCKLFDFORJZHREDBUSCASSVELYPRKYUEGEMEDINGCNJOFUECZFARZNTUICIANRZNNEACQWYBIKVWRASINGF
SYNTHETIC_P10	19	-2704.00631857	-2752.74035636	SWYMKCOUIEECAAIYYUA	GCKQQMVBADBEACTFONRHTFFSECUTHFCSUNBBSHRBVQCMQFWSBQKFERQRAKYBKDIEDGAZKFSAYTHTHIMAVZUXEUWNCEBIRHOSHOEKLFDFORJLDDEDRUSHASSVELYPRKYULGEOLDYNGCNJOFUECZFMRZCFUACHANRZNNEAWQWOBKKVWRASINTF
SYNTHETIC_P10	20	-2591.14932871	-2642.44831586	UGWQSSQGIYGGWSGEMWUA	DGFQNMYBBECKETBMHRWMJDDESUCHTBGGONLHBTGLQUCIGASQMXSFGQRNHEREALOWEAGBCLLYOZTHENYIZUXVUANPAGEBRFULQVKWLLFDODRJTBANDOURBSSHLIERYCUMBELIBINTDAZKOBFUETZFNRHPAPAYGRIUINGEENTOFENTABLECTOZ
SYNTHETIC_P10	20	-2591.14932871	-2642.44831586	UGWQSSYGIYGGWSGEMWUA	DGFQNMYBBECKETBMHRWMJDDESUCHTBGGONLHBTGLQUCIGASQMXSFGQRNHEREALOWEAGBCLLYOZTHENYIZUXVUANPAGEBRFULQVKWLLFDODRJTBANDOURBSSHLIERYCUMBELIBINTDAZKOBFUETZFNRHPAPAYGRIUINGEENTOFENTABLECTOZ
SYNTHETIC_P10	20	-2595.61533403	-2646.91432118	UGWQSSIGIYGGWGIYMWUA	DGFQNMYBBECKEDACHRWMJDDESUCHTBGGOANBBTGLQUCIGASQMXSFGQRNHEREALOWEAGBCLLYOZTHENYIZUXVUANPAGEBROUBQVKWLLFDODRJTBANDDULBSSHLIERYCUMBELIBBJTDAZKOBFUETZFNRHPADDYGRIUINGEENTOFENTABLECTOZ
SYNTHETIC_P10	20	-2595.88561821	-2647.18460536	UOAASSUGIYGGWGIYMWUA	DCQQNMYBBECKEDACHRWMJLGESUCHTBGGOANBBTGLQUAQGASQMXSFGQRNHEREALSHEAGBCLLYOZTHENYIZUXVUANPAGEBROUBQVKWLLFDODRJTBANDDULBSSHLECRYCUMBELIBBJTDAZKOJFUETZFNRHPADDYGRIUINEMENTOFENTELLECTOZ
SYNTHETIC_P10	20	-2598.03102016	-2649.33000731	UOAASMYICAOWWSGEMWUA	DCQQNCYREDLCETBMHRWMJLGESOCINDOWONLHBTGLQUAQGDSQCXLKGQRNHEREALSHEUGBWLSOOZTHENYIZUXVUDNPDFAGRFULQVKWLLFDOXRJNDIDDOURBSSHLECRYFULEDHABINTDAZKOJFUENZFHTPFAPAYGRIUINEMENTOIDNTELLECTIB
SYNTHETIC_P10	20	-2605.30528116	-2656.60426831	UKWQSSEGIYGGAGGOMWWA	DEFQNMYBBECKCDBHHRWMJHDESUCHTBGGSALRBTGLQUCIGASQMXSFEQRNHEREALOWEAGBCLLYSZTHENYIZUXVUANPAGEBROUNQVJWLLFDODRJTBANDDUABSUHLGERYCUMBELIMBNTDAZKOFFUETZFNRHPEDAYGRIUINGEENTOFENTABLECTOZ
SYNTHETIC_P10	20	-2605.75165462	-2657.05064177	UOAASSCGIYGGWGGUMWUA	DCQQNMYBBECKEDBEHRWMJLGESUCHTBGGOALXBTGLQUAQGASQMXSFGQRNHEREALSHEAGBCLLYOZTHENYIZUXVUANPAGEBROUDQVKWLLFDODRJTBANDDUHBSSHLECRYCUMBELIBBNTDAZKOJFUETZFNRHPADAYGRIUINEMENTOFENTELLECTOZ
SYNTHETIC_P10	20	-2606.42640591	-2657.72539306	UOAASSYGIQOEASGEMWUA	DCQQNMYBBILLCTBMHRWMJLGESUCHTTOESNLHBTGLQUAQGASQMXLGEQRNHEREALSHEAGBCLSWSZTHENYIZUXVUANPAKACRFULQVKWLLFDODRJTTILDOURBSSHLECRYCUMBIHJMINTDAZKOJFUETZFNJPNEPAYGRIUINEMENTOFINTELLECTOR
SYNTHETIC_P10	20	-2607.58973265	-2658.8887198	UOAASMIICAGGWGIYMWUA	DCQQNCYREDCKEDACHRWMJLGESOCINDGGOANBBTGLQUAQGDSQCXSFGQRNHEREALSHEUGBWLLYOZTHENYIZUXVUDNPDFEBROUBQVKWLLFDOXRJNDANDDULBSSHLECRYFULEDLIBBJTDAZKOJFUENZFHTHPADDYGRIUINEMENTOIDNTELLECTIB
SYNTHETIC_P10	20	-2608.21268749	-2659.51167464	UGWQSSSGIQAAISYEMWUA	DGFQNMYBBIFNLTFMHRWMJDDESUCHTTABANDHBTGLQUCIGASQMXFIAQRNHEREALOWEAGBCLESAZTHENYIZUXVUANPAKHERFULQVKWLLFDODRJTTUHDOURBSSHLIERYCUMBIBLIIBTDAZKOBFUETZFNJBJMPTYGRIUINGEENTOFINTABLECTOR
